codigo_barras,sku,nombre,articulo,variante,color,talle
2000000000909,1-CAMI-M-00AXE-NVST-XXL-NOBR,"00AXE (Navystripes, XXL)",00AXE,"Navystripes, XXL",NVST,XXL
2000000000879,1-CAMI-M-00AXE-NVST-M-NOBR,"00AXE (Navystripes, M)",00AXE,"Navystripes, M",NVST,M
2000000000756,1-CAMI-M-00AXE-BKST-XXL-NOBR,"00AXE (Blackstripes, XXL)",00AXE,"Blackstripes, XXL",BKST,XXL
2000000000725,1-CAMI-M-00AXE-BKST-M-NOBR,"00AXE (Blackstripes, M)",00AXE,"Blackstripes, M",BKST,M
2000000000695,1-CAMI-M-00AXE-BEIG-XL-NOBR,"00AXE (Beige, XL)",00AXE,"Beige, XL",BEIG,XL
2000000000848,1-CAMI-M-00AXE-ECRU-XL-NOBR,"00AXE (Ecru, XL)",00AXE,"Ecru, XL",ECRU,XL
2000000000787,1-CAMI-M-00AXE-BLCK-S-NOBR,"00AXE (BLACK, S)",00AXE,"BLACK, S",BLCK,S
2000000000947,1-CAMI-M-00JOY-BLCK-XL-NOBR,"00JOY (BLACK, XL, no brand)",00JOY,"BLACK, XL, no brand",BLCK,XL
,1-CAMI-M-00JOY-BLCK-S-MANK,"00JOY (BLACK, S, Manki)",00JOY,"BLACK, S, Manki",BLCK,S
2000000000961,1-CAMI-M-00JOY-ECRU-L-NOBR,"00JOY (Ecru, L, no brand)",00JOY,"Ecru, L, no brand",ECRU,L
,1-CAMI-M-00JOY-ECRU-XL-MANK,"00JOY (Ecru, XL, Manki)",00JOY,"Ecru, XL, Manki",ECRU,XL
,1-CAMI-M-00JOY-BLCK-XS-NOBR,"00JOY (BLACK, XS, no brand)",00JOY,"BLACK, XS, no brand",BLCK,XS
2000000000794,1-CAMI-M-00AXE-BLCK-XL-NOBR,"00AXE (BLACK, XL)",00AXE,"BLACK, XL",BLCK,XL
2000000000862,1-CAMI-M-00AXE-NVST-L-NOBR,"00AXE (Navystripes, L)",00AXE,"Navystripes, L",NVST,L
2000000000800,1-CAMI-M-00AXE-BLCK-XXL-NOBR,"00AXE (BLACK, XXL)",00AXE,"BLACK, XXL",BLCK,XXL
2000000000718,1-CAMI-M-00AXE-BKST-L-NOBR,"00AXE (Blackstripes, L)",00AXE,"Blackstripes, L",BKST,L
2000000000688,1-CAMI-M-00AXE-BEIG-S-NOBR,"00AXE (Beige, S)",00AXE,"Beige, S",BEIG,S
2000000000831,1-CAMI-M-00AXE-ECRU-S-NOBR,"00AXE (Ecru, S)",00AXE,"Ecru, S",ECRU,S
2000000000916,1-CAMI-M-00JOY-BLCK-L-NOBR,"00JOY (BLACK, L, no brand)",00JOY,"BLACK, L, no brand",BLCK,L
2000000000954,1-CAMI-M-00JOY-BLCK-XXL-NOBR,"00JOY (BLACK, XXL, no brand)",00JOY,"BLACK, XXL, no brand",BLCK,XXL
,1-CAMI-M-00JOY-BLCK-XL-MANK,"00JOY (BLACK, XL, Manki)",00JOY,"BLACK, XL, Manki",BLCK,XL
,1-CAMI-M-00JOY-ECRU-M-MANK,"00JOY (Ecru, M, Manki)",00JOY,"Ecru, M, Manki",ECRU,M
2000000000992,1-CAMI-M-00JOY-ECRU-XL-NOBR,"00JOY (Ecru, XL, no brand)",00JOY,"Ecru, XL, no brand",ECRU,XL
,1-CAMI-M-00JOY-BLCK-XS-MANK,"00JOY (BLACK, XS, Manki)",00JOY,"BLACK, XS, Manki",BLCK,XS
2000000000893,1-CAMI-M-00AXE-NVST-XL-NOBR,"00AXE (Navystripes, XL)",00AXE,"Navystripes, XL",NVST,XL
2000000000770,1-CAMI-M-00AXE-BLCK-M-NOBR,"00AXE (BLACK, M)",00AXE,"BLACK, M",BLCK,M
2000000000749,1-CAMI-M-00AXE-BKST-XL-NOBR,"00AXE (Blackstripes, XL)",00AXE,"Blackstripes, XL",BKST,XL
2000000000701,1-CAMI-M-00AXE-BEIG-XXL-NOBR,"00AXE (Beige, XXL)",00AXE,"Beige, XXL",BEIG,XXL
2000000000671,1-CAMI-M-00AXE-BEIG-M-NOBR,"00AXE (Beige, M)",00AXE,"Beige, M",BEIG,M
2000000000824,1-CAMI-M-00AXE-ECRU-M-NOBR,"00AXE (Ecru, M)",00AXE,"Ecru, M",ECRU,M
2000000000923,1-CAMI-M-00JOY-BLCK-M-NOBR,"00JOY (BLACK, M, no brand)",00JOY,"BLACK, M, no brand",BLCK,M
,1-CAMI-M-00JOY-BLCK-L-MANK,"00JOY (BLACK, L, Manki)",00JOY,"BLACK, L, Manki",BLCK,L
,1-CAMI-M-00JOY-BLCK-XXL-MANK,"00JOY (BLACK, XXL, Manki)",00JOY,"BLACK, XXL, Manki",BLCK,XXL
,1-CAMI-M-00JOY-ECRU-S-MANK,"00JOY (Ecru, S, Manki)",00JOY,"Ecru, S, Manki",ECRU,S
,1-CAMI-M-00JOY-ECRU-XS-NOBR,"00JOY (Ecru, XS, no brand)",00JOY,"Ecru, XS, no brand",ECRU,XS
,1-CAMI-M-00JOY-ECRU-XXL-MANK,"00JOY (Ecru, XXL, Manki)",00JOY,"Ecru, XXL, Manki",ECRU,XXL
2000000000886,1-CAMI-M-00AXE-NVST-S-NOBR,"00AXE (Navystripes, S)",00AXE,"Navystripes, S",NVST,S
2000000000763,1-CAMI-M-00AXE-BLCK-L-NOBR,"00AXE (BLACK, L)",00AXE,"BLACK, L",BLCK,L
2000000000732,1-CAMI-M-00AXE-BKST-S-NOBR,"00AXE (Blackstripes, S)",00AXE,"Blackstripes, S",BKST,S
2000000000855,1-CAMI-M-00AXE-ECRU-XXL-NOBR,"00AXE (Ecru, XXL)",00AXE,"Ecru, XXL",ECRU,XXL
2000000000664,1-CAMI-M-00AXE-BEIG-L-NOBR,"00AXE (Beige, L)",00AXE,"Beige, L",BEIG,L
2000000000817,1-CAMI-M-00AXE-ECRU-L-NOBR,"00AXE (Ecru, L)",00AXE,"Ecru, L",ECRU,L
2000000000930,1-CAMI-M-00JOY-BLCK-S-NOBR,"00JOY (BLACK, S, no brand)",00JOY,"BLACK, S, no brand",BLCK,S
,1-CAMI-M-00JOY-BLCK-M-MANK,"00JOY (BLACK, M, Manki)",00JOY,"BLACK, M, Manki",BLCK,M
,1-CAMI-M-00JOY-ECRU-L-MANK,"00JOY (Ecru, L, Manki)",00JOY,"Ecru, L, Manki",ECRU,L
2000000000978,1-CAMI-M-00JOY-ECRU-M-NOBR,"00JOY (Ecru, M, no brand)",00JOY,"Ecru, M, no brand",ECRU,M
,1-CAMI-M-00JOY-ECRU-XS-MANK,"00JOY (Ecru, XS, Manki)",00JOY,"Ecru, XS, Manki",ECRU,XS
2000000001005,1-CAMI-M-00JOY-ECRU-XXL-NOBR,"00JOY (Ecru, XXL, no brand)",00JOY,"Ecru, XXL, no brand",ECRU,XXL
2000000000985,1-CAMI-M-00JOY-ECRU-S-NOBR,"00JOY (Ecru, S, no brand)",00JOY,"Ecru, S, no brand",ECRU,S
2000000001029,1-CAMI-M-00MAO-BLCK-M-NOBR,"00MAO (BLACK, M)",00MAO,"BLACK, M",BLCK,M
2000000001241,1-CAMI-M-00MAO-WHIT-XL-NOBR,"00MAO (White, XL)",00MAO,"White, XL",WHIT,XL
2000000001203,1-CAMI-M-00MAO-NAVY-XXL-NOBR,"00MAO (Navy, XXL)",00MAO,"Navy, XXL",NAVY,XXL
2000000001050,1-CAMI-M-00MAO-BLCK-XXL-NOBR,"00MAO (BLACK, XXL)",00MAO,"BLACK, XXL",BLCK,XXL
2000000001104,1-CAMI-M-00MAO-GREN-XXL-NOBR,"00MAO (Green, XXL)",00MAO,"Green, XXL",GREN,XXL
2000000001142,1-CAMI-M-00MAO-NATU-XL-NOBR,"00MAO (Natural, XL)",00MAO,"Natural, XL",NATU,XL
2000000001272,1-CAMI-M-0SANO-BRWN-M-NOBR,"0SANO (Brown, M)",0SANO,"Brown, M",BRWN,M
2000000001319,1-CAMI-M-0SANO-ECRU-L-NOBR,"0SANO (Ecru, L)",0SANO,"Ecru, L",ECRU,L
2000000001265,1-CAMI-M-0SANO-BRWN-L-NOBR,"0SANO (Brown, L)",0SANO,"Brown, L",BRWN,L
2000000034188,1-CAMP-W-00018-BLCK-M-NOBR,"ABBA 00018 (M, nobrand)",ABBA 00018,"M, nobrand",BLCK,M
2000000034232,1-CAMP-W-00018-BLCK-XL-PARK,"ABBA 00018 (XL, Parka)",ABBA 00018,"XL, Parka",BLCK,XL
2000000001173,1-CAMI-M-00MAO-NAVY-M-NOBR,"00MAO (Navy, M)",00MAO,"Navy, M",NAVY,M
2000000001036,1-CAMI-M-00MAO-BLCK-S-NOBR,"00MAO (BLACK, S)",00MAO,"BLACK, S",BLCK,S
2000000001234,1-CAMI-M-00MAO-WHIT-S-NOBR,"00MAO (White, S)",00MAO,"White, S",WHIT,S
2000000001081,1-CAMI-M-00MAO-GREN-S-NOBR,"00MAO (Green, S)",00MAO,"Green, S",GREN,S
2000000001067,1-CAMI-M-00MAO-GREN-L-NOBR,"00MAO (Green, L)",00MAO,"Green, L",GREN,L
2000000001111,1-CAMI-M-00MAO-NATU-L-NOBR,"00MAO (Natural, L)",00MAO,"Natural, L",NATU,L
2000000001159,1-CAMI-M-00MAO-NATU-XXL-NOBR,"00MAO (Natural, XXL)",00MAO,"Natural, XXL",NATU,XXL
2000000001289,1-CAMI-M-0SANO-BRWN-S-NOBR,"0SANO (Brown, S)",0SANO,"Brown, S",BRWN,S
2000000001326,1-CAMI-M-0SANO-ECRU-M-NOBR,"0SANO (Ecru, M)",0SANO,"Ecru, M",ECRU,M
2000000034218,1-CAMP-W-00018-BLCK-S-PARK,"ABBA 00018 (S, Parka)",ABBA 00018,"S, Parka",BLCK,S
2000000034171,1-CAMP-W-00018-BLCK-L-PARK,"ABBA 00018 (L, Parka)",ABBA 00018,"L, Parka",BLCK,L
2000000035895,1-CAMP-W-02003-BLCK-L-NOBR,"ABBA 02003 (BLACK, L, nobrand)",ABBA 02003,"BLACK, L, nobrand",BLCK,L
2000000001166,1-CAMI-M-00MAO-NAVY-L-NOBR,"00MAO (Navy, L)",00MAO,"Navy, L",NAVY,L
2000000001043,1-CAMI-M-00MAO-BLCK-XL-NOBR,"00MAO (BLACK, XL)",00MAO,"BLACK, XL",BLCK,XL
2000000001227,1-CAMI-M-00MAO-WHIT-M-NOBR,"00MAO (White, M)",00MAO,"White, M",WHIT,M
2000000001197,1-CAMI-M-00MAO-NAVY-XL-NOBR,"00MAO (Navy, XL)",00MAO,"Navy, XL",NAVY,XL
2000000001074,1-CAMI-M-00MAO-GREN-M-NOBR,"00MAO (Green, M)",00MAO,"Green, M",GREN,M
2000000001128,1-CAMI-M-00MAO-NATU-M-NOBR,"00MAO (Natural, M)",00MAO,"Natural, M",NATU,M
2000000001296,1-CAMI-M-0SANO-BRWN-XL-NOBR,"0SANO (Brown, XL)",0SANO,"Brown, XL",BRWN,XL
2000000001333,1-CAMI-M-0SANO-ECRU-S-NOBR,"0SANO (Ecru, S)",0SANO,"Ecru, S",ECRU,S
2000000034201,1-CAMP-W-00018-BLCK-S-NOBR,"ABBA 00018 (S, nobrand)",ABBA 00018,"S, nobrand",BLCK,S
2000000034164,1-CAMP-W-00018-BLCK-L-NOBR,"ABBA 00018 (L, nobrand)",ABBA 00018,"L, nobrand",BLCK,L
2000000035901,1-CAMP-W-02003-BLCK-L-PARK,"ABBA 02003 (BLACK, L, Parka)",ABBA 02003,"BLACK, L, Parka",BLCK,L
2000000001012,1-CAMI-M-00MAO-BLCK-L-NOBR,"00MAO (BLACK, L)",00MAO,"BLACK, L",BLCK,L
2000000001258,1-CAMI-M-00MAO-WHIT-XXL-NOBR,"00MAO (White, XXL)",00MAO,"White, XXL",WHIT,XXL
2000000001210,1-CAMI-M-00MAO-WHIT-L-NOBR,"00MAO (White, L)",00MAO,"White, L",WHIT,L
2000000001180,1-CAMI-M-00MAO-NAVY-S-NOBR,"00MAO (Navy, S)",00MAO,"Navy, S",NAVY,S
2000000001098,1-CAMI-M-00MAO-GREN-XL-NOBR,"00MAO (Green, XL)",00MAO,"Green, XL",GREN,XL
2000000001135,1-CAMI-M-00MAO-NATU-S-NOBR,"00MAO (Natural, S)",00MAO,"Natural, S",NATU,S
2000000001357,1-CAMI-M-0SANO-ECRU-XXL-NOBR,"0SANO (Ecru, XXL)",0SANO,"Ecru, XXL",ECRU,XXL
2000000001302,1-CAMI-M-0SANO-BRWN-XXL-NOBR,"0SANO (Brown, XXL)",0SANO,"Brown, XXL",BRWN,XXL
2000000001340,1-CAMI-M-0SANO-ECRU-XL-NOBR,"0SANO (Ecru, XL)",0SANO,"Ecru, XL",ECRU,XL
2000000034195,1-CAMP-W-00018-BLCK-M-PARK,"ABBA 00018 (M, Parka)",ABBA 00018,"M, Parka",BLCK,M
2000000034225,1-CAMP-W-00018-BLCK-XL-NOBR,"ABBA 00018 (XL, nobrand)",ABBA 00018,"XL, nobrand",BLCK,XL
2000000035918,1-CAMP-W-02003-BLCK-M-NOBR,"ABBA 02003 (BLACK, M, nobrand)",ABBA 02003,"BLACK, M, nobrand",BLCK,M
2000000035925,1-CAMP-W-02003-BLCK-M-PARK,"ABBA 02003 (BLACK, M, Parka)",ABBA 02003,"BLACK, M, Parka",BLCK,M
2000000035963,1-CAMP-W-02003-BLCK-XL-PARK,"ABBA 02003 (BLACK, XL, Parka)",ABBA 02003,"BLACK, XL, Parka",BLCK,XL
2000000035840,1-CAMP-W-02003-BEIG-M-PARK,"ABBA 02003 (Beige, M, Parka)",ABBA 02003,"Beige, M, Parka",BEIG,M
2000000035888,1-CAMP-W-02003-BEIG-XL-PARK,"ABBA 02003 (Beige, XL, Parka)",ABBA 02003,"Beige, XL, Parka",BEIG,XL
2000000002514,1-CHOM-M-AIRMY-GREY-L-NOBR,AIRMY (L),AIRMY,L,GREY,L
2000000037653,1-CAMP-W-02055-BEIG-L-PARK,"ALCHEMY 02055 (Beige, L)",ALCHEMY 02055,"Beige, L",BEIG,L
2000000037691,1-CAMP-W-02055-BLCK-L-PARK,"ALCHEMY 02055 (BLACK, L)",ALCHEMY 02055,"BLACK, L",BLCK,L
2000000038582,1-CAMP-W-02070-BLCK-S-PARK,"ALMOND / SHELL 02070 (BLACK, S, Parka)",ALMOND / SHELL 02070,"BLACK, S, Parka",BLCK,S
2000000038674,1-CAMP-W-02070-MONS-XL-NOBR,"ALMOND / SHELL 02070 (Monsoon, XL, nobrand)",ALMOND / SHELL 02070,"Monsoon, XL, nobrand",MONS,XL
2000000038551,1-CAMP-W-02070-BLCK-M-NOBR,"ALMOND / SHELL 02070 (BLACK, M, nobrand)",ALMOND / SHELL 02070,"BLACK, M, nobrand",BLCK,M
2000000038629,1-CAMP-W-02070-MONS-L-PARK,"ALMOND / SHELL 02070 (Monsoon, L, Parka)",ALMOND / SHELL 02070,"Monsoon, L, Parka",MONS,L
2000000023557,1-CAMP-M-01159-GREY-L-PARK,"ALPHA 01159 (grey, L, Parka)",ALPHA 01159,"grey, L, Parka",GREY,L
2000000035932,1-CAMP-W-02003-BLCK-S-NOBR,"ABBA 02003 (BLACK, S, nobrand)",ABBA 02003,"BLACK, S, nobrand",BLCK,S
2000000035871,1-CAMP-W-02003-BEIG-XL-NOBR,"ABBA 02003 (Beige, XL, nobrand)",ABBA 02003,"Beige, XL, nobrand",BEIG,XL
2000000035833,1-CAMP-W-02003-BEIG-M-NOBR,"ABBA 02003 (Beige, M, nobrand)",ABBA 02003,"Beige, M, nobrand",BEIG,M
2000000002521,1-CHOM-M-AIRMY-GREY-M-NOBR,AIRMY (M),AIRMY,M,GREY,M
2000000002538,1-CHOM-M-AIRMY-GREY-S-NOBR,AIRMY (S),AIRMY,S,GREY,S
2000000037660,1-CAMP-W-02055-BEIG-M-PARK,"ALCHEMY 02055 (Beige, M)",ALCHEMY 02055,"Beige, M",BEIG,M
2000000037707,1-CAMP-W-02055-BLCK-M-PARK,"ALCHEMY 02055 (BLACK, M)",ALCHEMY 02055,"BLACK, M",BLCK,M
2000000038575,1-CAMP-W-02070-BLCK-S-NOBR,"ALMOND / SHELL 02070 (BLACK, S, nobrand)",ALMOND / SHELL 02070,"BLACK, S, nobrand",BLCK,S
2000000038681,1-CAMP-W-02070-MONS-XL-PARK,"ALMOND / SHELL 02070 (Monsoon, XL, Parka)",ALMOND / SHELL 02070,"Monsoon, XL, Parka",MONS,XL
2000000038544,1-CAMP-W-02070-BLCK-L-PARK,"ALMOND / SHELL 02070 (BLACK, L, Parka)",ALMOND / SHELL 02070,"BLACK, L, Parka",BLCK,L
2000000038612,1-CAMP-W-02070-MONS-L-NOBR,"ALMOND / SHELL 02070 (Monsoon, L, nobrand)",ALMOND / SHELL 02070,"Monsoon, L, nobrand",MONS,L
2000000023540,1-CAMP-M-01159-GREY-L-NOBR,"ALPHA 01159 (grey, L, nobrand)",ALPHA 01159,"grey, L, nobrand",GREY,L
2000000035949,1-CAMP-W-02003-BLCK-S-PARK,"ABBA 02003 (BLACK, S, Parka)",ABBA 02003,"BLACK, S, Parka",BLCK,S
2000000035864,1-CAMP-W-02003-BEIG-S-PARK,"ABBA 02003 (Beige, S, Parka)",ABBA 02003,"Beige, S, Parka",BEIG,S
2000000035826,1-CAMP-W-02003-BEIG-L-PARK,"ABBA 02003 (Beige, L, Parka)",ABBA 02003,"Beige, L, Parka",BEIG,L
2000000002545,1-CHOM-M-AIRMY-GREY-XL-NOBR,AIRMY (XL),AIRMY,XL,GREY,XL
2000000037677,1-CAMP-W-02055-BEIG-S-PARK,"ALCHEMY 02055 (Beige, S)",ALCHEMY 02055,"Beige, S",BEIG,S
2000000037714,1-CAMP-W-02055-BLCK-S-PARK,"ALCHEMY 02055 (BLACK, S)",ALCHEMY 02055,"BLACK, S",BLCK,S
2000000038636,1-CAMP-W-02070-MONS-M-NOBR,"ALMOND / SHELL 02070 (Monsoon, M, nobrand)",ALMOND / SHELL 02070,"Monsoon, M, nobrand",MONS,M
2000000038643,1-CAMP-W-02070-MONS-M-PARK,"ALMOND / SHELL 02070 (Monsoon, M, Parka)",ALMOND / SHELL 02070,"Monsoon, M, Parka",MONS,M
2000000038537,1-CAMP-W-02070-BLCK-L-NOBR,"ALMOND / SHELL 02070 (BLACK, L, nobrand)",ALMOND / SHELL 02070,"BLACK, L, nobrand",BLCK,L
2000000038605,1-CAMP-W-02070-BLCK-XL-PARK,"ALMOND / SHELL 02070 (BLACK, XL, Parka)",ALMOND / SHELL 02070,"BLACK, XL, Parka",BLCK,XL
2000000023533,1-CAMP-M-01159-BLCK-XXL-PARK,"ALPHA 01159 (BLACK, XXL, Parka)",ALPHA 01159,"BLACK, XXL, Parka",BLCK,XXL
2000000035956,1-CAMP-W-02003-BLCK-XL-NOBR,"ABBA 02003 (BLACK, XL, nobrand)",ABBA 02003,"BLACK, XL, nobrand",BLCK,XL
2000000035857,1-CAMP-W-02003-BEIG-S-NOBR,"ABBA 02003 (Beige, S, nobrand)",ABBA 02003,"Beige, S, nobrand",BEIG,S
2000000035819,1-CAMP-W-02003-BEIG-L-NOBR,"ABBA 02003 (Beige, L, nobrand)",ABBA 02003,"Beige, L, nobrand",BEIG,L
2000000002552,1-CHOM-M-AIRMY-GREY-XXL-NOBR,AIRMY (XXL),AIRMY,XXL,GREY,XXL
2000000037721,1-CAMP-W-02055-BLCK-XL-PARK,"ALCHEMY 02055 (BLACK, XL)",ALCHEMY 02055,"BLACK, XL",BLCK,XL
2000000037684,1-CAMP-W-02055-BEIG-XL-PARK,"ALCHEMY 02055 (Beige, XL)",ALCHEMY 02055,"Beige, XL",BEIG,XL
2000000038599,1-CAMP-W-02070-BLCK-XL-NOBR,"ALMOND / SHELL 02070 (BLACK, XL, nobrand)",ALMOND / SHELL 02070,"BLACK, XL, nobrand",BLCK,XL
2000000038667,1-CAMP-W-02070-MONS-S-PARK,"ALMOND / SHELL 02070 (Monsoon, S, Parka)",ALMOND / SHELL 02070,"Monsoon, S, Parka",MONS,S
2000000038568,1-CAMP-W-02070-BLCK-M-PARK,"ALMOND / SHELL 02070 (BLACK, M, Parka)",ALMOND / SHELL 02070,"BLACK, M, Parka",BLCK,M
2000000038650,1-CAMP-W-02070-MONS-S-NOBR,"ALMOND / SHELL 02070 (Monsoon, S, nobrand)",ALMOND / SHELL 02070,"Monsoon, S, nobrand",MONS,S
2000000023564,1-CAMP-M-01159-GREY-M-NOBR,"ALPHA 01159 (grey, M, nobrand)",ALPHA 01159,"grey, M, nobrand",GREY,M
2000000023526,1-CAMP-M-01159-BLCK-XXL-NOBR,"ALPHA 01159 (BLACK, XXL, nobrand)",ALPHA 01159,"BLACK, XXL, nobrand",BLCK,XXL
2000000023519,1-CAMP-M-01159-BLCK-XL-PARK,"ALPHA 01159 (BLACK, XL, Parka)",ALPHA 01159,"BLACK, XL, Parka",BLCK,XL
2000000023472,1-CAMP-M-01159-BLCK-M-PARK,"ALPHA 01159 (BLACK, M, Parka)",ALPHA 01159,"BLACK, M, Parka",BLCK,M
2000000023632,1-CAMP-M-01159-GREY-XXL-PARK,"ALPHA 01159 (grey, XXL, Parka)",ALPHA 01159,"grey, XXL, Parka",GREY,XXL
2000000023595,1-CAMP-M-01159-GREY-S-PARK,"ALPHA 01159 (grey, S, Parka)",ALPHA 01159,"grey, S, Parka",GREY,S
2000000002569,1-CHOM-M-ANONY-BLCK-L-NOBR,"ANONY (BLACK, L)",ANONY,"BLACK, L",BLCK,L
2000000002583,1-CHOM-M-ANONY-BLCK-S-NOBR,"ANONY (BLACK, S)",ANONY,"BLACK, S",BLCK,S
2000000024691,1-CAMP-M-01175-GREN-L-PARK,"ARCADIA 01175 (Green, L)",ARCADIA 01175,"Green, L",GREN,L
2000000024653,1-CAMP-M-01175-BLCK-M-PARK,"ARCADIA 01175 (BLACK, M)",ARCADIA 01175,"BLACK, M",BLCK,M
2000000021881,1-CAMP-M-00151-BLCK-S-NOBR,"ASGARD 00151 (BLACK, S, nobrand)",ASGARD 00151,"BLACK, S, nobrand",BLCK,S
2000000021928,1-CAMP-M-00151-BLCK-XXL-NOBR,"ASGARD 00151 (BLACK, XXL, nobrand)",ASGARD 00151,"BLACK, XXL, nobrand",BLCK,XXL
2000000023502,1-CAMP-M-01159-BLCK-XL-NOBR,"ALPHA 01159 (BLACK, XL, nobrand)",ALPHA 01159,"BLACK, XL, nobrand",BLCK,XL
2000000023465,1-CAMP-M-01159-BLCK-M-NOBR,"ALPHA 01159 (BLACK, M, nobrand)",ALPHA 01159,"BLACK, M, nobrand",BLCK,M
2000000023625,1-CAMP-M-01159-GREY-XXL-NOBR,"ALPHA 01159 (grey, XXL, nobrand)",ALPHA 01159,"grey, XXL, nobrand",GREY,XXL
2000000023571,1-CAMP-M-01159-GREY-M-PARK,"ALPHA 01159 (grey, M, Parka)",ALPHA 01159,"grey, M, Parka",GREY,M
2000000002606,1-CHOM-M-ANONY-BLCK-XXL-NOBR,"ANONY (BLACK, XXL)",ANONY,"BLACK, XXL",BLCK,XXL
2000000002651,1-CHOM-M-ANONY-ECRU-XXL-NOBR,"ANONY (Ecru, XXL)",ANONY,"Ecru, XXL",ECRU,XXL
2000000002620,1-CHOM-M-ANONY-ECRU-M-NOBR,"ANONY (Ecru, M)",ANONY,"Ecru, M",ECRU,M
2000000024721,1-CAMP-M-01175-GREN-XL-PARK,"ARCADIA 01175 (Green, XL)",ARCADIA 01175,"Green, XL",GREN,XL
2000000024684,1-CAMP-M-01175-BLCK-XXL-PARK,"ARCADIA 01175 (BLACK, XXL)",ARCADIA 01175,"BLACK, XXL",BLCK,XXL
2000000024646,1-CAMP-M-01175-BLCK-L-PARK,"ARCADIA 01175 (BLACK, L)",ARCADIA 01175,"BLACK, L",BLCK,L
2000000021898,1-CAMP-M-00151-BLCK-S-PARK,"ASGARD 00151 (BLACK, S, Parka)",ASGARD 00151,"BLACK, S, Parka",BLCK,S
2000000021935,1-CAMP-M-00151-BLCK-XXL-PARK,"ASGARD 00151 (BLACK, XXL, Parka)",ASGARD 00151,"BLACK, XXL, Parka",BLCK,XXL
2000000023496,1-CAMP-M-01159-BLCK-S-PARK,"ALPHA 01159 (BLACK, S, Parka)",ALPHA 01159,"BLACK, S, Parka",BLCK,S
2000000023458,1-CAMP-M-01159-BLCK-L-PARK,"ALPHA 01159 (BLACK, L, Parka)",ALPHA 01159,"BLACK, L, Parka",BLCK,L
2000000023618,1-CAMP-M-01159-GREY-XL-PARK,"ALPHA 01159 (grey, XL, Parka)",ALPHA 01159,"grey, XL, Parka",GREY,XL
2000000023588,1-CAMP-M-01159-GREY-S-NOBR,"ALPHA 01159 (grey, S, nobrand)",ALPHA 01159,"grey, S, nobrand",GREY,S
2000000002576,1-CHOM-M-ANONY-BLCK-M-NOBR,"ANONY (BLACK, M)",ANONY,"BLACK, M",BLCK,M
2000000002637,1-CHOM-M-ANONY-ECRU-S-NOBR,"ANONY (Ecru, S)",ANONY,"Ecru, S",ECRU,S
2000000002613,1-CHOM-M-ANONY-ECRU-L-NOBR,"ANONY (Ecru, L)",ANONY,"Ecru, L",ECRU,L
2000000024714,1-CAMP-M-01175-GREN-S-PARK,"ARCADIA 01175 (Green, S)",ARCADIA 01175,"Green, S",GREN,S
2000000024677,1-CAMP-M-01175-BLCK-XL-PARK,"ARCADIA 01175 (BLACK, XL)",ARCADIA 01175,"BLACK, XL",BLCK,XL
2000000024738,1-CAMP-M-01175-GREN-XXL-PARK,"ARCADIA 01175 (Green, XXL)",ARCADIA 01175,"Green, XXL",GREN,XXL
2000000021904,1-CAMP-M-00151-BLCK-XL-NOBR,"ASGARD 00151 (BLACK, XL, nobrand)",ASGARD 00151,"BLACK, XL, nobrand",BLCK,XL
2000000021942,1-CAMP-M-00151-NAVY-L-NOBR,"ASGARD 00151 (Navy, L, nobrand)",ASGARD 00151,"Navy, L, nobrand",NAVY,L
2000000023489,1-CAMP-M-01159-BLCK-S-NOBR,"ALPHA 01159 (BLACK, S, nobrand)",ALPHA 01159,"BLACK, S, nobrand",BLCK,S
2000000023441,1-CAMP-M-01159-BLCK-L-NOBR,"ALPHA 01159 (BLACK, L, nobrand)",ALPHA 01159,"BLACK, L, nobrand",BLCK,L
2000000023601,1-CAMP-M-01159-GREY-XL-NOBR,"ALPHA 01159 (grey, XL, nobrand)",ALPHA 01159,"grey, XL, nobrand",GREY,XL
2000000002590,1-CHOM-M-ANONY-BLCK-XL-NOBR,"ANONY (BLACK, XL)",ANONY,"BLACK, XL",BLCK,XL
2000000002644,1-CHOM-M-ANONY-ECRU-XL-NOBR,"ANONY (Ecru, XL)",ANONY,"Ecru, XL",ECRU,XL
,CURVA-ANONY-BLCK-NOBR,ANONYMOUS BLACK — Curva 8u (1S/2M/2L/2XL/1XXL),ANONYMOUS BLACK — Curva 8u,1S/2M/2L/2XL/1XXL,,
2000000024707,1-CAMP-M-01175-GREN-M-PARK,"ARCADIA 01175 (Green, M)",ARCADIA 01175,"Green, M",GREN,M
2000000024660,1-CAMP-M-01175-BLCK-S-PARK,"ARCADIA 01175 (BLACK, S)",ARCADIA 01175,"BLACK, S",BLCK,S
2000000021867,1-CAMP-M-00151-BLCK-M-NOBR,"ASGARD 00151 (BLACK, M, nobrand)",ASGARD 00151,"BLACK, M, nobrand",BLCK,M
2000000021911,1-CAMP-M-00151-BLCK-XL-PARK,"ASGARD 00151 (BLACK, XL, Parka)",ASGARD 00151,"BLACK, XL, Parka",BLCK,XL
2000000021959,1-CAMP-M-00151-NAVY-L-PARK,"ASGARD 00151 (Navy, L, Parka)",ASGARD 00151,"Navy, L, Parka",NAVY,L
2000000021966,1-CAMP-M-00151-NAVY-M-NOBR,"ASGARD 00151 (Navy, M, nobrand)",ASGARD 00151,"Navy, M, nobrand",NAVY,M
2000000022000,1-CAMP-M-00151-NAVY-XL-NOBR,"ASGARD 00151 (Navy, XL, nobrand)",ASGARD 00151,"Navy, XL, nobrand",NAVY,XL
2000000021843,1-CAMP-M-00151-BLCK-L-NOBR,"ASGARD 00151 (BLACK, L, nobrand)",ASGARD 00151,"BLACK, L, nobrand",BLCK,L
2000000025629,1-CAMP-M-01191-BLCK-M-PARK,"ASH 01191 (BLACK, M, Parka)",ASH 01191,"BLACK, M, Parka",BLCK,M
2000000025698,1-CAMP-M-01191-GREN-L-NOBR,"ASH 01191 (Green, L, nobrand)",ASH 01191,"Green, L, nobrand",GREN,L
2000000025773,1-CAMP-M-01191-GREN-XXL-NOBR,"ASH 01191 (Green, XXL, nobrand)",ASH 01191,"Green, XXL, nobrand",GREN,XXL
2000000025759,1-CAMP-M-01191-GREN-XL-NOBR,"ASH 01191 (Green, XL, nobrand)",ASH 01191,"Green, XL, nobrand",GREN,XL
2000000025643,1-CAMP-M-01191-BLCK-S-PARK,"ASH 01191 (BLACK, S, Parka)",ASH 01191,"BLACK, S, Parka",BLCK,S
,CURVA-00AXE-BLCK-NOBR,AXE BLACK — Curva 8u (1S/2M/2L/2XL/1XXL),AXE BLACK — Curva 8u,1S/2M/2L/2XL/1XXL,,
,1-CAMP-M-01155-GREN-3XL-PARK,"AXIS 01155 (Green, 3XL, Parka)",AXIS 01155,"Green, 3XL, Parka",GREN,3XL
2000000022819,1-CAMP-M-01155-GREN-L-PUFE,"AXIS 01155 (Green, L, Puffers)",AXIS 01155,"Green, L, Puffers",GREN,L
2000000022918,1-CAMP-M-01155-GREN-XXL-NOBR,"AXIS 01155 (Green, XXL, nobrand)",AXIS 01155,"Green, XXL, nobrand",GREN,XXL
2000000021973,1-CAMP-M-00151-NAVY-M-PARK,"ASGARD 00151 (Navy, M, Parka)",ASGARD 00151,"Navy, M, Parka",NAVY,M
2000000022017,1-CAMP-M-00151-NAVY-XL-PARK,"ASGARD 00151 (Navy, XL, Parka)",ASGARD 00151,"Navy, XL, Parka",NAVY,XL
2000000021850,1-CAMP-M-00151-BLCK-L-PARK,"ASGARD 00151 (BLACK, L, Parka)",ASGARD 00151,"BLACK, L, Parka",BLCK,L
2000000025612,1-CAMP-M-01191-BLCK-M-NOBR,"ASH 01191 (BLACK, M, nobrand)",ASH 01191,"BLACK, M, nobrand",BLCK,M
2000000025681,1-CAMP-M-01191-BLCK-XXL-PARK,"ASH 01191 (BLACK, XXL, Parka)",ASH 01191,"BLACK, XXL, Parka",BLCK,XXL
2000000025766,1-CAMP-M-01191-GREN-XL-PARK,"ASH 01191 (Green, XL, Parka)",ASH 01191,"Green, XL, Parka",GREN,XL
2000000025742,1-CAMP-M-01191-GREN-S-PARK,"ASH 01191 (Green, S, Parka)",ASH 01191,"Green, S, Parka",GREN,S
2000000025711,1-CAMP-M-01191-GREN-M-NOBR,"ASH 01191 (Green, M, nobrand)",ASH 01191,"Green, M, nobrand",GREN,M
,CURVA-00AXE-NVST-NOBR,AXE NAVY & WHITE STRIPES — Curva 8u (1S/2M/2L/2XL/1XXL),AXE NAVY & WHITE STRIPES — Curva 8u,1S/2M/2L/2XL/1XXL,,
,1-CAMP-M-01155-GREN-3XL-PUFE,"AXIS 01155 (Green, 3XL, Puffers)",AXIS 01155,"Green, 3XL, Puffers",GREN,3XL
2000000022826,1-CAMP-M-01155-GREN-M-NOBR,"AXIS 01155 (Green, M, nobrand)",AXIS 01155,"Green, M, nobrand",GREN,M
2000000022901,1-CAMP-M-01155-GREN-XL-PUFE,"AXIS 01155 (Green, XL, Puffers)",AXIS 01155,"Green, XL, Puffers",GREN,XL
2000000021980,1-CAMP-M-00151-NAVY-S-NOBR,"ASGARD 00151 (Navy, S, nobrand)",ASGARD 00151,"Navy, S, nobrand",NAVY,S
2000000022024,1-CAMP-M-00151-NAVY-XXL-NOBR,"ASGARD 00151 (Navy, XXL, nobrand)",ASGARD 00151,"Navy, XXL, nobrand",NAVY,XXL
2000000021874,1-CAMP-M-00151-BLCK-M-PARK,"ASGARD 00151 (BLACK, M, Parka)",ASGARD 00151,"BLACK, M, Parka",BLCK,M
2000000025704,1-CAMP-M-01191-GREN-L-PARK,"ASH 01191 (Green, L, Parka)",ASH 01191,"Green, L, Parka",GREN,L
2000000025674,1-CAMP-M-01191-BLCK-XXL-NOBR,"ASH 01191 (BLACK, XXL, nobrand)",ASH 01191,"BLACK, XXL, nobrand",BLCK,XXL
2000000025667,1-CAMP-M-01191-BLCK-XL-PARK,"ASH 01191 (BLACK, XL, Parka)",ASH 01191,"BLACK, XL, Parka",BLCK,XL
2000000025735,1-CAMP-M-01191-GREN-S-NOBR,"ASH 01191 (Green, S, nobrand)",ASH 01191,"Green, S, nobrand",GREN,S
2000000025599,1-CAMP-M-01191-BLCK-L-NOBR,"ASH 01191 (BLACK, L, nobrand)",ASH 01191,"BLACK, L, nobrand",BLCK,L
,CURVA-00AXE-ECRU-NOBR,AXE OFFWHITE — Curva 8u (1S/2M/2L/2XL/1XXL),AXE OFFWHITE — Curva 8u,1S/2M/2L/2XL/1XXL,,
2000000022796,1-CAMP-M-01155-GREN-L-NOBR,"AXIS 01155 (Green, L, nobrand)",AXIS 01155,"Green, L, nobrand",GREN,L
2000000022932,1-CAMP-M-01155-GREN-XXL-PUFE,"AXIS 01155 (Green, XXL, Puffers)",AXIS 01155,"Green, XXL, Puffers",GREN,XXL
2000000022895,1-CAMP-M-01155-GREN-XL-PARK,"AXIS 01155 (Green, XL, Parka)",AXIS 01155,"Green, XL, Parka",GREN,XL
2000000021997,1-CAMP-M-00151-NAVY-S-PARK,"ASGARD 00151 (Navy, S, Parka)",ASGARD 00151,"Navy, S, Parka",NAVY,S
2000000022031,1-CAMP-M-00151-NAVY-XXL-PARK,"ASGARD 00151 (Navy, XXL, Parka)",ASGARD 00151,"Navy, XXL, Parka",NAVY,XXL
2000000025636,1-CAMP-M-01191-BLCK-S-NOBR,"ASH 01191 (BLACK, S, nobrand)",ASH 01191,"BLACK, S, nobrand",BLCK,S
2000000025605,1-CAMP-M-01191-BLCK-L-PARK,"ASH 01191 (BLACK, L, Parka)",ASH 01191,"BLACK, L, Parka",BLCK,L
2000000025780,1-CAMP-M-01191-GREN-XXL-PARK,"ASH 01191 (Green, XXL, Parka)",ASH 01191,"Green, XXL, Parka",GREN,XXL
2000000025650,1-CAMP-M-01191-BLCK-XL-NOBR,"ASH 01191 (BLACK, XL, nobrand)",ASH 01191,"BLACK, XL, nobrand",BLCK,XL
2000000025728,1-CAMP-M-01191-GREN-M-PARK,"ASH 01191 (Green, M, Parka)",ASH 01191,"Green, M, Parka",GREN,M
,CURVA-AVALO-UNIC-NOBR,AVALON — Curva 8u (1S/2M/2L/2XL/1XXL),AVALON — Curva 8u,1S/2M/2L/2XL/1XXL,,
,1-CAMP-M-01155-GREN-3XL-NOBR,"AXIS 01155 (Green, 3XL, nobrand)",AXIS 01155,"Green, 3XL, nobrand",GREN,3XL
2000000022802,1-CAMP-M-01155-GREN-L-PARK,"AXIS 01155 (Green, L, Parka)",AXIS 01155,"Green, L, Parka",GREN,L
2000000022925,1-CAMP-M-01155-GREN-XXL-PARK,"AXIS 01155 (Green, XXL, Parka)",AXIS 01155,"Green, XXL, Parka",GREN,XXL
2000000022888,1-CAMP-M-01155-GREN-XL-NOBR,"AXIS 01155 (Green, XL, nobrand)",AXIS 01155,"Green, XL, nobrand",GREN,XL
,1-CAMP-M-01155-BLCK-3XL-PUFE,"AXIS 01155 (BLACK, 3XL, Puffers)",AXIS 01155,"BLACK, 3XL, Puffers",BLCK,3XL
2000000022659,1-CAMP-M-01155-BLCK-L-PARK,"AXIS 01155 (BLACK, L, Parka)",AXIS 01155,"BLACK, L, Parka",BLCK,L
2000000022697,1-CAMP-M-01155-BLCK-M-PUFE,"AXIS 01155 (BLACK, M, Puffers)",AXIS 01155,"BLACK, M, Puffers",BLCK,M
2000000022734,1-CAMP-M-01155-BLCK-XL-NOBR,"AXIS 01155 (BLACK, XL, nobrand)",AXIS 01155,"BLACK, XL, nobrand",BLCK,XL
2000000022772,1-CAMP-M-01155-BLCK-XXL-PARK,"AXIS 01155 (BLACK, XXL, Parka)",AXIS 01155,"BLACK, XXL, Parka",BLCK,XXL
2000000022871,1-CAMP-M-01155-GREN-S-PUFE,"AXIS 01155 (Green, S, Puffers)",AXIS 01155,"Green, S, Puffers",GREN,S
2000000019871,1-CAMP-M-00140-BLCK-M-PARK,"Aioros 00140 (BLACK, M, Parka)",Aioros 00140,"BLACK, M, Parka",BLCK,M
2000000019918,1-CAMP-M-00140-BLCK-XL-PARK,"Aioros 00140 (BLACK, XL, Parka)",Aioros 00140,"BLACK, XL, Parka",BLCK,XL
2000000019956,1-CAMP-M-00140-BLUE-L-PARK,"Aioros 00140 (Blue, L, Parka)",Aioros 00140,"Blue, L, Parka",BLUE,L
2000000019994,1-CAMP-M-00140-BLUE-S-PARK,"Aioros 00140 (Blue, S, Parka)",Aioros 00140,"Blue, S, Parka",BLUE,S
2000000020037,1-CAMP-M-00140-BLUE-XXL-PARK,"Aioros 00140 (Blue, XXL, Parka)",Aioros 00140,"Blue, XXL, Parka",BLUE,XXL
,1-CAMP-M-01155-BLCK-3XL-PARK,"AXIS 01155 (BLACK, 3XL, Parka)",AXIS 01155,"BLACK, 3XL, Parka",BLCK,3XL
2000000022666,1-CAMP-M-01155-BLCK-L-PUFE,"AXIS 01155 (BLACK, L, Puffers)",AXIS 01155,"BLACK, L, Puffers",BLCK,L
2000000022703,1-CAMP-M-01155-BLCK-S-NOBR,"AXIS 01155 (BLACK, S, nobrand)",AXIS 01155,"BLACK, S, nobrand",BLCK,S
2000000022741,1-CAMP-M-01155-BLCK-XL-PARK,"AXIS 01155 (BLACK, XL, Parka)",AXIS 01155,"BLACK, XL, Parka",BLCK,XL
2000000022789,1-CAMP-M-01155-BLCK-XXL-PUFE,"AXIS 01155 (BLACK, XXL, Puffers)",AXIS 01155,"BLACK, XXL, Puffers",BLCK,XXL
2000000022864,1-CAMP-M-01155-GREN-S-PARK,"AXIS 01155 (Green, S, Parka)",AXIS 01155,"Green, S, Parka",GREN,S
2000000019840,1-CAMP-M-00140-BLCK-L-NOBR,"Aioros 00140 (BLACK, L, nobrand)",Aioros 00140,"BLACK, L, nobrand",BLCK,L
2000000019888,1-CAMP-M-00140-BLCK-S-NOBR,"Aioros 00140 (BLACK, S, nobrand)",Aioros 00140,"BLACK, S, nobrand",BLCK,S
2000000019925,1-CAMP-M-00140-BLCK-XXL-NOBR,"Aioros 00140 (BLACK, XXL, nobrand)",Aioros 00140,"BLACK, XXL, nobrand",BLCK,XXL
2000000019963,1-CAMP-M-00140-BLUE-M-NOBR,"Aioros 00140 (Blue, M, nobrand)",Aioros 00140,"Blue, M, nobrand",BLUE,M
2000000020006,1-CAMP-M-00140-BLUE-XL-NOBR,"Aioros 00140 (Blue, XL, nobrand)",Aioros 00140,"Blue, XL, nobrand",BLUE,XL
2000000020044,1-CAMP-M-00140-BRWN-L-NOBR,"Aioros 00140 (Brown, L, nobrand)",Aioros 00140,"Brown, L, nobrand",BRWN,L
,1-CAMP-M-01155-BLCK-3XL-NOBR,"AXIS 01155 (BLACK, 3XL, nobrand)",AXIS 01155,"BLACK, 3XL, nobrand",BLCK,3XL
2000000022673,1-CAMP-M-01155-BLCK-M-NOBR,"AXIS 01155 (BLACK, M, nobrand)",AXIS 01155,"BLACK, M, nobrand",BLCK,M
2000000022710,1-CAMP-M-01155-BLCK-S-PARK,"AXIS 01155 (BLACK, S, Parka)",AXIS 01155,"BLACK, S, Parka",BLCK,S
2000000022758,1-CAMP-M-01155-BLCK-XL-PUFE,"AXIS 01155 (BLACK, XL, Puffers)",AXIS 01155,"BLACK, XL, Puffers",BLCK,XL
2000000022840,1-CAMP-M-01155-GREN-M-PUFE,"AXIS 01155 (Green, M, Puffers)",AXIS 01155,"Green, M, Puffers",GREN,M
2000000022857,1-CAMP-M-01155-GREN-S-NOBR,"AXIS 01155 (Green, S, nobrand)",AXIS 01155,"Green, S, nobrand",GREN,S
2000000019857,1-CAMP-M-00140-BLCK-L-PARK,"Aioros 00140 (BLACK, L, Parka)",Aioros 00140,"BLACK, L, Parka",BLCK,L
2000000019895,1-CAMP-M-00140-BLCK-S-PARK,"Aioros 00140 (BLACK, S, Parka)",Aioros 00140,"BLACK, S, Parka",BLCK,S
2000000019932,1-CAMP-M-00140-BLCK-XXL-PARK,"Aioros 00140 (BLACK, XXL, Parka)",Aioros 00140,"BLACK, XXL, Parka",BLCK,XXL
2000000019970,1-CAMP-M-00140-BLUE-M-PARK,"Aioros 00140 (Blue, M, Parka)",Aioros 00140,"Blue, M, Parka",BLUE,M
2000000020013,1-CAMP-M-00140-BLUE-XL-PARK,"Aioros 00140 (Blue, XL, Parka)",Aioros 00140,"Blue, XL, Parka",BLUE,XL
2000000020051,1-CAMP-M-00140-BRWN-L-PARK,"Aioros 00140 (Brown, L, Parka)",Aioros 00140,"Brown, L, Parka",BRWN,L
2000000022642,1-CAMP-M-01155-BLCK-L-NOBR,"AXIS 01155 (BLACK, L, nobrand)",AXIS 01155,"BLACK, L, nobrand",BLCK,L
2000000022680,1-CAMP-M-01155-BLCK-M-PARK,"AXIS 01155 (BLACK, M, Parka)",AXIS 01155,"BLACK, M, Parka",BLCK,M
2000000022727,1-CAMP-M-01155-BLCK-S-PUFE,"AXIS 01155 (BLACK, S, Puffers)",AXIS 01155,"BLACK, S, Puffers",BLCK,S
2000000022765,1-CAMP-M-01155-BLCK-XXL-NOBR,"AXIS 01155 (BLACK, XXL, nobrand)",AXIS 01155,"BLACK, XXL, nobrand",BLCK,XXL
2000000022833,1-CAMP-M-01155-GREN-M-PARK,"AXIS 01155 (Green, M, Parka)",AXIS 01155,"Green, M, Parka",GREN,M
2000000019864,1-CAMP-M-00140-BLCK-M-NOBR,"Aioros 00140 (BLACK, M, nobrand)",Aioros 00140,"BLACK, M, nobrand",BLCK,M
2000000019901,1-CAMP-M-00140-BLCK-XL-NOBR,"Aioros 00140 (BLACK, XL, nobrand)",Aioros 00140,"BLACK, XL, nobrand",BLCK,XL
2000000019949,1-CAMP-M-00140-BLUE-L-NOBR,"Aioros 00140 (Blue, L, nobrand)",Aioros 00140,"Blue, L, nobrand",BLUE,L
2000000019987,1-CAMP-M-00140-BLUE-S-NOBR,"Aioros 00140 (Blue, S, nobrand)",Aioros 00140,"Blue, S, nobrand",BLUE,S
2000000020020,1-CAMP-M-00140-BLUE-XXL-NOBR,"Aioros 00140 (Blue, XXL, nobrand)",Aioros 00140,"Blue, XXL, nobrand",BLUE,XXL
2000000020068,1-CAMP-M-00140-BRWN-M-NOBR,"Aioros 00140 (Brown, M, nobrand)",Aioros 00140,"Brown, M, nobrand",BRWN,M
2000000020075,1-CAMP-M-00140-BRWN-M-PARK,"Aioros 00140 (Brown, M, Parka)",Aioros 00140,"Brown, M, Parka",BRWN,M
2000000020112,1-CAMP-M-00140-BRWN-XL-PARK,"Aioros 00140 (Brown, XL, Parka)",Aioros 00140,"Brown, XL, Parka",BRWN,XL
2000000020167,1-CAMP-M-00140-GREN-M-NOBR,"Aioros 00140 (Green, M, nobrand)",Aioros 00140,"Green, M, nobrand",GREN,M
2000000020204,1-CAMP-M-00140-GREN-XL-NOBR,"Aioros 00140 (Green, XL, nobrand)",Aioros 00140,"Green, XL, nobrand",GREN,XL
2000000020150,1-CAMP-M-00140-GREN-L-PARK,"Aioros 00140 (Green, L, Parka)",Aioros 00140,"Green, L, Parka",GREN,L
,1-TRDB-M-ANCHO-UNIC-L-NOBR,Anchors ANCHO (L),Anchors ANCHO,L,UNIC,L
2000000036502,1-CAMP-W-02033-GREN-L-PARK,"Annie 02033 (Green, L, Parka)",Annie 02033,"Green, L, Parka",GREN,L
2000000036540,1-CAMP-W-02033-GREN-S-PARK,"Annie 02033 (Green, S, Parka)",Annie 02033,"Green, S, Parka",GREN,S
2000000036410,1-CAMP-W-02033-BLCK-L-NOBR,"Annie 02033 (BLACK, L, nobrand)",Annie 02033,"BLACK, L, nobrand",BLCK,L
2000000036465,1-CAMP-W-02033-BLCK-S-PARK,"Annie 02033 (BLACK, S, Parka)",Annie 02033,"BLACK, S, Parka",BLCK,S
2000000024257,1-CAMP-M-01171-BLCK-L-PARK,"Archer 01171 (L, Parka)",Archer 01171,"L, Parka",BLCK,L
2000000024295,1-CAMP-M-01171-BLCK-S-PARK,"Archer 01171 (S, Parka)",Archer 01171,"S, Parka",BLCK,S
2000000020082,1-CAMP-M-00140-BRWN-S-NOBR,"Aioros 00140 (Brown, S, nobrand)",Aioros 00140,"Brown, S, nobrand",BRWN,S
2000000020129,1-CAMP-M-00140-BRWN-XXL-NOBR,"Aioros 00140 (Brown, XXL, nobrand)",Aioros 00140,"Brown, XXL, nobrand",BRWN,XXL
2000000020174,1-CAMP-M-00140-GREN-M-PARK,"Aioros 00140 (Green, M, Parka)",Aioros 00140,"Green, M, Parka",GREN,M
2000000020211,1-CAMP-M-00140-GREN-XL-PARK,"Aioros 00140 (Green, XL, Parka)",Aioros 00140,"Green, XL, Parka",GREN,XL
,1-TRDB-M-ANCHO-UNIC-XXL-NOBR,Anchors ANCHO (XXL),Anchors ANCHO,XXL,UNIC,XXL
,1-TRDB-M-ANCHO-UNIC-XL-NOBR,Anchors ANCHO (XL),Anchors ANCHO,XL,UNIC,XL
2000000036519,1-CAMP-W-02033-GREN-M-NOBR,"Annie 02033 (Green, M, nobrand)",Annie 02033,"Green, M, nobrand",GREN,M
2000000036557,1-CAMP-W-02033-GREN-XL-NOBR,"Annie 02033 (Green, XL, nobrand)",Annie 02033,"Green, XL, nobrand",GREN,XL
2000000036434,1-CAMP-W-02033-BLCK-M-NOBR,"Annie 02033 (BLACK, M, nobrand)",Annie 02033,"BLACK, M, nobrand",BLCK,M
2000000036472,1-CAMP-W-02033-BLCK-XL-NOBR,"Annie 02033 (BLACK, XL, nobrand)",Annie 02033,"BLACK, XL, nobrand",BLCK,XL
2000000024240,1-CAMP-M-01171-BLCK-L-NOBR,"Archer 01171 (L, nobrand)",Archer 01171,"L, nobrand",BLCK,L
2000000024288,1-CAMP-M-01171-BLCK-S-NOBR,"Archer 01171 (S, nobrand)",Archer 01171,"S, nobrand",BLCK,S
2000000020099,1-CAMP-M-00140-BRWN-S-PARK,"Aioros 00140 (Brown, S, Parka)",Aioros 00140,"Brown, S, Parka",BRWN,S
2000000020136,1-CAMP-M-00140-BRWN-XXL-PARK,"Aioros 00140 (Brown, XXL, Parka)",Aioros 00140,"Brown, XXL, Parka",BRWN,XXL
2000000020181,1-CAMP-M-00140-GREN-S-NOBR,"Aioros 00140 (Green, S, nobrand)",Aioros 00140,"Green, S, nobrand",GREN,S
2000000020228,1-CAMP-M-00140-GREN-XXL-NOBR,"Aioros 00140 (Green, XXL, nobrand)",Aioros 00140,"Green, XXL, nobrand",GREN,XXL
,1-TRDB-M-ANCHO-UNIC-S-NOBR,Anchors ANCHO (S),Anchors ANCHO,S,UNIC,S
2000000036489,1-CAMP-W-02033-BLCK-XL-PARK,"Annie 02033 (BLACK, XL, Parka)",Annie 02033,"BLACK, XL, Parka",BLCK,XL
2000000036526,1-CAMP-W-02033-GREN-M-PARK,"Annie 02033 (Green, M, Parka)",Annie 02033,"Green, M, Parka",GREN,M
2000000036564,1-CAMP-W-02033-GREN-XL-PARK,"Annie 02033 (Green, XL, Parka)",Annie 02033,"Green, XL, Parka",GREN,XL
2000000036441,1-CAMP-W-02033-BLCK-M-PARK,"Annie 02033 (BLACK, M, Parka)",Annie 02033,"BLACK, M, Parka",BLCK,M
2000000024264,1-CAMP-M-01171-BLCK-M-NOBR,"Archer 01171 (M, nobrand)",Archer 01171,"M, nobrand",BLCK,M
2000000024318,1-CAMP-M-01171-BLCK-XL-PARK,"Archer 01171 (XL, Parka)",Archer 01171,"XL, Parka",BLCK,XL
2000000024271,1-CAMP-M-01171-BLCK-M-PARK,"Archer 01171 (M, Parka)",Archer 01171,"M, Parka",BLCK,M
2000000020105,1-CAMP-M-00140-BRWN-XL-NOBR,"Aioros 00140 (Brown, XL, nobrand)",Aioros 00140,"Brown, XL, nobrand",BRWN,XL
2000000020143,1-CAMP-M-00140-GREN-L-NOBR,"Aioros 00140 (Green, L, nobrand)",Aioros 00140,"Green, L, nobrand",GREN,L
2000000020198,1-CAMP-M-00140-GREN-S-PARK,"Aioros 00140 (Green, S, Parka)",Aioros 00140,"Green, S, Parka",GREN,S
2000000020235,1-CAMP-M-00140-GREN-XXL-PARK,"Aioros 00140 (Green, XXL, Parka)",Aioros 00140,"Green, XXL, Parka",GREN,XXL
,1-TRDB-M-ANCHO-UNIC-M-NOBR,Anchors ANCHO (M),Anchors ANCHO,M,UNIC,M
2000000036496,1-CAMP-W-02033-GREN-L-NOBR,"Annie 02033 (Green, L, nobrand)",Annie 02033,"Green, L, nobrand",GREN,L
2000000036533,1-CAMP-W-02033-GREN-S-NOBR,"Annie 02033 (Green, S, nobrand)",Annie 02033,"Green, S, nobrand",GREN,S
2000000036427,1-CAMP-W-02033-BLCK-L-PARK,"Annie 02033 (BLACK, L, Parka)",Annie 02033,"BLACK, L, Parka",BLCK,L
2000000036458,1-CAMP-W-02033-BLCK-S-NOBR,"Annie 02033 (BLACK, S, nobrand)",Annie 02033,"BLACK, S, nobrand",BLCK,S
2000000024325,1-CAMP-M-01171-BLCK-XXL-NOBR,"Archer 01171 (XXL, nobrand)",Archer 01171,"XXL, nobrand",BLCK,XXL
2000000024301,1-CAMP-M-01171-BLCK-XL-NOBR,"Archer 01171 (XL, nobrand)",Archer 01171,"XL, nobrand",BLCK,XL
2000000024332,1-CAMP-M-01171-BLCK-XXL-PARK,"Archer 01171 (XXL, Parka)",Archer 01171,"XXL, Parka",BLCK,XXL
2000000018768,1-CAMP-M-00133-BLUE-M-NOBR,"Argon 00133 (Blue, M, nobrand)",Argon 00133,"Blue, M, nobrand",BLUE,M
2000000018799,1-CAMP-M-00133-BLUE-S-PARK,"Argon 00133 (Blue, S, Parka)",Argon 00133,"Blue, S, Parka",BLUE,S
2000000018836,1-CAMP-M-00133-BLUE-XXL-PARK,"Argon 00133 (Blue, XXL, Parka)",Argon 00133,"Blue, XXL, Parka",BLUE,XXL
2000000018706,1-CAMP-M-00133-BLCK-XL-NOBR,"Argon 00133 (BLACK, XL, nobrand)",Argon 00133,"BLACK, XL, nobrand",BLCK,XL
2000000018669,1-CAMP-M-00133-BLCK-M-NOBR,"Argon 00133 (BLACK, M, nobrand)",Argon 00133,"BLACK, M, nobrand",BLCK,M
2000000018850,1-CAMP-M-00133-GREN-L-PARK,"Argon 00133 (Green, L, Parka)",Argon 00133,"Green, L, Parka",GREN,L
2000000018898,1-CAMP-M-00133-GREN-S-PARK,"Argon 00133 (Green, S, Parka)",Argon 00133,"Green, S, Parka",GREN,S
2000000019024,1-CAMP-M-00133-MGRN-XXL-NOBR,"Argon 00133 (Military green, XXL, nobrand)",Argon 00133,"Military green, XXL, nobrand",MGRN,XXL
2000000018942,1-CAMP-M-00133-MGRN-L-NOBR,"Argon 00133 (Military green, L, nobrand)",Argon 00133,"Military green, L, nobrand",MGRN,L
2000000018980,1-CAMP-M-00133-MGRN-S-NOBR,"Argon 00133 (Military green, S, nobrand)",Argon 00133,"Military green, S, nobrand",MGRN,S
2000000034645,1-CAMP-W-00025-BLCK-L-NOBR,"Arya 00025 (BLACK, L, nobrand)",Arya 00025,"BLACK, L, nobrand",BLCK,L
2000000034683,1-CAMP-W-00025-BLCK-S-NOBR,"Arya 00025 (BLACK, S, nobrand)",Arya 00025,"BLACK, S, nobrand",BLCK,S
2000000018775,1-CAMP-M-00133-BLUE-M-PARK,"Argon 00133 (Blue, M, Parka)",Argon 00133,"Blue, M, Parka",BLUE,M
2000000018805,1-CAMP-M-00133-BLUE-XL-NOBR,"Argon 00133 (Blue, XL, nobrand)",Argon 00133,"Blue, XL, nobrand",BLUE,XL
2000000018737,1-CAMP-M-00133-BLCK-XXL-PARK,"Argon 00133 (BLACK, XXL, Parka)",Argon 00133,"BLACK, XXL, Parka",BLCK,XXL
2000000018690,1-CAMP-M-00133-BLCK-S-PARK,"Argon 00133 (BLACK, S, Parka)",Argon 00133,"BLACK, S, Parka",BLCK,S
2000000018652,1-CAMP-M-00133-BLCK-L-PARK,"Argon 00133 (BLACK, L, Parka)",Argon 00133,"BLACK, L, Parka",BLCK,L
2000000018867,1-CAMP-M-00133-GREN-M-NOBR,"Argon 00133 (Green, M, nobrand)",Argon 00133,"Green, M, nobrand",GREN,M
2000000018904,1-CAMP-M-00133-GREN-XL-NOBR,"Argon 00133 (Green, XL, nobrand)",Argon 00133,"Green, XL, nobrand",GREN,XL
2000000018911,1-CAMP-M-00133-GREN-XL-PARK,"Argon 00133 (Green, XL, Parka)",Argon 00133,"Green, XL, Parka",GREN,XL
2000000018959,1-CAMP-M-00133-MGRN-L-PARK,"Argon 00133 (Military green, L, Parka)",Argon 00133,"Military green, L, Parka",MGRN,L
2000000018997,1-CAMP-M-00133-MGRN-S-PARK,"Argon 00133 (Military green, S, Parka)",Argon 00133,"Military green, S, Parka",MGRN,S
2000000034652,1-CAMP-W-00025-BLCK-L-PARK,"Arya 00025 (BLACK, L, Parka)",Arya 00025,"BLACK, L, Parka",BLCK,L
2000000034690,1-CAMP-W-00025-BLCK-S-PARK,"Arya 00025 (BLACK, S, Parka)",Arya 00025,"BLACK, S, Parka",BLCK,S
2000000018744,1-CAMP-M-00133-BLUE-L-NOBR,"Argon 00133 (Blue, L, nobrand)",Argon 00133,"Blue, L, nobrand",BLUE,L
2000000018812,1-CAMP-M-00133-BLUE-XL-PARK,"Argon 00133 (Blue, XL, Parka)",Argon 00133,"Blue, XL, Parka",BLUE,XL
2000000018720,1-CAMP-M-00133-BLCK-XXL-NOBR,"Argon 00133 (BLACK, XXL, nobrand)",Argon 00133,"BLACK, XXL, nobrand",BLCK,XXL
2000000018683,1-CAMP-M-00133-BLCK-S-NOBR,"Argon 00133 (BLACK, S, nobrand)",Argon 00133,"BLACK, S, nobrand",BLCK,S
2000000018645,1-CAMP-M-00133-BLCK-L-NOBR,"Argon 00133 (BLACK, L, nobrand)",Argon 00133,"BLACK, L, nobrand",BLCK,L
2000000018874,1-CAMP-M-00133-GREN-M-PARK,"Argon 00133 (Green, M, Parka)",Argon 00133,"Green, M, Parka",GREN,M
2000000018751,1-CAMP-M-00133-BLUE-L-PARK,"Argon 00133 (Blue, L, Parka)",Argon 00133,"Blue, L, Parka",BLUE,L
2000000018928,1-CAMP-M-00133-GREN-XXL-NOBR,"Argon 00133 (Green, XXL, nobrand)",Argon 00133,"Green, XXL, nobrand",GREN,XXL
2000000018966,1-CAMP-M-00133-MGRN-M-NOBR,"Argon 00133 (Military green, M, nobrand)",Argon 00133,"Military green, M, nobrand",MGRN,M
2000000019000,1-CAMP-M-00133-MGRN-XL-NOBR,"Argon 00133 (Military green, XL, nobrand)",Argon 00133,"Military green, XL, nobrand",MGRN,XL
2000000034669,1-CAMP-W-00025-BLCK-M-NOBR,"Arya 00025 (BLACK, M, nobrand)",Arya 00025,"BLACK, M, nobrand",BLCK,M
2000000034706,1-CAMP-W-00025-BLCK-XL-NOBR,"Arya 00025 (BLACK, XL, nobrand)",Arya 00025,"BLACK, XL, nobrand",BLCK,XL
2000000018782,1-CAMP-M-00133-BLUE-S-NOBR,"Argon 00133 (Blue, S, nobrand)",Argon 00133,"Blue, S, nobrand",BLUE,S
2000000018829,1-CAMP-M-00133-BLUE-XXL-NOBR,"Argon 00133 (Blue, XXL, nobrand)",Argon 00133,"Blue, XXL, nobrand",BLUE,XXL
2000000018713,1-CAMP-M-00133-BLCK-XL-PARK,"Argon 00133 (BLACK, XL, Parka)",Argon 00133,"BLACK, XL, Parka",BLCK,XL
2000000018676,1-CAMP-M-00133-BLCK-M-PARK,"Argon 00133 (BLACK, M, Parka)",Argon 00133,"BLACK, M, Parka",BLCK,M
2000000018843,1-CAMP-M-00133-GREN-L-NOBR,"Argon 00133 (Green, L, nobrand)",Argon 00133,"Green, L, nobrand",GREN,L
2000000018881,1-CAMP-M-00133-GREN-S-NOBR,"Argon 00133 (Green, S, nobrand)",Argon 00133,"Green, S, nobrand",GREN,S
2000000019031,1-CAMP-M-00133-MGRN-XXL-PARK,"Argon 00133 (Military green, XXL, Parka)",Argon 00133,"Military green, XXL, Parka",MGRN,XXL
2000000018935,1-CAMP-M-00133-GREN-XXL-PARK,"Argon 00133 (Green, XXL, Parka)",Argon 00133,"Green, XXL, Parka",GREN,XXL
2000000018973,1-CAMP-M-00133-MGRN-M-PARK,"Argon 00133 (Military green, M, Parka)",Argon 00133,"Military green, M, Parka",MGRN,M
2000000019017,1-CAMP-M-00133-MGRN-XL-PARK,"Argon 00133 (Military green, XL, Parka)",Argon 00133,"Military green, XL, Parka",MGRN,XL
2000000034676,1-CAMP-W-00025-BLCK-M-PARK,"Arya 00025 (BLACK, M, Parka)",Arya 00025,"BLACK, M, Parka",BLCK,M
2000000034713,1-CAMP-W-00025-BLCK-XL-PARK,"Arya 00025 (BLACK, XL, Parka)",Arya 00025,"BLACK, XL, Parka",BLCK,XL
2000000034720,1-CAMP-W-00025-PRPL-L-NOBR,"Arya 00025 (Purple, L, nobrand)",Arya 00025,"Purple, L, nobrand",PRPL,L
2000000034768,1-CAMP-W-00025-PRPL-S-NOBR,"Arya 00025 (Purple, S, nobrand)",Arya 00025,"Purple, S, nobrand",PRPL,S
2000000034812,1-CAMP-W-00025-TRCT-L-PARK,"Arya 00025 (Terracota, L, Parka)",Arya 00025,"Terracota, L, Parka",TRCT,L
2000000034850,1-CAMP-W-00025-TRCT-S-PARK,"Arya 00025 (Terracota, S, Parka)",Arya 00025,"Terracota, S, Parka",TRCT,S
2000000004990,1-TRDB-M-ATENS-UNIC-XL-NOBR,Atenas ATENS (XL),Atenas ATENS,XL,UNIC,XL
2000000004983,1-TRDB-M-ATENS-UNIC-S-NOBR,Atenas ATENS (S),Atenas ATENS,S,UNIC,S
2000000015286,1-CAMP-M-00105-BLCK-XL-NOBR,"Atlas 00105 (BLACK, XL, nobrand)",Atlas 00105,"BLACK, XL, nobrand",BLCK,XL
2000000015323,1-CAMP-M-00105-NAVY-L-NOBR,"Atlas 00105 (Navy, L, nobrand)",Atlas 00105,"Navy, L, nobrand",NAVY,L
2000000015361,1-CAMP-M-00105-NAVY-S-NOBR,"Atlas 00105 (Navy, S, nobrand)",Atlas 00105,"Navy, S, nobrand",NAVY,S
2000000015224,1-CAMP-M-00105-BLCK-L-NOBR,"Atlas 00105 (BLACK, L, nobrand)",Atlas 00105,"BLACK, L, nobrand",BLCK,L
2000000015262,1-CAMP-M-00105-BLCK-S-NOBR,"Atlas 00105 (BLACK, S, nobrand)",Atlas 00105,"BLACK, S, nobrand",BLCK,S
2000000038186,1-CAMP-W-02066-BLCK-S-PUFE,"Aura 02066 (S, Puffers)",Aura 02066,"S, Puffers",BLCK,S
2000000034737,1-CAMP-W-00025-PRPL-L-PARK,"Arya 00025 (Purple, L, Parka)",Arya 00025,"Purple, L, Parka",PRPL,L
2000000034775,1-CAMP-W-00025-PRPL-S-PARK,"Arya 00025 (Purple, S, Parka)",Arya 00025,"Purple, S, Parka",PRPL,S
2000000034829,1-CAMP-W-00025-TRCT-M-NOBR,"Arya 00025 (Terracota, M, nobrand)",Arya 00025,"Terracota, M, nobrand",TRCT,M
2000000034867,1-CAMP-W-00025-TRCT-XL-NOBR,"Arya 00025 (Terracota, XL, nobrand)",Arya 00025,"Terracota, XL, nobrand",TRCT,XL
2000000005003,1-TRDB-M-ATENS-UNIC-XXL-NOBR,Atenas ATENS (XXL),Atenas ATENS,XXL,UNIC,XXL
2000000015392,1-CAMP-M-00105-NAVY-XL-PARK,"Atlas 00105 (Navy, XL, Parka)",Atlas 00105,"Navy, XL, Parka",NAVY,XL
2000000015293,1-CAMP-M-00105-BLCK-XL-PARK,"Atlas 00105 (BLACK, XL, Parka)",Atlas 00105,"BLACK, XL, Parka",BLCK,XL
2000000015330,1-CAMP-M-00105-NAVY-L-PARK,"Atlas 00105 (Navy, L, Parka)",Atlas 00105,"Navy, L, Parka",NAVY,L
2000000015378,1-CAMP-M-00105-NAVY-S-PARK,"Atlas 00105 (Navy, S, Parka)",Atlas 00105,"Navy, S, Parka",NAVY,S
2000000015231,1-CAMP-M-00105-BLCK-L-PARK,"Atlas 00105 (BLACK, L, Parka)",Atlas 00105,"BLACK, L, Parka",BLCK,L
2000000038131,1-CAMP-W-02066-BLCK-L-NOBR,"Aura 02066 (L, nobrand)",Aura 02066,"L, nobrand",BLCK,L
2000000038179,1-CAMP-W-02066-BLCK-S-NOBR,"Aura 02066 (S, nobrand)",Aura 02066,"S, nobrand",BLCK,S
2000000034744,1-CAMP-W-00025-PRPL-M-NOBR,"Arya 00025 (Purple, M, nobrand)",Arya 00025,"Purple, M, nobrand",PRPL,M
2000000034782,1-CAMP-W-00025-PRPL-XL-NOBR,"Arya 00025 (Purple, XL, nobrand)",Arya 00025,"Purple, XL, nobrand",PRPL,XL
2000000034836,1-CAMP-W-00025-TRCT-M-PARK,"Arya 00025 (Terracota, M, Parka)",Arya 00025,"Terracota, M, Parka",TRCT,M
2000000034874,1-CAMP-W-00025-TRCT-XL-PARK,"Arya 00025 (Terracota, XL, Parka)",Arya 00025,"Terracota, XL, Parka",TRCT,XL
2000000004969,1-TRDB-M-ATENS-UNIC-L-NOBR,Atenas ATENS (L),Atenas ATENS,L,UNIC,L
2000000015415,1-CAMP-M-00105-NAVY-XXL-PARK,"Atlas 00105 (Navy, XXL, Parka)",Atlas 00105,"Navy, XXL, Parka",NAVY,XXL
2000000015309,1-CAMP-M-00105-BLCK-XXL-NOBR,"Atlas 00105 (BLACK, XXL, nobrand)",Atlas 00105,"BLACK, XXL, nobrand",BLCK,XXL
2000000015347,1-CAMP-M-00105-NAVY-M-NOBR,"Atlas 00105 (Navy, M, nobrand)",Atlas 00105,"Navy, M, nobrand",NAVY,M
2000000015385,1-CAMP-M-00105-NAVY-XL-NOBR,"Atlas 00105 (Navy, XL, nobrand)",Atlas 00105,"Navy, XL, nobrand",NAVY,XL
2000000015248,1-CAMP-M-00105-BLCK-M-NOBR,"Atlas 00105 (BLACK, M, nobrand)",Atlas 00105,"BLACK, M, nobrand",BLCK,M
2000000038209,1-CAMP-W-02066-BLCK-XL-PUFE,"Aura 02066 (XL, Puffers)",Aura 02066,"XL, Puffers",BLCK,XL
2000000038162,1-CAMP-W-02066-BLCK-M-PUFE,"Aura 02066 (M, Puffers)",Aura 02066,"M, Puffers",BLCK,M
2000000034751,1-CAMP-W-00025-PRPL-M-PARK,"Arya 00025 (Purple, M, Parka)",Arya 00025,"Purple, M, Parka",PRPL,M
2000000034799,1-CAMP-W-00025-PRPL-XL-PARK,"Arya 00025 (Purple, XL, Parka)",Arya 00025,"Purple, XL, Parka",PRPL,XL
2000000034843,1-CAMP-W-00025-TRCT-S-NOBR,"Arya 00025 (Terracota, S, nobrand)",Arya 00025,"Terracota, S, nobrand",TRCT,S
2000000034805,1-CAMP-W-00025-TRCT-L-NOBR,"Arya 00025 (Terracota, L, nobrand)",Arya 00025,"Terracota, L, nobrand",TRCT,L
2000000004976,1-TRDB-M-ATENS-UNIC-M-NOBR,Atenas ATENS (M),Atenas ATENS,M,UNIC,M
2000000015279,1-CAMP-M-00105-BLCK-S-PARK,"Atlas 00105 (BLACK, S, Parka)",Atlas 00105,"BLACK, S, Parka",BLCK,S
2000000015316,1-CAMP-M-00105-BLCK-XXL-PARK,"Atlas 00105 (BLACK, XXL, Parka)",Atlas 00105,"BLACK, XXL, Parka",BLCK,XXL
2000000015354,1-CAMP-M-00105-NAVY-M-PARK,"Atlas 00105 (Navy, M, Parka)",Atlas 00105,"Navy, M, Parka",NAVY,M
2000000015408,1-CAMP-M-00105-NAVY-XXL-NOBR,"Atlas 00105 (Navy, XXL, nobrand)",Atlas 00105,"Navy, XXL, nobrand",NAVY,XXL
2000000015255,1-CAMP-M-00105-BLCK-M-PARK,"Atlas 00105 (BLACK, M, Parka)",Atlas 00105,"BLACK, M, Parka",BLCK,M
2000000038193,1-CAMP-W-02066-BLCK-XL-NOBR,"Aura 02066 (XL, nobrand)",Aura 02066,"XL, nobrand",BLCK,XL
2000000038155,1-CAMP-W-02066-BLCK-M-NOBR,"Aura 02066 (M, nobrand)",Aura 02066,"M, nobrand",BLCK,M
2000000038148,1-CAMP-W-02066-BLCK-L-PUFE,"Aura 02066 (L, Puffers)",Aura 02066,"L, Puffers",BLCK,L
2000000005041,1-TRDB-M-AVALO-UNIC-XL-NOBR,Avalon AVALO (XL),Avalon AVALO,XL,UNIC,XL
2000000021355,1-CAMP-M-00144-NAVY-L-PARK,"BAKER 00144 (Navy, L, Parka)",BAKER 00144,"Navy, L, Parka",NAVY,L
2000000021348,1-CAMP-M-00144-NAVY-L-NOBR,"BAKER 00144 (Navy, L, nobrand)",BAKER 00144,"Navy, L, nobrand",NAVY,L
2000000021249,1-CAMP-M-00144-GREN-L-NOBR,"BAKER 00144 (Green, L, nobrand)",BAKER 00144,"Green, L, nobrand",GREN,L
2000000021201,1-CAMP-M-00144-BLCK-XL-NOBR,"BAKER 00144 (BLACK, XL, nobrand)",BAKER 00144,"BLACK, XL, nobrand",BLCK,XL
2000000021164,1-CAMP-M-00144-BLCK-M-NOBR,"BAKER 00144 (BLACK, M, nobrand)",BAKER 00144,"BLACK, M, nobrand",BLCK,M
2000000021386,1-CAMP-M-00144-NAVY-S-NOBR,"BAKER 00144 (Navy, S, nobrand)",BAKER 00144,"Navy, S, nobrand",NAVY,S
2000000021287,1-CAMP-M-00144-GREN-S-NOBR,"BAKER 00144 (Green, S, nobrand)",BAKER 00144,"Green, S, nobrand",GREN,S
,CURVA-0BAKU-UNIC-NOBR,BAKU — Curva 8u (1S/2M/2L/2XL/1XXL),BAKU — Curva 8u,1S/2M/2L/2XL/1XXL,,
2000000038117,1-CAMP-W-02063-BLCK-XL-NOBR,"BALANCE 02063 (XL, nobrand)",BALANCE 02063,"XL, nobrand",BLCK,XL
2000000038070,1-CAMP-W-02063-BLCK-M-NOBR,"BALANCE 02063 (M, nobrand)",BALANCE 02063,"M, nobrand",BLCK,M
2000000005010,1-TRDB-M-AVALO-UNIC-L-NOBR,Avalon AVALO (L),Avalon AVALO,L,UNIC,L
2000000005058,1-TRDB-M-AVALO-UNIC-XXL-NOBR,Avalon AVALO (XXL),Avalon AVALO,XXL,UNIC,XXL
2000000021195,1-CAMP-M-00144-BLCK-S-PARK,"BAKER 00144 (BLACK, S, Parka)",BAKER 00144,"BLACK, S, Parka",BLCK,S
2000000021270,1-CAMP-M-00144-GREN-M-PARK,"BAKER 00144 (Green, M, Parka)",BAKER 00144,"Green, M, Parka",GREN,M
2000000021232,1-CAMP-M-00144-BLCK-XXL-PARK,"BAKER 00144 (BLACK, XXL, Parka)",BAKER 00144,"BLACK, XXL, Parka",BLCK,XXL
2000000021294,1-CAMP-M-00144-GREN-S-PARK,"BAKER 00144 (Green, S, Parka)",BAKER 00144,"Green, S, Parka",GREN,S
2000000021331,1-CAMP-M-00144-GREN-XXL-PARK,"BAKER 00144 (Green, XXL, Parka)",BAKER 00144,"Green, XXL, Parka",GREN,XXL
2000000021317,1-CAMP-M-00144-GREN-XL-PARK,"BAKER 00144 (Green, XL, Parka)",BAKER 00144,"Green, XL, Parka",GREN,XL
2000000021393,1-CAMP-M-00144-NAVY-S-PARK,"BAKER 00144 (Navy, S, Parka)",BAKER 00144,"Navy, S, Parka",NAVY,S
2000000038100,1-CAMP-W-02063-BLCK-S-PARK,"BALANCE 02063 (S, Parka)",BALANCE 02063,"S, Parka",BLCK,S
2000000038056,1-CAMP-W-02063-BLCK-L-NOBR,"BALANCE 02063 (L, nobrand)",BALANCE 02063,"L, nobrand",BLCK,L
2000000025391,1-CAMP-M-01188-BLCK-L-NOBR,"BEAST 01188 (BLACK, L, nobrand)",BEAST 01188,"BLACK, L, nobrand",BLCK,L
2000000005027,1-TRDB-M-AVALO-UNIC-M-NOBR,Avalon AVALO (M),Avalon AVALO,M,UNIC,M
2000000021423,1-CAMP-M-00144-NAVY-XXL-NOBR,"BAKER 00144 (Navy, XXL, nobrand)",BAKER 00144,"Navy, XXL, nobrand",NAVY,XXL
2000000021188,1-CAMP-M-00144-BLCK-S-NOBR,"BAKER 00144 (BLACK, S, nobrand)",BAKER 00144,"BLACK, S, nobrand",BLCK,S
2000000021263,1-CAMP-M-00144-GREN-M-NOBR,"BAKER 00144 (Green, M, nobrand)",BAKER 00144,"Green, M, nobrand",GREN,M
2000000021225,1-CAMP-M-00144-BLCK-XXL-NOBR,"BAKER 00144 (BLACK, XXL, nobrand)",BAKER 00144,"BLACK, XXL, nobrand",BLCK,XXL
2000000021140,1-CAMP-M-00144-BLCK-L-NOBR,"BAKER 00144 (BLACK, L, nobrand)",BAKER 00144,"BLACK, L, nobrand",BLCK,L
2000000021324,1-CAMP-M-00144-GREN-XXL-NOBR,"BAKER 00144 (Green, XXL, nobrand)",BAKER 00144,"Green, XXL, nobrand",GREN,XXL
2000000021300,1-CAMP-M-00144-GREN-XL-NOBR,"BAKER 00144 (Green, XL, nobrand)",BAKER 00144,"Green, XL, nobrand",GREN,XL
2000000021409,1-CAMP-M-00144-NAVY-XL-NOBR,"BAKER 00144 (Navy, XL, nobrand)",BAKER 00144,"Navy, XL, nobrand",NAVY,XL
2000000038094,1-CAMP-W-02063-BLCK-S-NOBR,"BALANCE 02063 (S, nobrand)",BALANCE 02063,"S, nobrand",BLCK,S
2000000038124,1-CAMP-W-02063-BLCK-XL-PARK,"BALANCE 02063 (XL, Parka)",BALANCE 02063,"XL, Parka",BLCK,XL
2000000025407,1-CAMP-M-01188-BLCK-L-PUFE,"BEAST 01188 (BLACK, L, Puffers)",BEAST 01188,"BLACK, L, Puffers",BLCK,L
2000000005034,1-TRDB-M-AVALO-UNIC-S-NOBR,Avalon AVALO (S),Avalon AVALO,S,UNIC,S
2000000021430,1-CAMP-M-00144-NAVY-XXL-PARK,"BAKER 00144 (Navy, XXL, Parka)",BAKER 00144,"Navy, XXL, Parka",NAVY,XXL
2000000021171,1-CAMP-M-00144-BLCK-M-PARK,"BAKER 00144 (BLACK, M, Parka)",BAKER 00144,"BLACK, M, Parka",BLCK,M
2000000021256,1-CAMP-M-00144-GREN-L-PARK,"BAKER 00144 (Green, L, Parka)",BAKER 00144,"Green, L, Parka",GREN,L
2000000021218,1-CAMP-M-00144-BLCK-XL-PARK,"BAKER 00144 (BLACK, XL, Parka)",BAKER 00144,"BLACK, XL, Parka",BLCK,XL
2000000021157,1-CAMP-M-00144-BLCK-L-PARK,"BAKER 00144 (BLACK, L, Parka)",BAKER 00144,"BLACK, L, Parka",BLCK,L
2000000021379,1-CAMP-M-00144-NAVY-M-PARK,"BAKER 00144 (Navy, M, Parka)",BAKER 00144,"Navy, M, Parka",NAVY,M
2000000021416,1-CAMP-M-00144-NAVY-XL-PARK,"BAKER 00144 (Navy, XL, Parka)",BAKER 00144,"Navy, XL, Parka",NAVY,XL
2000000021362,1-CAMP-M-00144-NAVY-M-NOBR,"BAKER 00144 (Navy, M, nobrand)",BAKER 00144,"Navy, M, nobrand",NAVY,M
2000000038063,1-CAMP-W-02063-BLCK-L-PARK,"BALANCE 02063 (L, Parka)",BALANCE 02063,"L, Parka",BLCK,L
2000000038087,1-CAMP-W-02063-BLCK-M-PARK,"BALANCE 02063 (M, Parka)",BALANCE 02063,"M, Parka",BLCK,M
2000000025414,1-CAMP-M-01188-BLCK-M-NOBR,"BEAST 01188 (BLACK, M, nobrand)",BEAST 01188,"BLACK, M, nobrand",BLCK,M
2000000025421,1-CAMP-M-01188-BLCK-M-PUFE,"BEAST 01188 (BLACK, M, Puffers)",BEAST 01188,"BLACK, M, Puffers",BLCK,M
2000000025476,1-CAMP-M-01188-BLCK-XXL-NOBR,"BEAST 01188 (BLACK, XXL, nobrand)",BEAST 01188,"BLACK, XXL, nobrand",BLCK,XXL
2000000025513,1-CAMP-M-01188-GREY-M-NOBR,"BEAST 01188 (grey, M, nobrand)",BEAST 01188,"grey, M, nobrand",GREY,M
2000000025551,1-CAMP-M-01188-GREY-XL-NOBR,"BEAST 01188 (grey, XL, nobrand)",BEAST 01188,"grey, XL, nobrand",GREY,XL
2000000025452,1-CAMP-M-01188-BLCK-XL-NOBR,"BEAST 01188 (BLACK, XL, nobrand)",BEAST 01188,"BLACK, XL, nobrand",BLCK,XL
2000000046891,1-SWEA-M-01017-OFWH-L-PARK,"BOUND 01017 (Off white, L, Parka)",BOUND 01017,"Off white, L, Parka",OFWH,L
2000000046990,1-SWEA-M-01017-OLIV-L-PARK,"BOUND 01017 (Olive, L, Parka)",BOUND 01017,"Olive, L, Parka",OLIV,L
2000000047034,1-SWEA-M-01017-OLIV-S-PARK,"BOUND 01017 (Olive, S, Parka)",BOUND 01017,"Olive, S, Parka",OLIV,S
2000000046907,1-SWEA-M-01017-OFWH-M-NOBR,"BOUND 01017 (Off white, M, nobrand)",BOUND 01017,"Off white, M, nobrand",OFWH,M
2000000047065,1-SWEA-M-01017-OLIV-XXL-NOBR,"BOUND 01017 (Olive, XXL, nobrand)",BOUND 01017,"Olive, XXL, nobrand",OLIV,XXL
,CURVA-BREME-UNIC-NOBR,BREMEN — Curva 8u (1S/2M/2L/2XL/1XXL),BREMEN — Curva 8u,1S/2M/2L/2XL/1XXL,,
2000000001364,1-CAMI-M-BRIDG-BLCK-L-NOBR,BRIDG (L),BRIDG,L,BLCK,L
2000000025438,1-CAMP-M-01188-BLCK-S-NOBR,"BEAST 01188 (BLACK, S, nobrand)",BEAST 01188,"BLACK, S, nobrand",BLCK,S
2000000025483,1-CAMP-M-01188-BLCK-XXL-PUFE,"BEAST 01188 (BLACK, XXL, Puffers)",BEAST 01188,"BLACK, XXL, Puffers",BLCK,XXL
2000000025520,1-CAMP-M-01188-GREY-M-PUFE,"BEAST 01188 (grey, M, Puffers)",BEAST 01188,"grey, M, Puffers",GREY,M
2000000025568,1-CAMP-M-01188-GREY-XL-PUFE,"BEAST 01188 (grey, XL, Puffers)",BEAST 01188,"grey, XL, Puffers",GREY,XL
,CURVA-BELFA-UNIC-NOBR,BELFAST — Curva 8u (1S/2M/2L/2XL/1XXL),BELFAST — Curva 8u,1S/2M/2L/2XL/1XXL,,
2000000046976,1-SWEA-M-01017-OFWH-XXL-PARK,"BOUND 01017 (Off white, XXL, Parka)",BOUND 01017,"Off white, XXL, Parka",OFWH,XXL
2000000047003,1-SWEA-M-01017-OLIV-M-NOBR,"BOUND 01017 (Olive, M, nobrand)",BOUND 01017,"Olive, M, nobrand",OLIV,M
2000000046983,1-SWEA-M-01017-OLIV-L-NOBR,"BOUND 01017 (Olive, L, nobrand)",BOUND 01017,"Olive, L, nobrand",OLIV,L
2000000046884,1-SWEA-M-01017-OFWH-L-NOBR,"BOUND 01017 (Off white, L, nobrand)",BOUND 01017,"Off white, L, nobrand",OFWH,L
2000000047072,1-SWEA-M-01017-OLIV-XXL-PARK,"BOUND 01017 (Olive, XXL, Parka)",BOUND 01017,"Olive, XXL, Parka",OLIV,XXL
2000000001401,1-CAMI-M-BRIDG-BLCK-XXL-NOBR,BRIDG (XXL),BRIDG,XXL,BLCK,XXL
2000000001388,1-CAMI-M-BRIDG-BLCK-S-NOBR,BRIDG (S),BRIDG,S,BLCK,S
2000000025445,1-CAMP-M-01188-BLCK-S-PUFE,"BEAST 01188 (BLACK, S, Puffers)",BEAST 01188,"BLACK, S, Puffers",BLCK,S
2000000025490,1-CAMP-M-01188-GREY-L-NOBR,"BEAST 01188 (grey, L, nobrand)",BEAST 01188,"grey, L, nobrand",GREY,L
2000000025537,1-CAMP-M-01188-GREY-S-NOBR,"BEAST 01188 (grey, S, nobrand)",BEAST 01188,"grey, S, nobrand",GREY,S
2000000025575,1-CAMP-M-01188-GREY-XXL-NOBR,"BEAST 01188 (grey, XXL, nobrand)",BEAST 01188,"grey, XXL, nobrand",GREY,XXL
,CURVA-BERLI-UNIC-NOBR,BERLIN — Curva 8u (1S/2M/2L/2XL/1XXL),BERLIN — Curva 8u,1S/2M/2L/2XL/1XXL,,
2000000046952,1-SWEA-M-01017-OFWH-XL-PARK,"BOUND 01017 (Off white, XL, Parka)",BOUND 01017,"Off white, XL, Parka",OFWH,XL
2000000047010,1-SWEA-M-01017-OLIV-M-PARK,"BOUND 01017 (Olive, M, Parka)",BOUND 01017,"Olive, M, Parka",OLIV,M
2000000047041,1-SWEA-M-01017-OLIV-XL-NOBR,"BOUND 01017 (Olive, XL, nobrand)",BOUND 01017,"Olive, XL, nobrand",OLIV,XL
2000000046914,1-SWEA-M-01017-OFWH-M-PARK,"BOUND 01017 (Off white, M, Parka)",BOUND 01017,"Off white, M, Parka",OFWH,M
2000000046945,1-SWEA-M-01017-OFWH-XL-NOBR,"BOUND 01017 (Off white, XL, nobrand)",BOUND 01017,"Off white, XL, nobrand",OFWH,XL
2000000001395,1-CAMI-M-BRIDG-BLCK-XL-NOBR,BRIDG (XL),BRIDG,XL,BLCK,XL
2000000004730,1-TRDB-M-0BAKU-UNIC-S-NOBR,Baku 0BAKU (S),Baku 0BAKU,S,UNIC,S
2000000025469,1-CAMP-M-01188-BLCK-XL-PUFE,"BEAST 01188 (BLACK, XL, Puffers)",BEAST 01188,"BLACK, XL, Puffers",BLCK,XL
2000000025506,1-CAMP-M-01188-GREY-L-PUFE,"BEAST 01188 (grey, L, Puffers)",BEAST 01188,"grey, L, Puffers",GREY,L
2000000025544,1-CAMP-M-01188-GREY-S-PUFE,"BEAST 01188 (grey, S, Puffers)",BEAST 01188,"grey, S, Puffers",GREY,S
2000000025582,1-CAMP-M-01188-GREY-XXL-PUFE,"BEAST 01188 (grey, XXL, Puffers)",BEAST 01188,"grey, XXL, Puffers",GREY,XXL
,CURVA-BLUBE-UNIC-NOBR,BLUE BEACH — Curva 8u (1S/2M/2L/2XL/1XXL),BLUE BEACH — Curva 8u,1S/2M/2L/2XL/1XXL,,
2000000046969,1-SWEA-M-01017-OFWH-XXL-NOBR,"BOUND 01017 (Off white, XXL, nobrand)",BOUND 01017,"Off white, XXL, nobrand",OFWH,XXL
2000000047027,1-SWEA-M-01017-OLIV-S-NOBR,"BOUND 01017 (Olive, S, nobrand)",BOUND 01017,"Olive, S, nobrand",OLIV,S
2000000046921,1-SWEA-M-01017-OFWH-S-NOBR,"BOUND 01017 (Off white, S, nobrand)",BOUND 01017,"Off white, S, nobrand",OFWH,S
2000000047058,1-SWEA-M-01017-OLIV-XL-PARK,"BOUND 01017 (Olive, XL, Parka)",BOUND 01017,"Olive, XL, Parka",OLIV,XL
2000000046938,1-SWEA-M-01017-OFWH-S-PARK,"BOUND 01017 (Off white, S, Parka)",BOUND 01017,"Off white, S, Parka",OFWH,S
2000000001371,1-CAMI-M-BRIDG-BLCK-M-NOBR,BRIDG (M),BRIDG,M,BLCK,M
2000000004747,1-TRDB-M-0BAKU-UNIC-XL-NOBR,Baku 0BAKU (XL),Baku 0BAKU,XL,UNIC,XL
2000000004716,1-TRDB-M-0BAKU-UNIC-L-NOBR,Baku 0BAKU (L),Baku 0BAKU,L,UNIC,L
2000000005065,1-TRDB-M-BELFA-UNIC-L-NOBR,Belfast BELFA (L),Belfast BELFA,L,UNIC,L
2000000005157,1-TRDB-M-BERLI-UNIC-XXL-NOBR,Berlin BERLI (XXL),Berlin BERLI,XXL,UNIC,XXL
2000000005119,1-TRDB-M-BERLI-UNIC-L-NOBR,Berlin BERLI (L),Berlin BERLI,L,UNIC,L
,1-BERM-M-20065-BLCK-L-CENI,"Bermuda Chino Lino 20065 (BLACK, L, Cenidor)",Bermuda Chino Lino 20065,"BLACK, L, Cenidor",BLCK,L
,1-BERM-M-20065-BLCK-S-CENI,"Bermuda Chino Lino 20065 (BLACK, S, Cenidor)",Bermuda Chino Lino 20065,"BLACK, S, Cenidor",BLCK,S
,1-BERM-M-20065-BLCK-XXL-CENI,"Bermuda Chino Lino 20065 (BLACK, XXL, Cenidor)",Bermuda Chino Lino 20065,"BLACK, XXL, Cenidor",BLCK,XXL
,1-BERM-M-20065-NATU-M-CENI,"Bermuda Chino Lino 20065 (Natural, M, Cenidor)",Bermuda Chino Lino 20065,"Natural, M, Cenidor",NATU,M
2000000007540,1-BERM-M-20065-NATU-S-NOBR,"Bermuda Chino Lino 20065 (Natural, S, nobrand)",Bermuda Chino Lino 20065,"Natural, S, nobrand",NATU,S
2000000007649,1-BERM-M-20065-WHIT-S-NOBR,"Bermuda Chino Lino 20065 (White, S, nobrand)",Bermuda Chino Lino 20065,"White, S, nobrand",WHIT,S
,1-BERM-M-20065-NAVY-XL-CENI,"Bermuda Chino Lino 20065 (Navy, XL, Cenidor)",Bermuda Chino Lino 20065,"Navy, XL, Cenidor",NAVY,XL
,1-BERM-M-20065-WHIT-L-CENI,"Bermuda Chino Lino 20065 (White, L, Cenidor)",Bermuda Chino Lino 20065,"White, L, Cenidor",WHIT,L
2000000004754,1-TRDB-M-0BAKU-UNIC-XXL-NOBR,Baku 0BAKU (XXL),Baku 0BAKU,XXL,UNIC,XXL
2000000005072,1-TRDB-M-BELFA-UNIC-M-NOBR,Belfast BELFA (M),Belfast BELFA,M,UNIC,M
2000000005133,1-TRDB-M-BERLI-UNIC-S-NOBR,Berlin BERLI (S),Berlin BERLI,S,UNIC,S
,1-BERM-M-20065-NAVY-S-CENI,"Bermuda Chino Lino 20065 (Navy, S, Cenidor)",Bermuda Chino Lino 20065,"Navy, S, Cenidor",NAVY,S
2000000007472,1-BERM-M-20065-BLCK-L-NOBR,"Bermuda Chino Lino 20065 (BLACK, L, nobrand)",Bermuda Chino Lino 20065,"BLACK, L, nobrand",BLCK,L
2000000007496,1-BERM-M-20065-BLCK-S-NOBR,"Bermuda Chino Lino 20065 (BLACK, S, nobrand)",Bermuda Chino Lino 20065,"BLACK, S, nobrand",BLCK,S
2000000007519,1-BERM-M-20065-BLCK-XXL-NOBR,"Bermuda Chino Lino 20065 (BLACK, XXL, nobrand)",Bermuda Chino Lino 20065,"BLACK, XXL, nobrand",BLCK,XXL
,1-BERM-M-20065-NATU-XXL-CENI,"Bermuda Chino Lino 20065 (Natural, XXL, Cenidor)",Bermuda Chino Lino 20065,"Natural, XXL, Cenidor",NATU,XXL
,1-BERM-M-20065-NATU-S-CENI,"Bermuda Chino Lino 20065 (Natural, S, Cenidor)",Bermuda Chino Lino 20065,"Natural, S, Cenidor",NATU,S
,1-BERM-M-20065-WHIT-XXL-CENI,"Bermuda Chino Lino 20065 (White, XXL, Cenidor)",Bermuda Chino Lino 20065,"White, XXL, Cenidor",WHIT,XXL
2000000007601,1-BERM-M-20065-NAVY-XL-NOBR,"Bermuda Chino Lino 20065 (Navy, XL, nobrand)",Bermuda Chino Lino 20065,"Navy, XL, nobrand",NAVY,XL
2000000007625,1-BERM-M-20065-WHIT-L-NOBR,"Bermuda Chino Lino 20065 (White, L, nobrand)",Bermuda Chino Lino 20065,"White, L, nobrand",WHIT,L
2000000004723,1-TRDB-M-0BAKU-UNIC-M-NOBR,Baku 0BAKU (M),Baku 0BAKU,M,UNIC,M
2000000005096,1-TRDB-M-BELFA-UNIC-XL-NOBR,Belfast BELFA (XL),Belfast BELFA,XL,UNIC,XL
2000000005126,1-TRDB-M-BERLI-UNIC-M-NOBR,Berlin BERLI (M),Berlin BERLI,M,UNIC,M
2000000007588,1-BERM-M-20065-NAVY-M-NOBR,"Bermuda Chino Lino 20065 (Navy, M, nobrand)",Bermuda Chino Lino 20065,"Navy, M, nobrand",NAVY,M
,1-BERM-M-20065-BLCK-M-CENI,"Bermuda Chino Lino 20065 (BLACK, M, Cenidor)",Bermuda Chino Lino 20065,"BLACK, M, Cenidor",BLCK,M
,1-BERM-M-20065-BLCK-XL-CENI,"Bermuda Chino Lino 20065 (BLACK, XL, Cenidor)",Bermuda Chino Lino 20065,"BLACK, XL, Cenidor",BLCK,XL
,1-BERM-M-20065-NATU-L-CENI,"Bermuda Chino Lino 20065 (Natural, L, Cenidor)",Bermuda Chino Lino 20065,"Natural, L, Cenidor",NATU,L
2000000007557,1-BERM-M-20065-NATU-XL-NOBR,"Bermuda Chino Lino 20065 (Natural, XL, nobrand)",Bermuda Chino Lino 20065,"Natural, XL, nobrand",NATU,XL
2000000007571,1-BERM-M-20065-NAVY-L-NOBR,"Bermuda Chino Lino 20065 (Navy, L, nobrand)",Bermuda Chino Lino 20065,"Navy, L, nobrand",NAVY,L
2000000007663,1-BERM-M-20065-WHIT-XXL-NOBR,"Bermuda Chino Lino 20065 (White, XXL, nobrand)",Bermuda Chino Lino 20065,"White, XXL, nobrand",WHIT,XXL
,1-BERM-M-20065-NAVY-XXL-CENI,"Bermuda Chino Lino 20065 (Navy, XXL, Cenidor)",Bermuda Chino Lino 20065,"Navy, XXL, Cenidor",NAVY,XXL
,1-BERM-M-20065-WHIT-M-CENI,"Bermuda Chino Lino 20065 (White, M, Cenidor)",Bermuda Chino Lino 20065,"White, M, Cenidor",WHIT,M
2000000005089,1-TRDB-M-BELFA-UNIC-S-NOBR,Belfast BELFA (S),Belfast BELFA,S,UNIC,S
2000000005102,1-TRDB-M-BELFA-UNIC-XXL-NOBR,Belfast BELFA (XXL),Belfast BELFA,XXL,UNIC,XXL
2000000005140,1-TRDB-M-BERLI-UNIC-XL-NOBR,Berlin BERLI (XL),Berlin BERLI,XL,UNIC,XL
,1-BERM-M-20065-NAVY-M-CENI,"Bermuda Chino Lino 20065 (Navy, M, Cenidor)",Bermuda Chino Lino 20065,"Navy, M, Cenidor",NAVY,M
2000000007489,1-BERM-M-20065-BLCK-M-NOBR,"Bermuda Chino Lino 20065 (BLACK, M, nobrand)",Bermuda Chino Lino 20065,"BLACK, M, nobrand",BLCK,M
2000000007502,1-BERM-M-20065-BLCK-XL-NOBR,"Bermuda Chino Lino 20065 (BLACK, XL, nobrand)",Bermuda Chino Lino 20065,"BLACK, XL, nobrand",BLCK,XL
2000000007526,1-BERM-M-20065-NATU-L-NOBR,"Bermuda Chino Lino 20065 (Natural, L, nobrand)",Bermuda Chino Lino 20065,"Natural, L, nobrand",NATU,L
,1-BERM-M-20065-NATU-XL-CENI,"Bermuda Chino Lino 20065 (Natural, XL, Cenidor)",Bermuda Chino Lino 20065,"Natural, XL, Cenidor",NATU,XL
,1-BERM-M-20065-WHIT-XL-CENI,"Bermuda Chino Lino 20065 (White, XL, Cenidor)",Bermuda Chino Lino 20065,"White, XL, Cenidor",WHIT,XL
2000000007595,1-BERM-M-20065-NAVY-S-NOBR,"Bermuda Chino Lino 20065 (Navy, S, nobrand)",Bermuda Chino Lino 20065,"Navy, S, nobrand",NAVY,S
2000000007618,1-BERM-M-20065-NAVY-XXL-NOBR,"Bermuda Chino Lino 20065 (Navy, XXL, nobrand)",Bermuda Chino Lino 20065,"Navy, XXL, nobrand",NAVY,XXL
,1-BERM-M-20065-NAVY-L-CENI,"Bermuda Chino Lino 20065 (Navy, L, Cenidor)",Bermuda Chino Lino 20065,"Navy, L, Cenidor",NAVY,L
2000000007632,1-BERM-M-20065-WHIT-M-NOBR,"Bermuda Chino Lino 20065 (White, M, nobrand)",Bermuda Chino Lino 20065,"White, M, nobrand",WHIT,M
2000000007656,1-BERM-M-20065-WHIT-XL-NOBR,"Bermuda Chino Lino 20065 (White, XL, nobrand)",Bermuda Chino Lino 20065,"White, XL, nobrand",WHIT,XL
,1-BERM-M-20067-WHIT-XL-CENI,"Bermuda Jogger Lino 20067 (White, XL, Cenidor)",Bermuda Jogger Lino 20067,"White, XL, Cenidor",WHIT,XL
,1-BERM-M-20067-WHIT-M-CENI,"Bermuda Jogger Lino 20067 (White, M, Cenidor)",Bermuda Jogger Lino 20067,"White, M, Cenidor",WHIT,M
,1-BERM-M-20067-NAVY-XXL-CENI,"Bermuda Jogger Lino 20067 (Navy, XXL, Cenidor)",Bermuda Jogger Lino 20067,"Navy, XXL, Cenidor",NAVY,XXL
,1-BERM-M-20067-NAVY-S-CENI,"Bermuda Jogger Lino 20067 (Navy, S, Cenidor)",Bermuda Jogger Lino 20067,"Navy, S, Cenidor",NAVY,S
2000000007748,1-BERM-M-20067-GREN-S-NOBR,"Bermuda Jogger Lino 20067 (Green, S, nobrand)",Bermuda Jogger Lino 20067,"Green, S, nobrand",GREN,S
2000000007724,1-BERM-M-20067-GREN-L-NOBR,"Bermuda Jogger Lino 20067 (Green, L, nobrand)",Bermuda Jogger Lino 20067,"Green, L, nobrand",GREN,L
2000000007700,1-BERM-M-20067-BLCK-XL-NOBR,"Bermuda Jogger Lino 20067 (BLACK, XL, nobrand)",Bermuda Jogger Lino 20067,"BLACK, XL, nobrand",BLCK,XL
2000000007687,1-BERM-M-20067-BLCK-M-NOBR,"Bermuda Jogger Lino 20067 (BLACK, M, nobrand)",Bermuda Jogger Lino 20067,"BLACK, M, nobrand",BLCK,M
,1-BERM-M-20067-NATU-M-CENI,"Bermuda Jogger Lino 20067 (Natural, M, Cenidor)",Bermuda Jogger Lino 20067,"Natural, M, Cenidor",NATU,M
,1-BERM-M-20067-GREN-XXL-CENI,"Bermuda Jogger Lino 20067 (Green, XXL, Cenidor)",Bermuda Jogger Lino 20067,"Green, XXL, Cenidor",GREN,XXL
,1-BERM-M-20065-WHIT-S-CENI,"Bermuda Chino Lino 20065 (White, S, Cenidor)",Bermuda Chino Lino 20065,"White, S, Cenidor",WHIT,S
2000000007915,1-BERM-M-20067-WHIT-XXL-NOBR,"Bermuda Jogger Lino 20067 (White, XXL, nobrand)",Bermuda Jogger Lino 20067,"White, XXL, nobrand",WHIT,XXL
2000000007892,1-BERM-M-20067-WHIT-S-NOBR,"Bermuda Jogger Lino 20067 (White, S, nobrand)",Bermuda Jogger Lino 20067,"White, S, nobrand",WHIT,S
2000000007878,1-BERM-M-20067-WHIT-L-NOBR,"Bermuda Jogger Lino 20067 (White, L, nobrand)",Bermuda Jogger Lino 20067,"White, L, nobrand",WHIT,L
2000000007854,1-BERM-M-20067-NAVY-XL-NOBR,"Bermuda Jogger Lino 20067 (Navy, XL, nobrand)",Bermuda Jogger Lino 20067,"Navy, XL, nobrand",NAVY,XL
2000000007830,1-BERM-M-20067-NAVY-M-NOBR,"Bermuda Jogger Lino 20067 (Navy, M, nobrand)",Bermuda Jogger Lino 20067,"Navy, M, nobrand",NAVY,M
,1-BERM-M-20067-GREN-S-CENI,"Bermuda Jogger Lino 20067 (Green, S, Cenidor)",Bermuda Jogger Lino 20067,"Green, S, Cenidor",GREN,S
,1-BERM-M-20067-GREN-L-CENI,"Bermuda Jogger Lino 20067 (Green, L, Cenidor)",Bermuda Jogger Lino 20067,"Green, L, Cenidor",GREN,L
,1-BERM-M-20067-BLCK-XL-CENI,"Bermuda Jogger Lino 20067 (BLACK, XL, Cenidor)",Bermuda Jogger Lino 20067,"BLACK, XL, Cenidor",BLCK,XL
,1-BERM-M-20067-BLCK-M-CENI,"Bermuda Jogger Lino 20067 (BLACK, M, Cenidor)",Bermuda Jogger Lino 20067,"BLACK, M, Cenidor",BLCK,M
2000000007823,1-BERM-M-20067-NAVY-L-NOBR,"Bermuda Jogger Lino 20067 (Navy, L, nobrand)",Bermuda Jogger Lino 20067,"Navy, L, nobrand",NAVY,L
2000000007762,1-BERM-M-20067-GREN-XXL-NOBR,"Bermuda Jogger Lino 20067 (Green, XXL, nobrand)",Bermuda Jogger Lino 20067,"Green, XXL, nobrand",GREN,XXL
2000000007564,1-BERM-M-20065-NATU-XXL-NOBR,"Bermuda Chino Lino 20065 (Natural, XXL, nobrand)",Bermuda Chino Lino 20065,"Natural, XXL, nobrand",NATU,XXL
,1-BERM-M-20067-WHIT-XXL-CENI,"Bermuda Jogger Lino 20067 (White, XXL, Cenidor)",Bermuda Jogger Lino 20067,"White, XXL, Cenidor",WHIT,XXL
,1-BERM-M-20067-WHIT-S-CENI,"Bermuda Jogger Lino 20067 (White, S, Cenidor)",Bermuda Jogger Lino 20067,"White, S, Cenidor",WHIT,S
,1-BERM-M-20067-WHIT-L-CENI,"Bermuda Jogger Lino 20067 (White, L, Cenidor)",Bermuda Jogger Lino 20067,"White, L, Cenidor",WHIT,L
,1-BERM-M-20067-NAVY-XL-CENI,"Bermuda Jogger Lino 20067 (Navy, XL, Cenidor)",Bermuda Jogger Lino 20067,"Navy, XL, Cenidor",NAVY,XL
,1-BERM-M-20067-NAVY-M-CENI,"Bermuda Jogger Lino 20067 (Navy, M, Cenidor)",Bermuda Jogger Lino 20067,"Navy, M, Cenidor",NAVY,M
2000000007731,1-BERM-M-20067-GREN-M-NOBR,"Bermuda Jogger Lino 20067 (Green, M, nobrand)",Bermuda Jogger Lino 20067,"Green, M, nobrand",GREN,M
2000000007717,1-BERM-M-20067-BLCK-XXL-NOBR,"Bermuda Jogger Lino 20067 (BLACK, XXL, nobrand)",Bermuda Jogger Lino 20067,"BLACK, XXL, nobrand",BLCK,XXL
2000000007694,1-BERM-M-20067-BLCK-S-NOBR,"Bermuda Jogger Lino 20067 (BLACK, S, nobrand)",Bermuda Jogger Lino 20067,"BLACK, S, nobrand",BLCK,S
2000000007670,1-BERM-M-20067-BLCK-L-NOBR,"Bermuda Jogger Lino 20067 (BLACK, L, nobrand)",Bermuda Jogger Lino 20067,"BLACK, L, nobrand",BLCK,L
2000000007786,1-BERM-M-20067-NATU-M-NOBR,"Bermuda Jogger Lino 20067 (Natural, M, nobrand)",Bermuda Jogger Lino 20067,"Natural, M, nobrand",NATU,M
,1-BERM-M-20067-NATU-L-CENI,"Bermuda Jogger Lino 20067 (Natural, L, Cenidor)",Bermuda Jogger Lino 20067,"Natural, L, Cenidor",NATU,L
2000000007533,1-BERM-M-20065-NATU-M-NOBR,"Bermuda Chino Lino 20065 (Natural, M, nobrand)",Bermuda Chino Lino 20065,"Natural, M, nobrand",NATU,M
2000000007908,1-BERM-M-20067-WHIT-XL-NOBR,"Bermuda Jogger Lino 20067 (White, XL, nobrand)",Bermuda Jogger Lino 20067,"White, XL, nobrand",WHIT,XL
2000000007885,1-BERM-M-20067-WHIT-M-NOBR,"Bermuda Jogger Lino 20067 (White, M, nobrand)",Bermuda Jogger Lino 20067,"White, M, nobrand",WHIT,M
2000000007861,1-BERM-M-20067-NAVY-XXL-NOBR,"Bermuda Jogger Lino 20067 (Navy, XXL, nobrand)",Bermuda Jogger Lino 20067,"Navy, XXL, nobrand",NAVY,XXL
2000000007847,1-BERM-M-20067-NAVY-S-NOBR,"Bermuda Jogger Lino 20067 (Navy, S, nobrand)",Bermuda Jogger Lino 20067,"Navy, S, nobrand",NAVY,S
,1-BERM-M-20067-GREN-XL-CENI,"Bermuda Jogger Lino 20067 (Green, XL, Cenidor)",Bermuda Jogger Lino 20067,"Green, XL, Cenidor",GREN,XL
,1-BERM-M-20067-GREN-M-CENI,"Bermuda Jogger Lino 20067 (Green, M, Cenidor)",Bermuda Jogger Lino 20067,"Green, M, Cenidor",GREN,M
,1-BERM-M-20067-BLCK-XXL-CENI,"Bermuda Jogger Lino 20067 (BLACK, XXL, Cenidor)",Bermuda Jogger Lino 20067,"BLACK, XXL, Cenidor",BLCK,XXL
,1-BERM-M-20067-BLCK-S-CENI,"Bermuda Jogger Lino 20067 (BLACK, S, Cenidor)",Bermuda Jogger Lino 20067,"BLACK, S, Cenidor",BLCK,S
,1-BERM-M-20067-BLCK-L-CENI,"Bermuda Jogger Lino 20067 (BLACK, L, Cenidor)",Bermuda Jogger Lino 20067,"BLACK, L, Cenidor",BLCK,L
2000000007755,1-BERM-M-20067-GREN-XL-NOBR,"Bermuda Jogger Lino 20067 (Green, XL, nobrand)",Bermuda Jogger Lino 20067,"Green, XL, nobrand",GREN,XL
2000000007779,1-BERM-M-20067-NATU-L-NOBR,"Bermuda Jogger Lino 20067 (Natural, L, nobrand)",Bermuda Jogger Lino 20067,"Natural, L, nobrand",NATU,L
,1-BERM-M-20067-NATU-XL-CENI,"Bermuda Jogger Lino 20067 (Natural, XL, Cenidor)",Bermuda Jogger Lino 20067,"Natural, XL, Cenidor",NATU,XL
,1-BERM-M-20067-NATU-S-CENI,"Bermuda Jogger Lino 20067 (Natural, S, Cenidor)",Bermuda Jogger Lino 20067,"Natural, S, Cenidor",NATU,S
,1-BERM-M-20023-BLUE-L-BUDA,"Bermuda Plano 20023 (Blue, L, Budapestt)",Bermuda Plano 20023,"Blue, L, Budapestt",BLUE,L
,1-BERM-M-20023-BLUE-S-AIRB,"Bermuda Plano 20023 (Blue, S, Airborn)",Bermuda Plano 20023,"Blue, S, Airborn",BLUE,S
,1-BERM-M-20023-BLUE-XL-BUDA,"Bermuda Plano 20023 (Blue, XL, Budapestt)",Bermuda Plano 20023,"Blue, XL, Budapestt",BLUE,XL
,1-BERM-M-20023-ECRU-L-BUDA,"Bermuda Plano 20023 (Ecru, L, Budapestt)",Bermuda Plano 20023,"Ecru, L, Budapestt",ECRU,L
2000000010830,1-BERM-M-20023-ECRU-M-NOBR,"Bermuda Plano 20023 (Ecru, M, nobrand)",Bermuda Plano 20023,"Ecru, M, nobrand",ECRU,M
,1-BERM-M-20023-ECRU-XL-AIRB,"Bermuda Plano 20023 (Ecru, XL, Airborn)",Bermuda Plano 20023,"Ecru, XL, Airborn",ECRU,XL
,1-BERM-M-20023-ECRU-XXL-BUDA,"Bermuda Plano 20023 (Ecru, XXL, Budapestt)",Bermuda Plano 20023,"Ecru, XXL, Budapestt",ECRU,XXL
,1-BERM-M-20023-BLUE-L-AIRB,"Bermuda Plano 20023 (Blue, L, Airborn)",Bermuda Plano 20023,"Blue, L, Airborn",BLUE,L
,1-BERM-M-20058-BRWN-XL-AIRB,"Bermuda Plano 20058 (XL, Airborn)",Bermuda Plano 20058,"XL, Airborn",BRWN,XL
,1-BERM-M-20058-BRWN-XXL-BUDA,"Bermuda Plano 20058 (XXL, Budapestt)",Bermuda Plano 20058,"XXL, Budapestt",BRWN,XXL
2000000007809,1-BERM-M-20067-NATU-XL-NOBR,"Bermuda Jogger Lino 20067 (Natural, XL, nobrand)",Bermuda Jogger Lino 20067,"Natural, XL, nobrand",NATU,XL
2000000007793,1-BERM-M-20067-NATU-S-NOBR,"Bermuda Jogger Lino 20067 (Natural, S, nobrand)",Bermuda Jogger Lino 20067,"Natural, S, nobrand",NATU,S
2000000010779,1-BERM-M-20023-BLUE-L-NOBR,"Bermuda Plano 20023 (Blue, L, nobrand)",Bermuda Plano 20023,"Blue, L, nobrand",BLUE,L
,1-BERM-M-20023-BLUE-S-BUDA,"Bermuda Plano 20023 (Blue, S, Budapestt)",Bermuda Plano 20023,"Blue, S, Budapestt",BLUE,S
,1-BERM-M-20023-BLUE-XXL-BUDA,"Bermuda Plano 20023 (Blue, XXL, Budapestt)",Bermuda Plano 20023,"Blue, XXL, Budapestt",BLUE,XXL
2000000010823,1-BERM-M-20023-ECRU-L-NOBR,"Bermuda Plano 20023 (Ecru, L, nobrand)",Bermuda Plano 20023,"Ecru, L, nobrand",ECRU,L
,1-BERM-M-20023-ECRU-S-AIRB,"Bermuda Plano 20023 (Ecru, S, Airborn)",Bermuda Plano 20023,"Ecru, S, Airborn",ECRU,S
,1-BERM-M-20023-ECRU-XL-BUDA,"Bermuda Plano 20023 (Ecru, XL, Budapestt)",Bermuda Plano 20023,"Ecru, XL, Budapestt",ECRU,XL
2000000010861,1-BERM-M-20023-ECRU-XXL-NOBR,"Bermuda Plano 20023 (Ecru, XXL, nobrand)",Bermuda Plano 20023,"Ecru, XXL, nobrand",ECRU,XXL
,1-BERM-M-20058-BRWN-S-AIRB,"Bermuda Plano 20058 (S, Airborn)",Bermuda Plano 20058,"S, Airborn",BRWN,S
,1-BERM-M-20058-BRWN-XL-BUDA,"Bermuda Plano 20058 (XL, Budapestt)",Bermuda Plano 20058,"XL, Budapestt",BRWN,XL
2000000010915,1-BERM-M-20058-BRWN-XXL-NOBR,"Bermuda Plano 20058 (XXL, nobrand)",Bermuda Plano 20058,"XXL, nobrand",BRWN,XXL
,1-BERM-M-20067-NATU-XXL-CENI,"Bermuda Jogger Lino 20067 (Natural, XXL, Cenidor)",Bermuda Jogger Lino 20067,"Natural, XXL, Cenidor",NATU,XXL
2000000007816,1-BERM-M-20067-NATU-XXL-NOBR,"Bermuda Jogger Lino 20067 (Natural, XXL, nobrand)",Bermuda Jogger Lino 20067,"Natural, XXL, nobrand",NATU,XXL
,1-BERM-M-20023-BLUE-M-AIRB,"Bermuda Plano 20023 (Blue, M, Airborn)",Bermuda Plano 20023,"Blue, M, Airborn",BLUE,M
2000000010793,1-BERM-M-20023-BLUE-S-NOBR,"Bermuda Plano 20023 (Blue, S, nobrand)",Bermuda Plano 20023,"Blue, S, nobrand",BLUE,S
2000000010816,1-BERM-M-20023-BLUE-XXL-NOBR,"Bermuda Plano 20023 (Blue, XXL, nobrand)",Bermuda Plano 20023,"Blue, XXL, nobrand",BLUE,XXL
,1-BERM-M-20023-ECRU-M-AIRB,"Bermuda Plano 20023 (Ecru, M, Airborn)",Bermuda Plano 20023,"Ecru, M, Airborn",ECRU,M
,1-BERM-M-20023-ECRU-S-BUDA,"Bermuda Plano 20023 (Ecru, S, Budapestt)",Bermuda Plano 20023,"Ecru, S, Budapestt",ECRU,S
2000000010854,1-BERM-M-20023-ECRU-XL-NOBR,"Bermuda Plano 20023 (Ecru, XL, nobrand)",Bermuda Plano 20023,"Ecru, XL, nobrand",ECRU,XL
2000000010809,1-BERM-M-20023-BLUE-XL-NOBR,"Bermuda Plano 20023 (Blue, XL, nobrand)",Bermuda Plano 20023,"Blue, XL, nobrand",BLUE,XL
,1-BERM-M-20058-BRWN-S-BUDA,"Bermuda Plano 20058 (S, Budapestt)",Bermuda Plano 20058,"S, Budapestt",BRWN,S
2000000010908,1-BERM-M-20058-BRWN-XL-NOBR,"Bermuda Plano 20058 (XL, nobrand)",Bermuda Plano 20058,"XL, nobrand",BRWN,XL
,1-BERM-M-20058-BRWN-L-AIRB,"Bermuda Plano 20058 (L, Airborn)",Bermuda Plano 20058,"L, Airborn",BRWN,L
,1-BERM-M-20067-NAVY-L-CENI,"Bermuda Jogger Lino 20067 (Navy, L, Cenidor)",Bermuda Jogger Lino 20067,"Navy, L, Cenidor",NAVY,L
,1-BERM-M-20023-BLUE-M-BUDA,"Bermuda Plano 20023 (Blue, M, Budapestt)",Bermuda Plano 20023,"Blue, M, Budapestt",BLUE,M
2000000010786,1-BERM-M-20023-BLUE-M-NOBR,"Bermuda Plano 20023 (Blue, M, nobrand)",Bermuda Plano 20023,"Blue, M, nobrand",BLUE,M
,1-BERM-M-20023-BLUE-XL-AIRB,"Bermuda Plano 20023 (Blue, XL, Airborn)",Bermuda Plano 20023,"Blue, XL, Airborn",BLUE,XL
,1-BERM-M-20023-ECRU-L-AIRB,"Bermuda Plano 20023 (Ecru, L, Airborn)",Bermuda Plano 20023,"Ecru, L, Airborn",ECRU,L
,1-BERM-M-20023-ECRU-M-BUDA,"Bermuda Plano 20023 (Ecru, M, Budapestt)",Bermuda Plano 20023,"Ecru, M, Budapestt",ECRU,M
2000000010847,1-BERM-M-20023-ECRU-S-NOBR,"Bermuda Plano 20023 (Ecru, S, nobrand)",Bermuda Plano 20023,"Ecru, S, nobrand",ECRU,S
,1-BERM-M-20023-ECRU-XXL-AIRB,"Bermuda Plano 20023 (Ecru, XXL, Airborn)",Bermuda Plano 20023,"Ecru, XXL, Airborn",ECRU,XXL
,1-BERM-M-20023-BLUE-XXL-AIRB,"Bermuda Plano 20023 (Blue, XXL, Airborn)",Bermuda Plano 20023,"Blue, XXL, Airborn",BLUE,XXL
2000000010892,1-BERM-M-20058-BRWN-S-NOBR,"Bermuda Plano 20058 (S, nobrand)",Bermuda Plano 20058,"S, nobrand",BRWN,S
,1-BERM-M-20058-BRWN-XXL-AIRB,"Bermuda Plano 20058 (XXL, Airborn)",Bermuda Plano 20058,"XXL, Airborn",BRWN,XXL
,1-BERM-M-20058-BRWN-L-BUDA,"Bermuda Plano 20058 (L, Budapestt)",Bermuda Plano 20058,"L, Budapestt",BRWN,L
2000000010878,1-BERM-M-20058-BRWN-L-NOBR,"Bermuda Plano 20058 (L, nobrand)",Bermuda Plano 20058,"L, nobrand",BRWN,L
2000000005201,1-TRDB-M-BLUBE-UNIC-XXL-NOBR,Blue Beach BLUBE (XXL),Blue Beach BLUBE,XXL,UNIC,XXL
2000000005171,1-TRDB-M-BLUBE-UNIC-M-NOBR,Blue Beach BLUBE (M),Blue Beach BLUBE,M,UNIC,M
2000000005218,1-TRDB-M-BREME-UNIC-L-NOBR,Bremen BREME (L),Bremen BREME,L,UNIC,L
2000000005300,1-TRDB-M-BRUSE-UNIC-XXL-NOBR,Bruselas BRUSE (XXL),Bruselas BRUSE,XXL,UNIC,XXL
2000000024554,1-CAMP-M-01174-MGRN-L-PUFE,"Byron 01174 (Military green, L, Puffers)",Byron 01174,"Military green, L, Puffers",MGRN,L
2000000024370,1-CAMP-M-01174-BEIG-M-PUFE,"Byron 01174 (Beige, M, Puffers)",Byron 01174,"Beige, M, Puffers",BEIG,M
2000000024431,1-CAMP-M-01174-BEIG-XXL-PUFE,"Byron 01174 (Beige, XXL, Puffers)",Byron 01174,"Beige, XXL, Puffers",BEIG,XXL
2000000024363,1-CAMP-M-01174-BEIG-M-NOBR,"Byron 01174 (Beige, M, nobrand)",Byron 01174,"Beige, M, nobrand",BEIG,M
2000000024639,1-CAMP-M-01174-MGRN-XXL-PUFE,"Byron 01174 (Military green, XXL, Puffers)",Byron 01174,"Military green, XXL, Puffers",MGRN,XXL
2000000024509,1-CAMP-M-01174-BLCK-XL-NOBR,"Byron 01174 (BLACK, XL, nobrand)",Byron 01174,"BLACK, XL, nobrand",BLCK,XL
2000000024424,1-CAMP-M-01174-BEIG-XXL-NOBR,"Byron 01174 (Beige, XXL, nobrand)",Byron 01174,"Beige, XXL, nobrand",BEIG,XXL
,1-BERM-M-20058-BRWN-M-AIRB,"Bermuda Plano 20058 (M, Airborn)",Bermuda Plano 20058,"M, Airborn",BRWN,M
2000000005195,1-TRDB-M-BLUBE-UNIC-XL-NOBR,Blue Beach BLUBE (XL),Blue Beach BLUBE,XL,UNIC,XL
2000000005256,1-TRDB-M-BREME-UNIC-XXL-NOBR,Bremen BREME (XXL),Bremen BREME,XXL,UNIC,XXL
2000000005249,1-TRDB-M-BREME-UNIC-XL-NOBR,Bremen BREME (XL),Bremen BREME,XL,UNIC,XL
2000000005287,1-TRDB-M-BRUSE-UNIC-S-NOBR,Bruselas BRUSE (S),Bruselas BRUSE,S,UNIC,S
2000000024561,1-CAMP-M-01174-MGRN-M-NOBR,"Byron 01174 (Military green, M, nobrand)",Byron 01174,"Military green, M, nobrand",MGRN,M
2000000024592,1-CAMP-M-01174-MGRN-S-PUFE,"Byron 01174 (Military green, S, Puffers)",Byron 01174,"Military green, S, Puffers",MGRN,S
2000000024448,1-CAMP-M-01174-BLCK-L-NOBR,"Byron 01174 (BLACK, L, nobrand)",Byron 01174,"BLACK, L, nobrand",BLCK,L
2000000024387,1-CAMP-M-01174-BEIG-S-NOBR,"Byron 01174 (Beige, S, nobrand)",Byron 01174,"Beige, S, nobrand",BEIG,S
2000000024356,1-CAMP-M-01174-BEIG-L-PUFE,"Byron 01174 (Beige, L, Puffers)",Byron 01174,"Beige, L, Puffers",BEIG,L
2000000024493,1-CAMP-M-01174-BLCK-S-PUFE,"Byron 01174 (BLACK, S, Puffers)",Byron 01174,"BLACK, S, Puffers",BLCK,S
2000000024400,1-CAMP-M-01174-BEIG-XL-NOBR,"Byron 01174 (Beige, XL, nobrand)",Byron 01174,"Beige, XL, nobrand",BEIG,XL
,1-BERM-M-20058-BRWN-M-BUDA,"Bermuda Plano 20058 (M, Budapestt)",Bermuda Plano 20058,"M, Budapestt",BRWN,M
2000000005188,1-TRDB-M-BLUBE-UNIC-S-NOBR,Blue Beach BLUBE (S),Blue Beach BLUBE,S,UNIC,S
2000000005232,1-TRDB-M-BREME-UNIC-S-NOBR,Bremen BREME (S),Bremen BREME,S,UNIC,S
2000000005294,1-TRDB-M-BRUSE-UNIC-XL-NOBR,Bruselas BRUSE (XL),Bruselas BRUSE,XL,UNIC,XL
2000000005263,1-TRDB-M-BRUSE-UNIC-L-NOBR,Bruselas BRUSE (L),Bruselas BRUSE,L,UNIC,L
2000000024578,1-CAMP-M-01174-MGRN-M-PUFE,"Byron 01174 (Military green, M, Puffers)",Byron 01174,"Military green, M, Puffers",MGRN,M
2000000024608,1-CAMP-M-01174-MGRN-XL-NOBR,"Byron 01174 (Military green, XL, nobrand)",Byron 01174,"Military green, XL, nobrand",MGRN,XL
2000000024523,1-CAMP-M-01174-BLCK-XXL-NOBR,"Byron 01174 (BLACK, XXL, nobrand)",Byron 01174,"BLACK, XXL, nobrand",BLCK,XXL
2000000024615,1-CAMP-M-01174-MGRN-XL-PUFE,"Byron 01174 (Military green, XL, Puffers)",Byron 01174,"Military green, XL, Puffers",MGRN,XL
2000000024349,1-CAMP-M-01174-BEIG-L-NOBR,"Byron 01174 (Beige, L, nobrand)",Byron 01174,"Beige, L, nobrand",BEIG,L
2000000024486,1-CAMP-M-01174-BLCK-S-NOBR,"Byron 01174 (BLACK, S, nobrand)",Byron 01174,"BLACK, S, nobrand",BLCK,S
2000000024417,1-CAMP-M-01174-BEIG-XL-PUFE,"Byron 01174 (Beige, XL, Puffers)",Byron 01174,"Beige, XL, Puffers",BEIG,XL
2000000010885,1-BERM-M-20058-BRWN-M-NOBR,"Bermuda Plano 20058 (M, nobrand)",Bermuda Plano 20058,"M, nobrand",BRWN,M
2000000005164,1-TRDB-M-BLUBE-UNIC-L-NOBR,Blue Beach BLUBE (L),Blue Beach BLUBE,L,UNIC,L
2000000005225,1-TRDB-M-BREME-UNIC-M-NOBR,Bremen BREME (M),Bremen BREME,M,UNIC,M
2000000005270,1-TRDB-M-BRUSE-UNIC-M-NOBR,Bruselas BRUSE (M),Bruselas BRUSE,M,UNIC,M
2000000024530,1-CAMP-M-01174-BLCK-XXL-PUFE,"Byron 01174 (BLACK, XXL, Puffers)",Byron 01174,"BLACK, XXL, Puffers",BLCK,XXL
2000000024585,1-CAMP-M-01174-MGRN-S-NOBR,"Byron 01174 (Military green, S, nobrand)",Byron 01174,"Military green, S, nobrand",MGRN,S
2000000024455,1-CAMP-M-01174-BLCK-L-PUFE,"Byron 01174 (BLACK, L, Puffers)",Byron 01174,"BLACK, L, Puffers",BLCK,L
2000000024462,1-CAMP-M-01174-BLCK-M-NOBR,"Byron 01174 (BLACK, M, nobrand)",Byron 01174,"BLACK, M, nobrand",BLCK,M
2000000024622,1-CAMP-M-01174-MGRN-XXL-NOBR,"Byron 01174 (Military green, XXL, nobrand)",Byron 01174,"Military green, XXL, nobrand",MGRN,XXL
2000000024516,1-CAMP-M-01174-BLCK-XL-PUFE,"Byron 01174 (BLACK, XL, Puffers)",Byron 01174,"BLACK, XL, Puffers",BLCK,XL
2000000024479,1-CAMP-M-01174-BLCK-M-PUFE,"Byron 01174 (BLACK, M, Puffers)",Byron 01174,"BLACK, M, Puffers",BLCK,M
2000000024547,1-CAMP-M-01174-MGRN-L-NOBR,"Byron 01174 (Military green, L, nobrand)",Byron 01174,"Military green, L, nobrand",MGRN,L
2000000024394,1-CAMP-M-01174-BEIG-S-PUFE,"Byron 01174 (Beige, S, Puffers)",Byron 01174,"Beige, S, Puffers",BEIG,S
,2-BI-U-CARRE-UNIC-XL-0PRK-10V,"CARRERA (XL, 10V)",CARRERA,"XL, 10V",UNIC,XL
2000000053110,2-BI-U-CARRE-UNIC-L-0PRK-10V,"CARRERA (L, 10V)",CARRERA,"L, 10V",UNIC,L
2000000053165,2-BI-U-CARRE-UNIC-M-0PRK-24V,"CARRERA (M, 24V)",CARRERA,"M, 24V",UNIC,M
2000000002675,1-CHOM-M-CAYTO-BLCK-L-ORSO,"CAYTO (BLACK, L, Orso Bianco)",CAYTO,"BLACK, L, Orso Bianco",BLCK,L
2000000002972,1-CHOM-M-CAYTO-NAVY-L-ORSO,"CAYTO (Navy, L, Orso Bianco)",CAYTO,"Navy, L, Orso Bianco",NAVY,L
2000000002934,1-CHOM-M-CAYTO-ECRU-XL-ORSO,"CAYTO (Ecru, XL, Orso Bianco)",CAYTO,"Ecru, XL, Orso Bianco",ECRU,XL
2000000002903,1-CHOM-M-CAYTO-ECRU-S-NOBR,"CAYTO (Ecru, S, no brand)",CAYTO,"Ecru, S, no brand",ECRU,S
2000000002866,1-CHOM-M-CAYTO-ECRU-L-NOBR,"CAYTO (Ecru, L, no brand)",CAYTO,"Ecru, L, no brand",ECRU,L
2000000002828,1-CHOM-M-CAYTO-DKGR-XL-NOBR,"CAYTO (Dark grey, XL, no brand)",CAYTO,"Dark grey, XL, no brand",DKGR,XL
2000000002750,1-CHOM-M-CAYTO-BLCK-XXL-ORSO,"CAYTO (BLACK, XXL, Orso Bianco)",CAYTO,"BLACK, XXL, Orso Bianco",BLCK,XXL
,2-BI-U-CARRE-UNIC-XL-0PRK-24V,"CARRERA (XL, 24V)",CARRERA,"XL, 24V",UNIC,XL
2000000053196,2-BI-U-CARRE-UNIC-S-0PRK-24V,"CARRERA (S, 24V)",CARRERA,"S, 24V",UNIC,S
2000000053158,2-BI-U-CARRE-UNIC-M-0PRK-21V,"CARRERA (M, 21V)",CARRERA,"M, 21V",UNIC,M
2000000002668,1-CHOM-M-CAYTO-BLCK-L-NOBR,"CAYTO (BLACK, L, no brand)",CAYTO,"BLACK, L, no brand",BLCK,L
2000000002965,1-CHOM-M-CAYTO-NAVY-L-NOBR,"CAYTO (Navy, L, no brand)",CAYTO,"Navy, L, no brand",NAVY,L
2000000002927,1-CHOM-M-CAYTO-ECRU-XL-NOBR,"CAYTO (Ecru, XL, no brand)",CAYTO,"Ecru, XL, no brand",ECRU,XL
2000000002897,1-CHOM-M-CAYTO-ECRU-M-ORSO,"CAYTO (Ecru, M, Orso Bianco)",CAYTO,"Ecru, M, Orso Bianco",ECRU,M
2000000002859,1-CHOM-M-CAYTO-DKGR-XXL-ORSO,"CAYTO (Dark grey, XXL, Orso Bianco)",CAYTO,"Dark grey, XXL, Orso Bianco",DKGR,XXL
2000000002729,1-CHOM-M-CAYTO-BLCK-XL-NOBR,"CAYTO (BLACK, XL, no brand)",CAYTO,"BLACK, XL, no brand",BLCK,XL
2000000002767,1-CHOM-M-CAYTO-DKGR-L-NOBR,"CAYTO (Dark grey, L, no brand)",CAYTO,"Dark grey, L, no brand",DKGR,L
2000000053141,2-BI-U-CARRE-UNIC-M-0PRK-10V,"CARRERA (M, 10V)",CARRERA,"M, 10V",UNIC,M
2000000055466,2-BI-U-CARRE-UNIC-XL-0PRK-21V,"CARRERA (XL, 21V)",CARRERA,"XL, 21V",UNIC,XL
2000000053189,2-BI-U-CARRE-UNIC-S-0PRK-21V,"CARRERA (S, 21V)",CARRERA,"S, 21V",UNIC,S
2000000002699,1-CHOM-M-CAYTO-BLCK-M-ORSO,"CAYTO (BLACK, M, Orso Bianco)",CAYTO,"BLACK, M, Orso Bianco",BLCK,M
2000000002996,1-CHOM-M-CAYTO-NAVY-M-ORSO,"CAYTO (Navy, M, Orso Bianco)",CAYTO,"Navy, M, Orso Bianco",NAVY,M
2000000002958,1-CHOM-M-CAYTO-ECRU-XXL-ORSO,"CAYTO (Ecru, XXL, Orso Bianco)",CAYTO,"Ecru, XXL, Orso Bianco",ECRU,XXL
2000000002705,1-CHOM-M-CAYTO-BLCK-S-NOBR,"CAYTO (BLACK, S, no brand)",CAYTO,"BLACK, S, no brand",BLCK,S
2000000002880,1-CHOM-M-CAYTO-ECRU-M-NOBR,"CAYTO (Ecru, M, no brand)",CAYTO,"Ecru, M, no brand",ECRU,M
2000000002842,1-CHOM-M-CAYTO-DKGR-XXL-NOBR,"CAYTO (Dark grey, XXL, no brand)",CAYTO,"Dark grey, XXL, no brand",DKGR,XXL
2000000002736,1-CHOM-M-CAYTO-BLCK-XL-ORSO,"CAYTO (BLACK, XL, Orso Bianco)",CAYTO,"BLACK, XL, Orso Bianco",BLCK,XL
2000000002774,1-CHOM-M-CAYTO-DKGR-L-ORSO,"CAYTO (Dark grey, L, Orso Bianco)",CAYTO,"Dark grey, L, Orso Bianco",DKGR,L
2000000053134,2-BI-U-CARRE-UNIC-L-0PRK-24V,"CARRERA (L, 24V)",CARRERA,"L, 24V",UNIC,L
2000000053127,2-BI-U-CARRE-UNIC-L-0PRK-21V,"CARRERA (L, 21V)",CARRERA,"L, 21V",UNIC,L
2000000053172,2-BI-U-CARRE-UNIC-S-0PRK-10V,"CARRERA (S, 10V)",CARRERA,"S, 10V",UNIC,S
2000000002682,1-CHOM-M-CAYTO-BLCK-M-NOBR,"CAYTO (BLACK, M, no brand)",CAYTO,"BLACK, M, no brand",BLCK,M
2000000002989,1-CHOM-M-CAYTO-NAVY-M-NOBR,"CAYTO (Navy, M, no brand)",CAYTO,"Navy, M, no brand",NAVY,M
2000000002941,1-CHOM-M-CAYTO-ECRU-XXL-NOBR,"CAYTO (Ecru, XXL, no brand)",CAYTO,"Ecru, XXL, no brand",ECRU,XXL
2000000002910,1-CHOM-M-CAYTO-ECRU-S-ORSO,"CAYTO (Ecru, S, Orso Bianco)",CAYTO,"Ecru, S, Orso Bianco",ECRU,S
2000000002873,1-CHOM-M-CAYTO-ECRU-L-ORSO,"CAYTO (Ecru, L, Orso Bianco)",CAYTO,"Ecru, L, Orso Bianco",ECRU,L
2000000002835,1-CHOM-M-CAYTO-DKGR-XL-ORSO,"CAYTO (Dark grey, XL, Orso Bianco)",CAYTO,"Dark grey, XL, Orso Bianco",DKGR,XL
2000000002743,1-CHOM-M-CAYTO-BLCK-XXL-NOBR,"CAYTO (BLACK, XXL, no brand)",CAYTO,"BLACK, XXL, no brand",BLCK,XXL
2000000002781,1-CHOM-M-CAYTO-DKGR-M-NOBR,"CAYTO (Dark grey, M, no brand)",CAYTO,"Dark grey, M, no brand",DKGR,M
2000000002798,1-CHOM-M-CAYTO-DKGR-M-ORSO,"CAYTO (Dark grey, M, Orso Bianco)",CAYTO,"Dark grey, M, Orso Bianco",DKGR,M
2000000003047,1-CHOM-M-CAYTO-NAVY-XXL-NOBR,"CAYTO (Navy, XXL, no brand)",CAYTO,"Navy, XXL, no brand",NAVY,XXL
2000000003009,1-CHOM-M-CAYTO-NAVY-S-NOBR,"CAYTO (Navy, S, no brand)",CAYTO,"Navy, S, no brand",NAVY,S
,CURVA-CAYTO-NAVY-NOBR,CAYTON NAVY — Curva 8u (1S/2M/2L/2XL/1XXL),CAYTON NAVY — Curva 8u,1S/2M/2L/2XL/1XXL,,
2000000000145,1-BERM-M-CHINO-NATU-M-OLDB,"CHINO (Natural, M, Old Bridge)",CHINO,"Natural, M, Old Bridge",NATU,M
2000000000299,1-BERM-M-CHINO-NAVY-XXL-NOBR,"CHINO (Navy, XXL, no brand)",CHINO,"Navy, XXL, no brand",NAVY,XXL
2000000000114,1-BERM-M-CHINO-NATU-L-NOBR,"CHINO (Natural, L, no brand)",CHINO,"Natural, L, no brand",NATU,L
2000000000350,1-BERM-M-CHINO-WHIT-S-NOBR,"CHINO (White, S, no brand)",CHINO,"White, S, no brand",WHIT,S
2000000000183,1-BERM-M-CHINO-NATU-XL-OLDB,"CHINO (Natural, XL, Old Bridge)",CHINO,"Natural, XL, Old Bridge",NATU,XL
2000000000220,1-BERM-M-CHINO-NAVY-L-OLDB,"CHINO (Navy, L, Old Bridge)",CHINO,"Navy, L, Old Bridge",NAVY,L
2000000000268,1-BERM-M-CHINO-NAVY-S-OLDB,"CHINO (Navy, S, Old Bridge)",CHINO,"Navy, S, Old Bridge",NAVY,S
2000000000312,1-BERM-M-CHINO-WHIT-L-NOBR,"CHINO (White, L, no brand)",CHINO,"White, L, no brand",WHIT,L
2000000002804,1-CHOM-M-CAYTO-DKGR-S-NOBR,"CAYTO (Dark grey, S, no brand)",CAYTO,"Dark grey, S, no brand",DKGR,S
2000000003030,1-CHOM-M-CAYTO-NAVY-XL-ORSO,"CAYTO (Navy, XL, Orso Bianco)",CAYTO,"Navy, XL, Orso Bianco",NAVY,XL
2000000002712,1-CHOM-M-CAYTO-BLCK-S-ORSO,"CAYTO (BLACK, S, Orso Bianco)",CAYTO,"BLACK, S, Orso Bianco",BLCK,S
,CURVA-CAYTO-ECRU-NOBR,CAYTON OFFWHITE — Curva 8u (1S/2M/2L/2XL/1XXL),CAYTON OFFWHITE — Curva 8u,1S/2M/2L/2XL/1XXL,,
2000000000381,1-BERM-M-CHINO-WHIT-XL-OLDB,"CHINO (White, XL, Old Bridge)",CHINO,"White, XL, Old Bridge",WHIT,XL
2000000000091,1-BERM-M-CHINO-BLCK-XXL-NOBR,"CHINO (BLACK, XXL, no brand)",CHINO,"BLACK, XXL, no brand",BLCK,XXL
2000000000121,1-BERM-M-CHINO-NATU-L-OLDB,"CHINO (Natural, L, Old Bridge)",CHINO,"Natural, L, Old Bridge",NATU,L
2000000000152,1-BERM-M-CHINO-NATU-S-NOBR,"CHINO (Natural, S, no brand)",CHINO,"Natural, S, no brand",NATU,S
2000000000190,1-BERM-M-CHINO-NATU-XXL-NOBR,"CHINO (Natural, XXL, no brand)",CHINO,"Natural, XXL, no brand",NATU,XXL
2000000000237,1-BERM-M-CHINO-NAVY-M-NOBR,"CHINO (Navy, M, no brand)",CHINO,"Navy, M, no brand",NAVY,M
2000000000343,1-BERM-M-CHINO-WHIT-M-OLDB,"CHINO (White, M, Old Bridge)",CHINO,"White, M, Old Bridge",WHIT,M
2000000000367,1-BERM-M-CHINO-WHIT-S-OLDB,"CHINO (White, S, Old Bridge)",CHINO,"White, S, Old Bridge",WHIT,S
2000000002811,1-CHOM-M-CAYTO-DKGR-S-ORSO,"CAYTO (Dark grey, S, Orso Bianco)",CAYTO,"Dark grey, S, Orso Bianco",DKGR,S
2000000003023,1-CHOM-M-CAYTO-NAVY-XL-NOBR,"CAYTO (Navy, XL, no brand)",CAYTO,"Navy, XL, no brand",NAVY,XL
,CURVA-CAYTO-BLCK-NOBR,CAYTON BLACK — Curva 8u (1S/2M/2L/2XL/1XXL),CAYTON BLACK — Curva 8u,1S/2M/2L/2XL/1XXL,,
2000000000282,1-BERM-M-CHINO-NAVY-XL-OLDB,"CHINO (Navy, XL, Old Bridge)",CHINO,"Navy, XL, Old Bridge",NAVY,XL
2000000000404,1-BERM-M-CHINO-WHIT-XXL-OLDB,"CHINO (White, XXL, Old Bridge)",CHINO,"White, XXL, Old Bridge",WHIT,XXL
2000000000107,1-BERM-M-CHINO-BLCK-XXL-OLDB,"CHINO (BLACK, XXL, Old Bridge)",CHINO,"BLACK, XXL, Old Bridge",BLCK,XXL
2000000000398,1-BERM-M-CHINO-WHIT-XXL-NOBR,"CHINO (White, XXL, no brand)",CHINO,"White, XXL, no brand",WHIT,XXL
2000000000169,1-BERM-M-CHINO-NATU-S-OLDB,"CHINO (Natural, S, Old Bridge)",CHINO,"Natural, S, Old Bridge",NATU,S
2000000000206,1-BERM-M-CHINO-NATU-XXL-OLDB,"CHINO (Natural, XXL, Old Bridge)",CHINO,"Natural, XXL, Old Bridge",NATU,XXL
2000000000244,1-BERM-M-CHINO-NAVY-M-OLDB,"CHINO (Navy, M, Old Bridge)",CHINO,"Navy, M, Old Bridge",NAVY,M
2000000000336,1-BERM-M-CHINO-WHIT-M-NOBR,"CHINO (White, M, no brand)",CHINO,"White, M, no brand",WHIT,M
2000000000015,1-BERM-M-CHINO-BLCK-L-NOBR,"CHINO (BLACK, L, no brand)",CHINO,"BLACK, L, no brand",BLCK,L
2000000003054,1-CHOM-M-CAYTO-NAVY-XXL-ORSO,"CAYTO (Navy, XXL, Orso Bianco)",CAYTO,"Navy, XXL, Orso Bianco",NAVY,XXL
2000000003016,1-CHOM-M-CAYTO-NAVY-S-ORSO,"CAYTO (Navy, S, Orso Bianco)",CAYTO,"Navy, S, Orso Bianco",NAVY,S
,CURVA-CAYTO-DKGR-NOBR,CAYTON DARK GREY — Curva 8u (1S/2M/2L/2XL/1XXL),CAYTON DARK GREY — Curva 8u,1S/2M/2L/2XL/1XXL,,
2000000000138,1-BERM-M-CHINO-NATU-M-NOBR,"CHINO (Natural, M, no brand)",CHINO,"Natural, M, no brand",NATU,M
2000000000305,1-BERM-M-CHINO-NAVY-XXL-OLDB,"CHINO (Navy, XXL, Old Bridge)",CHINO,"Navy, XXL, Old Bridge",NAVY,XXL
2000000000374,1-BERM-M-CHINO-WHIT-XL-NOBR,"CHINO (White, XL, no brand)",CHINO,"White, XL, no brand",WHIT,XL
2000000000275,1-BERM-M-CHINO-NAVY-XL-NOBR,"CHINO (Navy, XL, no brand)",CHINO,"Navy, XL, no brand",NAVY,XL
2000000000176,1-BERM-M-CHINO-NATU-XL-NOBR,"CHINO (Natural, XL, no brand)",CHINO,"Natural, XL, no brand",NATU,XL
2000000000213,1-BERM-M-CHINO-NAVY-L-NOBR,"CHINO (Navy, L, no brand)",CHINO,"Navy, L, no brand",NAVY,L
2000000000251,1-BERM-M-CHINO-NAVY-S-NOBR,"CHINO (Navy, S, no brand)",CHINO,"Navy, S, no brand",NAVY,S
2000000000329,1-BERM-M-CHINO-WHIT-L-OLDB,"CHINO (White, L, Old Bridge)",CHINO,"White, L, Old Bridge",WHIT,L
2000000000022,1-BERM-M-CHINO-BLCK-L-OLDB,"CHINO (BLACK, L, Old Bridge)",CHINO,"BLACK, L, Old Bridge",BLCK,L
2000000000039,1-BERM-M-CHINO-BLCK-M-NOBR,"CHINO (BLACK, M, no brand)",CHINO,"BLACK, M, no brand",BLCK,M
2000000000077,1-BERM-M-CHINO-BLCK-XL-NOBR,"CHINO (BLACK, XL, no brand)",CHINO,"BLACK, XL, no brand",BLCK,XL
2000000052748,4-GORR-M-04001-BLCK-PARK,CURL 04001 (BLACK),CURL 04001,BLACK,,
2000000052939,CC-GREY,Caja camperas (grey),Caja camperas,grey,,
2000000008943,1-CAMI-M-10038-ECRU-S-NOBR,"Camisa Crochet 10038 (S, nobrand)",Camisa Crochet 10038,"S, nobrand",ECRU,S
,1-CAMI-M-10038-ECRU-M-BUDA,"Camisa Crochet 10038 (M, Budapestt)",Camisa Crochet 10038,"M, Budapestt",ECRU,M
2000000009018,1-CAMI-M-10039-ECRU-XXL-NOBR,Camisa Crochet 10039 (XXL),Camisa Crochet 10039,XXL,ECRU,XXL
2000000008974,1-CAMI-M-10039-ECRU-L-NOBR,Camisa Crochet 10039 (L),Camisa Crochet 10039,L,ECRU,L
2000000009063,1-CAMI-M-10041-BLCK-XXL-NOBR,"Camisa Crochet 10041 (XXL, nobrand)",Camisa Crochet 10041,"XXL, nobrand",BLCK,XXL
,1-CAMI-M-10041-BLCK-S-BUDA,"Camisa Crochet 10041 (S, Budapestt)",Camisa Crochet 10041,"S, Budapestt",BLCK,S
2000000009100,1-CAMI-M-10042-ECRU-XL-NOBR,Camisa Crochet 10042 (XL),Camisa Crochet 10042,XL,ECRU,XL
2000000000046,1-BERM-M-CHINO-BLCK-M-OLDB,"CHINO (BLACK, M, Old Bridge)",CHINO,"BLACK, M, Old Bridge",BLCK,M
2000000000084,1-BERM-M-CHINO-BLCK-XL-OLDB,"CHINO (BLACK, XL, Old Bridge)",CHINO,"BLACK, XL, Old Bridge",BLCK,XL
2000000052731,4-GORR-M-04001-BEIG-PARK,CURL 04001 (Beige),CURL 04001,Beige,,
2000000052922,CC-BLCK,Caja camperas (BLACK),Caja camperas,BLACK,,
2000000008936,1-CAMI-M-10038-ECRU-M-NOBR,"Camisa Crochet 10038 (M, nobrand)",Camisa Crochet 10038,"M, nobrand",ECRU,M
,1-CAMI-M-10038-ECRU-S-BUDA,"Camisa Crochet 10038 (S, Budapestt)",Camisa Crochet 10038,"S, Budapestt",ECRU,S
2000000009001,1-CAMI-M-10039-ECRU-XL-NOBR,Camisa Crochet 10039 (XL),Camisa Crochet 10039,XL,ECRU,XL
,1-CAMI-M-10041-BLCK-XXL-BUDA,"Camisa Crochet 10041 (XXL, Budapestt)",Camisa Crochet 10041,"XXL, Budapestt",BLCK,XXL
2000000009032,1-CAMI-M-10041-BLCK-M-NOBR,"Camisa Crochet 10041 (M, nobrand)",Camisa Crochet 10041,"M, nobrand",BLCK,M
2000000009049,1-CAMI-M-10041-BLCK-S-NOBR,"Camisa Crochet 10041 (S, nobrand)",Camisa Crochet 10041,"S, nobrand",BLCK,S
2000000009094,1-CAMI-M-10042-ECRU-S-NOBR,Camisa Crochet 10042 (S),Camisa Crochet 10042,S,ECRU,S
2000000000053,1-BERM-M-CHINO-BLCK-S-NOBR,"CHINO (BLACK, S, no brand)",CHINO,"BLACK, S, no brand",BLCK,S
,CURVA-CITRI-UNIC-NOBR,CITRIC — Curva 8u (1S/2M/2L/2XL/1XXL),CITRIC — Curva 8u,1S/2M/2L/2XL/1XXL,,
,CURVA-COZUM-UNIC-NOBR,COZUMEL — Curva 8u (1S/2M/2L/2XL/1XXL),COZUMEL — Curva 8u,1S/2M/2L/2XL/1XXL,,
2000000052755,4-GORR-M-04001-BRWN-PARK,CURL 04001 (Brown),CURL 04001,Brown,,
2000000008967,1-CAMI-M-10038-ECRU-XXL-NOBR,"Camisa Crochet 10038 (XXL, nobrand)",Camisa Crochet 10038,"XXL, nobrand",ECRU,XXL
2000000008929,1-CAMI-M-10038-ECRU-L-NOBR,"Camisa Crochet 10038 (L, nobrand)",Camisa Crochet 10038,"L, nobrand",ECRU,L
,1-CAMI-M-10038-ECRU-XXL-BUDA,"Camisa Crochet 10038 (XXL, Budapestt)",Camisa Crochet 10038,"XXL, Budapestt",ECRU,XXL
2000000008998,1-CAMI-M-10039-ECRU-S-NOBR,Camisa Crochet 10039 (S),Camisa Crochet 10039,S,ECRU,S
,1-CAMI-M-10041-BLCK-XL-BUDA,"Camisa Crochet 10041 (XL, Budapestt)",Camisa Crochet 10041,"XL, Budapestt",BLCK,XL
,1-CAMI-M-10041-BLCK-L-BUDA,"Camisa Crochet 10041 (L, Budapestt)",Camisa Crochet 10041,"L, Budapestt",BLCK,L
2000000009056,1-CAMI-M-10041-BLCK-XL-NOBR,"Camisa Crochet 10041 (XL, nobrand)",Camisa Crochet 10041,"XL, nobrand",BLCK,XL
2000000009087,1-CAMI-M-10042-ECRU-M-NOBR,Camisa Crochet 10042 (M),Camisa Crochet 10042,M,ECRU,M
2000000000060,1-BERM-M-CHINO-BLCK-S-OLDB,"CHINO (BLACK, S, Old Bridge)",CHINO,"BLACK, S, Old Bridge",BLCK,S
,CURVA-CAYTO,CRESPO,CRESPO,,,
2000000008950,1-CAMI-M-10038-ECRU-XL-NOBR,"Camisa Crochet 10038 (XL, nobrand)",Camisa Crochet 10038,"XL, nobrand",ECRU,XL
,1-CAMI-M-10038-ECRU-L-BUDA,"Camisa Crochet 10038 (L, Budapestt)",Camisa Crochet 10038,"L, Budapestt",ECRU,L
,1-CAMI-M-10038-ECRU-XL-BUDA,"Camisa Crochet 10038 (XL, Budapestt)",Camisa Crochet 10038,"XL, Budapestt",ECRU,XL
2000000008981,1-CAMI-M-10039-ECRU-M-NOBR,Camisa Crochet 10039 (M),Camisa Crochet 10039,M,ECRU,M
2000000009025,1-CAMI-M-10041-BLCK-L-NOBR,"Camisa Crochet 10041 (L, nobrand)",Camisa Crochet 10041,"L, nobrand",BLCK,L
,1-CAMI-M-10041-BLCK-M-BUDA,"Camisa Crochet 10041 (M, Budapestt)",Camisa Crochet 10041,"M, Budapestt",BLCK,M
2000000009117,1-CAMI-M-10042-ECRU-XXL-NOBR,Camisa Crochet 10042 (XXL),Camisa Crochet 10042,XXL,ECRU,XXL
2000000009070,1-CAMI-M-10042-ECRU-L-NOBR,Camisa Crochet 10042 (L),Camisa Crochet 10042,L,ECRU,L
2000000009162,1-CAMI-M-10043-GREN-XXL-NOBR,Camisa Crochet 10043 (XXL),Camisa Crochet 10043,XXL,GREN,XXL
2000000009124,1-CAMI-M-10043-GREN-L-NOBR,Camisa Crochet 10043 (L),Camisa Crochet 10043,L,GREN,L
,1-CAMI-M-10046-ECRU-M-BUDA,"Camisa Crochet 10046 (M, Budapestt)",Camisa Crochet 10046,"M, Budapestt",ECRU,M
,1-CAMI-M-10046-ECRU-XXL-BUDA,"Camisa Crochet 10046 (XXL, Budapestt)",Camisa Crochet 10046,"XXL, Budapestt",ECRU,XXL
2000000009261,1-CAMI-M-10047-ECRU-XXL-NOBR,Camisa Crochet 10047 (XXL),Camisa Crochet 10047,XXL,ECRU,XXL
2000000009285,1-CAMI-M-10048-BLUE-M-NOBR,"Camisa Crochet 10048 (Blue, M)",Camisa Crochet 10048,"Blue, M",BLUE,M
2000000009322,1-CAMI-M-10048-BRWN-L-NOBR,"Camisa Crochet 10048 (Brown, L)",Camisa Crochet 10048,"Brown, L",BRWN,L
2000000009360,1-CAMI-M-10048-BRWN-XXL-NOBR,"Camisa Crochet 10048 (Brown, XXL)",Camisa Crochet 10048,"Brown, XXL",BRWN,XXL
2000000009391,1-CAMI-M-10049-BLUE-S-NOBR,Camisa Crochet 10049 (S),Camisa Crochet 10049,S,BLUE,S
2000000009452,1-CAMI-M-10050-BLCK-XL-NOBR,Camisa Crochet 10050 (XL),Camisa Crochet 10050,XL,BLCK,XL
,1-CAMI-M-10062-BLCK-L-AIRB,"Camisa Lino M/C 10062 (BLACK, L, Airborn)",Camisa Lino M/C 10062,"BLACK, L, Airborn",BLCK,L
,1-CAMI-M-10062-BLCK-M-AIRB,"Camisa Lino M/C 10062 (BLACK, M, Airborn)",Camisa Lino M/C 10062,"BLACK, M, Airborn",BLCK,M
2000000009155,1-CAMI-M-10043-GREN-XL-NOBR,Camisa Crochet 10043 (XL),Camisa Crochet 10043,XL,GREN,XL
2000000009193,1-CAMI-M-10046-ECRU-S-NOBR,"Camisa Crochet 10046 (S, nobrand)",Camisa Crochet 10046,"S, nobrand",ECRU,S
2000000009179,1-CAMI-M-10046-ECRU-L-NOBR,"Camisa Crochet 10046 (L, nobrand)",Camisa Crochet 10046,"L, nobrand",ECRU,L
2000000009209,1-CAMI-M-10046-ECRU-XL-NOBR,"Camisa Crochet 10046 (XL, nobrand)",Camisa Crochet 10046,"XL, nobrand",ECRU,XL
2000000009230,1-CAMI-M-10047-ECRU-M-NOBR,Camisa Crochet 10047 (M),Camisa Crochet 10047,M,ECRU,M
2000000009292,1-CAMI-M-10048-BLUE-S-NOBR,"Camisa Crochet 10048 (Blue, S)",Camisa Crochet 10048,"Blue, S",BLUE,S
2000000009339,1-CAMI-M-10048-BRWN-M-NOBR,"Camisa Crochet 10048 (Brown, M)",Camisa Crochet 10048,"Brown, M",BRWN,M
2000000009278,1-CAMI-M-10048-BLUE-L-NOBR,"Camisa Crochet 10048 (Blue, L)",Camisa Crochet 10048,"Blue, L",BLUE,L
2000000009414,1-CAMI-M-10049-BLUE-XXL-NOBR,Camisa Crochet 10049 (XXL),Camisa Crochet 10049,XXL,BLUE,XXL
2000000009469,1-CAMI-M-10050-BLCK-XXL-NOBR,Camisa Crochet 10050 (XXL),Camisa Crochet 10050,XXL,BLCK,XXL
,1-CAMI-M-10062-BLCK-L-CENI,"Camisa Lino M/C 10062 (BLACK, L, Cenidor)",Camisa Lino M/C 10062,"BLACK, L, Cenidor",BLCK,L
,1-CAMI-M-10062-BLCK-M-CENI,"Camisa Lino M/C 10062 (BLACK, M, Cenidor)",Camisa Lino M/C 10062,"BLACK, M, Cenidor",BLCK,M
2000000009148,1-CAMI-M-10043-GREN-S-NOBR,Camisa Crochet 10043 (S),Camisa Crochet 10043,S,GREN,S
,1-CAMI-M-10046-ECRU-S-BUDA,"Camisa Crochet 10046 (S, Budapestt)",Camisa Crochet 10046,"S, Budapestt",ECRU,S
,1-CAMI-M-10046-ECRU-XL-BUDA,"Camisa Crochet 10046 (XL, Budapestt)",Camisa Crochet 10046,"XL, Budapestt",ECRU,XL
,1-CAMI-M-10046-ECRU-L-BUDA,"Camisa Crochet 10046 (L, Budapestt)",Camisa Crochet 10046,"L, Budapestt",ECRU,L
2000000009223,1-CAMI-M-10047-ECRU-L-NOBR,Camisa Crochet 10047 (L),Camisa Crochet 10047,L,ECRU,L
2000000009308,1-CAMI-M-10048-BLUE-XL-NOBR,"Camisa Crochet 10048 (Blue, XL)",Camisa Crochet 10048,"Blue, XL",BLUE,XL
2000000009346,1-CAMI-M-10048-BRWN-S-NOBR,"Camisa Crochet 10048 (Brown, S)",Camisa Crochet 10048,"Brown, S",BRWN,S
2000000009377,1-CAMI-M-10049-BLUE-L-NOBR,Camisa Crochet 10049 (L),Camisa Crochet 10049,L,BLUE,L
2000000009407,1-CAMI-M-10049-BLUE-XL-NOBR,Camisa Crochet 10049 (XL),Camisa Crochet 10049,XL,BLUE,XL
2000000009421,1-CAMI-M-10050-BLCK-L-NOBR,Camisa Crochet 10050 (L),Camisa Crochet 10050,L,BLCK,L
,1-CAMI-M-10062-BLCK-L-DAIL,"Camisa Lino M/C 10062 (BLACK, L, Daily)",Camisa Lino M/C 10062,"BLACK, L, Daily",BLCK,L
,1-CAMI-M-10062-BLCK-M-DAIL,"Camisa Lino M/C 10062 (BLACK, M, Daily)",Camisa Lino M/C 10062,"BLACK, M, Daily",BLCK,M
2000000009131,1-CAMI-M-10043-GREN-M-NOBR,Camisa Crochet 10043 (M),Camisa Crochet 10043,M,GREN,M
2000000009186,1-CAMI-M-10046-ECRU-M-NOBR,"Camisa Crochet 10046 (M, nobrand)",Camisa Crochet 10046,"M, nobrand",ECRU,M
2000000009216,1-CAMI-M-10046-ECRU-XXL-NOBR,"Camisa Crochet 10046 (XXL, nobrand)",Camisa Crochet 10046,"XXL, nobrand",ECRU,XXL
2000000009254,1-CAMI-M-10047-ECRU-XL-NOBR,Camisa Crochet 10047 (XL),Camisa Crochet 10047,XL,ECRU,XL
2000000009247,1-CAMI-M-10047-ECRU-S-NOBR,Camisa Crochet 10047 (S),Camisa Crochet 10047,S,ECRU,S
2000000009315,1-CAMI-M-10048-BLUE-XXL-NOBR,"Camisa Crochet 10048 (Blue, XXL)",Camisa Crochet 10048,"Blue, XXL",BLUE,XXL
2000000009353,1-CAMI-M-10048-BRWN-XL-NOBR,"Camisa Crochet 10048 (Brown, XL)",Camisa Crochet 10048,"Brown, XL",BRWN,XL
2000000009384,1-CAMI-M-10049-BLUE-M-NOBR,Camisa Crochet 10049 (M),Camisa Crochet 10049,M,BLUE,M
2000000009445,1-CAMI-M-10050-BLCK-S-NOBR,Camisa Crochet 10050 (S),Camisa Crochet 10050,S,BLCK,S
2000000009438,1-CAMI-M-10050-BLCK-M-NOBR,Camisa Crochet 10050 (M),Camisa Crochet 10050,M,BLCK,M
2000000010328,1-CAMI-M-10062-BLCK-L-NOBR,"Camisa Lino M/C 10062 (BLACK, L, nobrand)",Camisa Lino M/C 10062,"BLACK, L, nobrand",BLCK,L
2000000010335,1-CAMI-M-10062-BLCK-M-NOBR,"Camisa Lino M/C 10062 (BLACK, M, nobrand)",Camisa Lino M/C 10062,"BLACK, M, nobrand",BLCK,M
,1-CAMI-M-10062-BLCK-S-AIRB,"Camisa Lino M/C 10062 (BLACK, S, Airborn)",Camisa Lino M/C 10062,"BLACK, S, Airborn",BLCK,S
,1-CAMI-M-10062-BLCK-XL-AIRB,"Camisa Lino M/C 10062 (BLACK, XL, Airborn)",Camisa Lino M/C 10062,"BLACK, XL, Airborn",BLCK,XL
,1-CAMI-M-10062-BLCK-XXL-AIRB,"Camisa Lino M/C 10062 (BLACK, XXL, Airborn)",Camisa Lino M/C 10062,"BLACK, XXL, Airborn",BLCK,XXL
,1-CAMI-M-10062-BRWN-L-CENI,"Camisa Lino M/C 10062 (Brown, L, Cenidor)",Camisa Lino M/C 10062,"Brown, L, Cenidor",BRWN,L
,1-CAMI-M-10062-BRWN-M-CENI,"Camisa Lino M/C 10062 (Brown, M, Cenidor)",Camisa Lino M/C 10062,"Brown, M, Cenidor",BRWN,M
,1-CAMI-M-10062-BRWN-S-CENI,"Camisa Lino M/C 10062 (Brown, S, Cenidor)",Camisa Lino M/C 10062,"Brown, S, Cenidor",BRWN,S
,1-CAMI-M-10062-BRWN-XL-CENI,"Camisa Lino M/C 10062 (Brown, XL, Cenidor)",Camisa Lino M/C 10062,"Brown, XL, Cenidor",BRWN,XL
,1-CAMI-M-10062-BRWN-XXL-CENI,"Camisa Lino M/C 10062 (Brown, XXL, Cenidor)",Camisa Lino M/C 10062,"Brown, XXL, Cenidor",BRWN,XXL
,1-CAMI-M-10062-GREN-L-CENI,"Camisa Lino M/C 10062 (Green, L, Cenidor)",Camisa Lino M/C 10062,"Green, L, Cenidor",GREN,L
,1-CAMI-M-10062-GREN-M-CENI,"Camisa Lino M/C 10062 (Green, M, Cenidor)",Camisa Lino M/C 10062,"Green, M, Cenidor",GREN,M
,1-CAMI-M-10062-GREN-S-CENI,"Camisa Lino M/C 10062 (Green, S, Cenidor)",Camisa Lino M/C 10062,"Green, S, Cenidor",GREN,S
,1-CAMI-M-10062-GREN-XL-CENI,"Camisa Lino M/C 10062 (Green, XL, Cenidor)",Camisa Lino M/C 10062,"Green, XL, Cenidor",GREN,XL
,1-CAMI-M-10062-BLCK-S-CENI,"Camisa Lino M/C 10062 (BLACK, S, Cenidor)",Camisa Lino M/C 10062,"BLACK, S, Cenidor",BLCK,S
,1-CAMI-M-10062-BLCK-XL-CENI,"Camisa Lino M/C 10062 (BLACK, XL, Cenidor)",Camisa Lino M/C 10062,"BLACK, XL, Cenidor",BLCK,XL
,1-CAMI-M-10062-BLCK-XXL-CENI,"Camisa Lino M/C 10062 (BLACK, XXL, Cenidor)",Camisa Lino M/C 10062,"BLACK, XXL, Cenidor",BLCK,XXL
,1-CAMI-M-10062-BRWN-L-DAIL,"Camisa Lino M/C 10062 (Brown, L, Daily)",Camisa Lino M/C 10062,"Brown, L, Daily",BRWN,L
,1-CAMI-M-10062-BRWN-M-DAIL,"Camisa Lino M/C 10062 (Brown, M, Daily)",Camisa Lino M/C 10062,"Brown, M, Daily",BRWN,M
,1-CAMI-M-10062-BRWN-S-DAIL,"Camisa Lino M/C 10062 (Brown, S, Daily)",Camisa Lino M/C 10062,"Brown, S, Daily",BRWN,S
,1-CAMI-M-10062-BRWN-XL-DAIL,"Camisa Lino M/C 10062 (Brown, XL, Daily)",Camisa Lino M/C 10062,"Brown, XL, Daily",BRWN,XL
,1-CAMI-M-10062-BRWN-XXL-DAIL,"Camisa Lino M/C 10062 (Brown, XXL, Daily)",Camisa Lino M/C 10062,"Brown, XXL, Daily",BRWN,XXL
,1-CAMI-M-10062-GREN-L-DAIL,"Camisa Lino M/C 10062 (Green, L, Daily)",Camisa Lino M/C 10062,"Green, L, Daily",GREN,L
,1-CAMI-M-10062-GREN-M-DAIL,"Camisa Lino M/C 10062 (Green, M, Daily)",Camisa Lino M/C 10062,"Green, M, Daily",GREN,M
,1-CAMI-M-10062-GREN-S-DAIL,"Camisa Lino M/C 10062 (Green, S, Daily)",Camisa Lino M/C 10062,"Green, S, Daily",GREN,S
,1-CAMI-M-10062-GREN-XL-DAIL,"Camisa Lino M/C 10062 (Green, XL, Daily)",Camisa Lino M/C 10062,"Green, XL, Daily",GREN,XL
,1-CAMI-M-10062-BLCK-S-DAIL,"Camisa Lino M/C 10062 (BLACK, S, Daily)",Camisa Lino M/C 10062,"BLACK, S, Daily",BLCK,S
,1-CAMI-M-10062-BLCK-XL-DAIL,"Camisa Lino M/C 10062 (BLACK, XL, Daily)",Camisa Lino M/C 10062,"BLACK, XL, Daily",BLCK,XL
,1-CAMI-M-10062-BLCK-XXL-DAIL,"Camisa Lino M/C 10062 (BLACK, XXL, Daily)",Camisa Lino M/C 10062,"BLACK, XXL, Daily",BLCK,XXL
2000000010373,1-CAMI-M-10062-BRWN-L-NOBR,"Camisa Lino M/C 10062 (Brown, L, nobrand)",Camisa Lino M/C 10062,"Brown, L, nobrand",BRWN,L
2000000010380,1-CAMI-M-10062-BRWN-M-NOBR,"Camisa Lino M/C 10062 (Brown, M, nobrand)",Camisa Lino M/C 10062,"Brown, M, nobrand",BRWN,M
2000000010397,1-CAMI-M-10062-BRWN-S-NOBR,"Camisa Lino M/C 10062 (Brown, S, nobrand)",Camisa Lino M/C 10062,"Brown, S, nobrand",BRWN,S
2000000010403,1-CAMI-M-10062-BRWN-XL-NOBR,"Camisa Lino M/C 10062 (Brown, XL, nobrand)",Camisa Lino M/C 10062,"Brown, XL, nobrand",BRWN,XL
2000000010410,1-CAMI-M-10062-BRWN-XXL-NOBR,"Camisa Lino M/C 10062 (Brown, XXL, nobrand)",Camisa Lino M/C 10062,"Brown, XXL, nobrand",BRWN,XXL
2000000010427,1-CAMI-M-10062-GREN-L-NOBR,"Camisa Lino M/C 10062 (Green, L, nobrand)",Camisa Lino M/C 10062,"Green, L, nobrand",GREN,L
2000000010434,1-CAMI-M-10062-GREN-M-NOBR,"Camisa Lino M/C 10062 (Green, M, nobrand)",Camisa Lino M/C 10062,"Green, M, nobrand",GREN,M
2000000010441,1-CAMI-M-10062-GREN-S-NOBR,"Camisa Lino M/C 10062 (Green, S, nobrand)",Camisa Lino M/C 10062,"Green, S, nobrand",GREN,S
2000000010458,1-CAMI-M-10062-GREN-XL-NOBR,"Camisa Lino M/C 10062 (Green, XL, nobrand)",Camisa Lino M/C 10062,"Green, XL, nobrand",GREN,XL
2000000010342,1-CAMI-M-10062-BLCK-S-NOBR,"Camisa Lino M/C 10062 (BLACK, S, nobrand)",Camisa Lino M/C 10062,"BLACK, S, nobrand",BLCK,S
2000000010359,1-CAMI-M-10062-BLCK-XL-NOBR,"Camisa Lino M/C 10062 (BLACK, XL, nobrand)",Camisa Lino M/C 10062,"BLACK, XL, nobrand",BLCK,XL
,1-CAMI-M-10062-BRWN-L-AIRB,"Camisa Lino M/C 10062 (Brown, L, Airborn)",Camisa Lino M/C 10062,"Brown, L, Airborn",BRWN,L
,1-CAMI-M-10062-BRWN-M-AIRB,"Camisa Lino M/C 10062 (Brown, M, Airborn)",Camisa Lino M/C 10062,"Brown, M, Airborn",BRWN,M
,1-CAMI-M-10062-BRWN-S-AIRB,"Camisa Lino M/C 10062 (Brown, S, Airborn)",Camisa Lino M/C 10062,"Brown, S, Airborn",BRWN,S
,1-CAMI-M-10062-BRWN-XL-AIRB,"Camisa Lino M/C 10062 (Brown, XL, Airborn)",Camisa Lino M/C 10062,"Brown, XL, Airborn",BRWN,XL
,1-CAMI-M-10062-BRWN-XXL-AIRB,"Camisa Lino M/C 10062 (Brown, XXL, Airborn)",Camisa Lino M/C 10062,"Brown, XXL, Airborn",BRWN,XXL
,1-CAMI-M-10062-GREN-L-AIRB,"Camisa Lino M/C 10062 (Green, L, Airborn)",Camisa Lino M/C 10062,"Green, L, Airborn",GREN,L
,1-CAMI-M-10062-GREN-M-AIRB,"Camisa Lino M/C 10062 (Green, M, Airborn)",Camisa Lino M/C 10062,"Green, M, Airborn",GREN,M
,1-CAMI-M-10062-GREN-S-AIRB,"Camisa Lino M/C 10062 (Green, S, Airborn)",Camisa Lino M/C 10062,"Green, S, Airborn",GREN,S
,1-CAMI-M-10062-GREN-XL-AIRB,"Camisa Lino M/C 10062 (Green, XL, Airborn)",Camisa Lino M/C 10062,"Green, XL, Airborn",GREN,XL
,1-CAMI-M-10062-GREN-XXL-AIRB,"Camisa Lino M/C 10062 (Green, XXL, Airborn)",Camisa Lino M/C 10062,"Green, XXL, Airborn",GREN,XXL
,1-CAMI-M-10062-GREN-XXL-CENI,"Camisa Lino M/C 10062 (Green, XXL, Cenidor)",Camisa Lino M/C 10062,"Green, XXL, Cenidor",GREN,XXL
,1-CAMI-M-10062-NATU-L-CENI,"Camisa Lino M/C 10062 (Natural, L, Cenidor)",Camisa Lino M/C 10062,"Natural, L, Cenidor",NATU,L
,1-CAMI-M-10062-NATU-M-CENI,"Camisa Lino M/C 10062 (Natural, M, Cenidor)",Camisa Lino M/C 10062,"Natural, M, Cenidor",NATU,M
,1-CAMI-M-10062-NATU-S-CENI,"Camisa Lino M/C 10062 (Natural, S, Cenidor)",Camisa Lino M/C 10062,"Natural, S, Cenidor",NATU,S
,1-CAMI-M-10062-NATU-XL-CENI,"Camisa Lino M/C 10062 (Natural, XL, Cenidor)",Camisa Lino M/C 10062,"Natural, XL, Cenidor",NATU,XL
,1-CAMI-M-10062-NATU-XXL-CENI,"Camisa Lino M/C 10062 (Natural, XXL, Cenidor)",Camisa Lino M/C 10062,"Natural, XXL, Cenidor",NATU,XXL
,1-CAMI-M-10062-NAVY-L-CENI,"Camisa Lino M/C 10062 (Navy, L, Cenidor)",Camisa Lino M/C 10062,"Navy, L, Cenidor",NAVY,L
,1-CAMI-M-10062-NAVY-M-CENI,"Camisa Lino M/C 10062 (Navy, M, Cenidor)",Camisa Lino M/C 10062,"Navy, M, Cenidor",NAVY,M
,1-CAMI-M-10062-NAVY-S-CENI,"Camisa Lino M/C 10062 (Navy, S, Cenidor)",Camisa Lino M/C 10062,"Navy, S, Cenidor",NAVY,S
,1-CAMI-M-10062-NAVY-XL-CENI,"Camisa Lino M/C 10062 (Navy, XL, Cenidor)",Camisa Lino M/C 10062,"Navy, XL, Cenidor",NAVY,XL
,1-CAMI-M-10062-NAVY-XXL-CENI,"Camisa Lino M/C 10062 (Navy, XXL, Cenidor)",Camisa Lino M/C 10062,"Navy, XXL, Cenidor",NAVY,XXL
,1-CAMI-M-10062-WHIT-L-CENI,"Camisa Lino M/C 10062 (White, L, Cenidor)",Camisa Lino M/C 10062,"White, L, Cenidor",WHIT,L
,1-CAMI-M-10062-GREN-XXL-DAIL,"Camisa Lino M/C 10062 (Green, XXL, Daily)",Camisa Lino M/C 10062,"Green, XXL, Daily",GREN,XXL
,1-CAMI-M-10062-NATU-L-DAIL,"Camisa Lino M/C 10062 (Natural, L, Daily)",Camisa Lino M/C 10062,"Natural, L, Daily",NATU,L
,1-CAMI-M-10062-NATU-M-DAIL,"Camisa Lino M/C 10062 (Natural, M, Daily)",Camisa Lino M/C 10062,"Natural, M, Daily",NATU,M
,1-CAMI-M-10062-NATU-S-DAIL,"Camisa Lino M/C 10062 (Natural, S, Daily)",Camisa Lino M/C 10062,"Natural, S, Daily",NATU,S
,1-CAMI-M-10062-NATU-XL-DAIL,"Camisa Lino M/C 10062 (Natural, XL, Daily)",Camisa Lino M/C 10062,"Natural, XL, Daily",NATU,XL
,1-CAMI-M-10062-NATU-XXL-DAIL,"Camisa Lino M/C 10062 (Natural, XXL, Daily)",Camisa Lino M/C 10062,"Natural, XXL, Daily",NATU,XXL
,1-CAMI-M-10062-NAVY-L-DAIL,"Camisa Lino M/C 10062 (Navy, L, Daily)",Camisa Lino M/C 10062,"Navy, L, Daily",NAVY,L
,1-CAMI-M-10062-NAVY-M-DAIL,"Camisa Lino M/C 10062 (Navy, M, Daily)",Camisa Lino M/C 10062,"Navy, M, Daily",NAVY,M
,1-CAMI-M-10062-NAVY-S-DAIL,"Camisa Lino M/C 10062 (Navy, S, Daily)",Camisa Lino M/C 10062,"Navy, S, Daily",NAVY,S
,1-CAMI-M-10062-NAVY-XL-DAIL,"Camisa Lino M/C 10062 (Navy, XL, Daily)",Camisa Lino M/C 10062,"Navy, XL, Daily",NAVY,XL
,1-CAMI-M-10062-NAVY-XXL-DAIL,"Camisa Lino M/C 10062 (Navy, XXL, Daily)",Camisa Lino M/C 10062,"Navy, XXL, Daily",NAVY,XXL
,1-CAMI-M-10062-WHIT-L-DAIL,"Camisa Lino M/C 10062 (White, L, Daily)",Camisa Lino M/C 10062,"White, L, Daily",WHIT,L
2000000010465,1-CAMI-M-10062-GREN-XXL-NOBR,"Camisa Lino M/C 10062 (Green, XXL, nobrand)",Camisa Lino M/C 10062,"Green, XXL, nobrand",GREN,XXL
2000000010472,1-CAMI-M-10062-NATU-L-NOBR,"Camisa Lino M/C 10062 (Natural, L, nobrand)",Camisa Lino M/C 10062,"Natural, L, nobrand",NATU,L
2000000010489,1-CAMI-M-10062-NATU-M-NOBR,"Camisa Lino M/C 10062 (Natural, M, nobrand)",Camisa Lino M/C 10062,"Natural, M, nobrand",NATU,M
2000000010496,1-CAMI-M-10062-NATU-S-NOBR,"Camisa Lino M/C 10062 (Natural, S, nobrand)",Camisa Lino M/C 10062,"Natural, S, nobrand",NATU,S
2000000010502,1-CAMI-M-10062-NATU-XL-NOBR,"Camisa Lino M/C 10062 (Natural, XL, nobrand)",Camisa Lino M/C 10062,"Natural, XL, nobrand",NATU,XL
2000000010519,1-CAMI-M-10062-NATU-XXL-NOBR,"Camisa Lino M/C 10062 (Natural, XXL, nobrand)",Camisa Lino M/C 10062,"Natural, XXL, nobrand",NATU,XXL
2000000010526,1-CAMI-M-10062-NAVY-L-NOBR,"Camisa Lino M/C 10062 (Navy, L, nobrand)",Camisa Lino M/C 10062,"Navy, L, nobrand",NAVY,L
2000000010533,1-CAMI-M-10062-NAVY-M-NOBR,"Camisa Lino M/C 10062 (Navy, M, nobrand)",Camisa Lino M/C 10062,"Navy, M, nobrand",NAVY,M
2000000010540,1-CAMI-M-10062-NAVY-S-NOBR,"Camisa Lino M/C 10062 (Navy, S, nobrand)",Camisa Lino M/C 10062,"Navy, S, nobrand",NAVY,S
2000000010557,1-CAMI-M-10062-NAVY-XL-NOBR,"Camisa Lino M/C 10062 (Navy, XL, nobrand)",Camisa Lino M/C 10062,"Navy, XL, nobrand",NAVY,XL
2000000010564,1-CAMI-M-10062-NAVY-XXL-NOBR,"Camisa Lino M/C 10062 (Navy, XXL, nobrand)",Camisa Lino M/C 10062,"Navy, XXL, nobrand",NAVY,XXL
2000000010571,1-CAMI-M-10062-WHIT-L-NOBR,"Camisa Lino M/C 10062 (White, L, nobrand)",Camisa Lino M/C 10062,"White, L, nobrand",WHIT,L
,1-CAMI-M-10062-NATU-L-AIRB,"Camisa Lino M/C 10062 (Natural, L, Airborn)",Camisa Lino M/C 10062,"Natural, L, Airborn",NATU,L
,1-CAMI-M-10062-NATU-M-AIRB,"Camisa Lino M/C 10062 (Natural, M, Airborn)",Camisa Lino M/C 10062,"Natural, M, Airborn",NATU,M
,1-CAMI-M-10062-NATU-S-AIRB,"Camisa Lino M/C 10062 (Natural, S, Airborn)",Camisa Lino M/C 10062,"Natural, S, Airborn",NATU,S
,1-CAMI-M-10062-NATU-XL-AIRB,"Camisa Lino M/C 10062 (Natural, XL, Airborn)",Camisa Lino M/C 10062,"Natural, XL, Airborn",NATU,XL
,1-CAMI-M-10062-NATU-XXL-AIRB,"Camisa Lino M/C 10062 (Natural, XXL, Airborn)",Camisa Lino M/C 10062,"Natural, XXL, Airborn",NATU,XXL
,1-CAMI-M-10062-NAVY-L-AIRB,"Camisa Lino M/C 10062 (Navy, L, Airborn)",Camisa Lino M/C 10062,"Navy, L, Airborn",NAVY,L
,1-CAMI-M-10062-NAVY-M-AIRB,"Camisa Lino M/C 10062 (Navy, M, Airborn)",Camisa Lino M/C 10062,"Navy, M, Airborn",NAVY,M
,1-CAMI-M-10062-NAVY-S-AIRB,"Camisa Lino M/C 10062 (Navy, S, Airborn)",Camisa Lino M/C 10062,"Navy, S, Airborn",NAVY,S
,1-CAMI-M-10062-NAVY-XL-AIRB,"Camisa Lino M/C 10062 (Navy, XL, Airborn)",Camisa Lino M/C 10062,"Navy, XL, Airborn",NAVY,XL
,1-CAMI-M-10062-NAVY-XXL-AIRB,"Camisa Lino M/C 10062 (Navy, XXL, Airborn)",Camisa Lino M/C 10062,"Navy, XXL, Airborn",NAVY,XXL
,1-CAMI-M-10062-WHIT-L-AIRB,"Camisa Lino M/C 10062 (White, L, Airborn)",Camisa Lino M/C 10062,"White, L, Airborn",WHIT,L
,1-CAMI-M-10062-WHIT-M-AIRB,"Camisa Lino M/C 10062 (White, M, Airborn)",Camisa Lino M/C 10062,"White, M, Airborn",WHIT,M
,1-CAMI-M-10062-WHIT-M-CENI,"Camisa Lino M/C 10062 (White, M, Cenidor)",Camisa Lino M/C 10062,"White, M, Cenidor",WHIT,M
,1-CAMI-M-10062-WHIT-S-CENI,"Camisa Lino M/C 10062 (White, S, Cenidor)",Camisa Lino M/C 10062,"White, S, Cenidor",WHIT,S
,1-CAMI-M-10062-WHIT-XL-CENI,"Camisa Lino M/C 10062 (White, XL, Cenidor)",Camisa Lino M/C 10062,"White, XL, Cenidor",WHIT,XL
,1-CAMI-M-10062-WHIT-XXL-CENI,"Camisa Lino M/C 10062 (White, XXL, Cenidor)",Camisa Lino M/C 10062,"White, XXL, Cenidor",WHIT,XXL
,1-CAMI-M-10063-BRWN-L-DAIL,"Camisa Lino M/C Mao 10063 (Brown, L, Daily)",Camisa Lino M/C Mao 10063,"Brown, L, Daily",BRWN,L
,1-CAMI-M-10063-BRWN-M-DAIL,"Camisa Lino M/C Mao 10063 (Brown, M, Daily)",Camisa Lino M/C Mao 10063,"Brown, M, Daily",BRWN,M
2000000010649,1-CAMI-M-10063-BRWN-S-NOBR,"Camisa Lino M/C Mao 10063 (Brown, S, nobrand)",Camisa Lino M/C Mao 10063,"Brown, S, nobrand",BRWN,S
,1-CAMI-M-10063-BRWN-XXL-BUDA,"Camisa Lino M/C Mao 10063 (Brown, XXL, Budapestt)",Camisa Lino M/C Mao 10063,"Brown, XXL, Budapestt",BRWN,XXL
,1-CAMI-M-10063-WHIT-M-DAIL,"Camisa Lino M/C Mao 10063 (White, M, Daily)",Camisa Lino M/C Mao 10063,"White, M, Daily",WHIT,M
,1-CAMI-M-10063-BRWN-L-BUDA,"Camisa Lino M/C Mao 10063 (Brown, L, Budapestt)",Camisa Lino M/C Mao 10063,"Brown, L, Budapestt",BRWN,L
2000000010755,1-CAMI-M-10063-WHIT-XL-NOBR,"Camisa Lino M/C Mao 10063 (White, XL, nobrand)",Camisa Lino M/C Mao 10063,"White, XL, nobrand",WHIT,XL
2000000010670,1-CAMI-M-10063-NATU-L-NOBR,"Camisa Lino M/C Mao 10063 (Natural, L, nobrand)",Camisa Lino M/C Mao 10063,"Natural, L, nobrand",NATU,L
,1-CAMI-M-10062-WHIT-M-DAIL,"Camisa Lino M/C 10062 (White, M, Daily)",Camisa Lino M/C 10062,"White, M, Daily",WHIT,M
,1-CAMI-M-10062-WHIT-S-DAIL,"Camisa Lino M/C 10062 (White, S, Daily)",Camisa Lino M/C 10062,"White, S, Daily",WHIT,S
,1-CAMI-M-10062-WHIT-XL-DAIL,"Camisa Lino M/C 10062 (White, XL, Daily)",Camisa Lino M/C 10062,"White, XL, Daily",WHIT,XL
,1-CAMI-M-10062-WHIT-XXL-DAIL,"Camisa Lino M/C 10062 (White, XXL, Daily)",Camisa Lino M/C 10062,"White, XXL, Daily",WHIT,XXL
2000000010625,1-CAMI-M-10063-BRWN-L-NOBR,"Camisa Lino M/C Mao 10063 (Brown, L, nobrand)",Camisa Lino M/C Mao 10063,"Brown, L, nobrand",BRWN,L
2000000010632,1-CAMI-M-10063-BRWN-M-NOBR,"Camisa Lino M/C Mao 10063 (Brown, M, nobrand)",Camisa Lino M/C Mao 10063,"Brown, M, nobrand",BRWN,M
,1-CAMI-M-10063-BRWN-XL-BUDA,"Camisa Lino M/C Mao 10063 (Brown, XL, Budapestt)",Camisa Lino M/C Mao 10063,"Brown, XL, Budapestt",BRWN,XL
,1-CAMI-M-10063-BRWN-XXL-DAIL,"Camisa Lino M/C Mao 10063 (Brown, XXL, Daily)",Camisa Lino M/C Mao 10063,"Brown, XXL, Daily",BRWN,XXL
2000000010731,1-CAMI-M-10063-WHIT-M-NOBR,"Camisa Lino M/C Mao 10063 (White, M, nobrand)",Camisa Lino M/C Mao 10063,"White, M, nobrand",WHIT,M
2000000010748,1-CAMI-M-10063-WHIT-S-NOBR,"Camisa Lino M/C Mao 10063 (White, S, nobrand)",Camisa Lino M/C Mao 10063,"White, S, nobrand",WHIT,S
,1-CAMI-M-10063-WHIT-XXL-DAIL,"Camisa Lino M/C Mao 10063 (White, XXL, Daily)",Camisa Lino M/C Mao 10063,"White, XXL, Daily",WHIT,XXL
,1-CAMI-M-10063-NATU-M-BUDA,"Camisa Lino M/C Mao 10063 (Natural, M, Budapestt)",Camisa Lino M/C Mao 10063,"Natural, M, Budapestt",NATU,M
2000000010588,1-CAMI-M-10062-WHIT-M-NOBR,"Camisa Lino M/C 10062 (White, M, nobrand)",Camisa Lino M/C 10062,"White, M, nobrand",WHIT,M
2000000010595,1-CAMI-M-10062-WHIT-S-NOBR,"Camisa Lino M/C 10062 (White, S, nobrand)",Camisa Lino M/C 10062,"White, S, nobrand",WHIT,S
2000000010601,1-CAMI-M-10062-WHIT-XL-NOBR,"Camisa Lino M/C 10062 (White, XL, nobrand)",Camisa Lino M/C 10062,"White, XL, nobrand",WHIT,XL
2000000010618,1-CAMI-M-10062-WHIT-XXL-NOBR,"Camisa Lino M/C 10062 (White, XXL, nobrand)",Camisa Lino M/C 10062,"White, XXL, nobrand",WHIT,XXL
,1-CAMI-M-10063-WHIT-XXL-BUDA,"Camisa Lino M/C Mao 10063 (White, XXL, Budapestt)",Camisa Lino M/C Mao 10063,"White, XXL, Budapestt",WHIT,XXL
,1-CAMI-M-10063-BRWN-S-BUDA,"Camisa Lino M/C Mao 10063 (Brown, S, Budapestt)",Camisa Lino M/C Mao 10063,"Brown, S, Budapestt",BRWN,S
,1-CAMI-M-10063-BRWN-XL-DAIL,"Camisa Lino M/C Mao 10063 (Brown, XL, Daily)",Camisa Lino M/C Mao 10063,"Brown, XL, Daily",BRWN,XL
2000000010663,1-CAMI-M-10063-BRWN-XXL-NOBR,"Camisa Lino M/C Mao 10063 (Brown, XXL, nobrand)",Camisa Lino M/C Mao 10063,"Brown, XXL, nobrand",BRWN,XXL
,1-CAMI-M-10063-WHIT-S-BUDA,"Camisa Lino M/C Mao 10063 (White, S, Budapestt)",Camisa Lino M/C Mao 10063,"White, S, Budapestt",WHIT,S
,1-CAMI-M-10063-WHIT-XL-BUDA,"Camisa Lino M/C Mao 10063 (White, XL, Budapestt)",Camisa Lino M/C Mao 10063,"White, XL, Budapestt",WHIT,XL
2000000010762,1-CAMI-M-10063-WHIT-XXL-NOBR,"Camisa Lino M/C Mao 10063 (White, XXL, nobrand)",Camisa Lino M/C Mao 10063,"White, XXL, nobrand",WHIT,XXL
,1-CAMI-M-10063-NATU-M-DAIL,"Camisa Lino M/C Mao 10063 (Natural, M, Daily)",Camisa Lino M/C Mao 10063,"Natural, M, Daily",NATU,M
,1-CAMI-M-10062-WHIT-S-AIRB,"Camisa Lino M/C 10062 (White, S, Airborn)",Camisa Lino M/C 10062,"White, S, Airborn",WHIT,S
,1-CAMI-M-10062-WHIT-XL-AIRB,"Camisa Lino M/C 10062 (White, XL, Airborn)",Camisa Lino M/C 10062,"White, XL, Airborn",WHIT,XL
,1-CAMI-M-10062-WHIT-XXL-AIRB,"Camisa Lino M/C 10062 (White, XXL, Airborn)",Camisa Lino M/C 10062,"White, XXL, Airborn",WHIT,XXL
2000000010366,1-CAMI-M-10062-BLCK-XXL-NOBR,"Camisa Lino M/C 10062 (BLACK, XXL, nobrand)",Camisa Lino M/C 10062,"BLACK, XXL, nobrand",BLCK,XXL
,1-CAMI-M-10063-BRWN-M-BUDA,"Camisa Lino M/C Mao 10063 (Brown, M, Budapestt)",Camisa Lino M/C Mao 10063,"Brown, M, Budapestt",BRWN,M
,1-CAMI-M-10063-BRWN-S-DAIL,"Camisa Lino M/C Mao 10063 (Brown, S, Daily)",Camisa Lino M/C Mao 10063,"Brown, S, Daily",BRWN,S
2000000010656,1-CAMI-M-10063-BRWN-XL-NOBR,"Camisa Lino M/C Mao 10063 (Brown, XL, nobrand)",Camisa Lino M/C Mao 10063,"Brown, XL, nobrand",BRWN,XL
,1-CAMI-M-10063-NATU-L-BUDA,"Camisa Lino M/C Mao 10063 (Natural, L, Budapestt)",Camisa Lino M/C Mao 10063,"Natural, L, Budapestt",NATU,L
,1-CAMI-M-10063-WHIT-S-DAIL,"Camisa Lino M/C Mao 10063 (White, S, Daily)",Camisa Lino M/C Mao 10063,"White, S, Daily",WHIT,S
,1-CAMI-M-10063-WHIT-XL-DAIL,"Camisa Lino M/C Mao 10063 (White, XL, Daily)",Camisa Lino M/C Mao 10063,"White, XL, Daily",WHIT,XL
,1-CAMI-M-10063-NATU-L-DAIL,"Camisa Lino M/C Mao 10063 (Natural, L, Daily)",Camisa Lino M/C Mao 10063,"Natural, L, Daily",NATU,L
2000000010687,1-CAMI-M-10063-NATU-M-NOBR,"Camisa Lino M/C Mao 10063 (Natural, M, nobrand)",Camisa Lino M/C Mao 10063,"Natural, M, nobrand",NATU,M
,1-CAMI-M-10063-NATU-S-BUDA,"Camisa Lino M/C Mao 10063 (Natural, S, Budapestt)",Camisa Lino M/C Mao 10063,"Natural, S, Budapestt",NATU,S
,1-CAMI-M-10063-NATU-XL-DAIL,"Camisa Lino M/C Mao 10063 (Natural, XL, Daily)",Camisa Lino M/C Mao 10063,"Natural, XL, Daily",NATU,XL
2000000010717,1-CAMI-M-10063-NATU-XXL-NOBR,"Camisa Lino M/C Mao 10063 (Natural, XXL, nobrand)",Camisa Lino M/C Mao 10063,"Natural, XXL, nobrand",NATU,XXL
,1-CAMI-M-10063-WHIT-M-BUDA,"Camisa Lino M/C Mao 10063 (White, M, Budapestt)",Camisa Lino M/C Mao 10063,"White, M, Budapestt",WHIT,M
,1-CAMI-M-10060-NAVY-L-DAIL,"Camisa Lino M/L 10060 (Navy, L, Daily)",Camisa Lino M/L 10060,"Navy, L, Daily",NAVY,L
,1-CAMI-M-10060-NAVY-M-DAIL,"Camisa Lino M/L 10060 (Navy, M, Daily)",Camisa Lino M/L 10060,"Navy, M, Daily",NAVY,M
,1-CAMI-M-10060-NAVY-S-DAIL,"Camisa Lino M/L 10060 (Navy, S, Daily)",Camisa Lino M/L 10060,"Navy, S, Daily",NAVY,S
,1-CAMI-M-10060-NAVY-XL-DAIL,"Camisa Lino M/L 10060 (Navy, XL, Daily)",Camisa Lino M/L 10060,"Navy, XL, Daily",NAVY,XL
,1-CAMI-M-10060-NAVY-XXL-DAIL,"Camisa Lino M/L 10060 (Navy, XXL, Daily)",Camisa Lino M/L 10060,"Navy, XXL, Daily",NAVY,XXL
,1-CAMI-M-10060-WHIT-L-DAIL,"Camisa Lino M/L 10060 (White, L, Daily)",Camisa Lino M/L 10060,"White, L, Daily",WHIT,L
,1-CAMI-M-10060-WHIT-M-DAIL,"Camisa Lino M/L 10060 (White, M, Daily)",Camisa Lino M/L 10060,"White, M, Daily",WHIT,M
,1-CAMI-M-10060-WHIT-S-DAIL,"Camisa Lino M/L 10060 (White, S, Daily)",Camisa Lino M/L 10060,"White, S, Daily",WHIT,S
,1-CAMI-M-10063-NATU-S-DAIL,"Camisa Lino M/C Mao 10063 (Natural, S, Daily)",Camisa Lino M/C Mao 10063,"Natural, S, Daily",NATU,S
2000000010700,1-CAMI-M-10063-NATU-XL-NOBR,"Camisa Lino M/C Mao 10063 (Natural, XL, nobrand)",Camisa Lino M/C Mao 10063,"Natural, XL, nobrand",NATU,XL
,1-CAMI-M-10063-WHIT-L-BUDA,"Camisa Lino M/C Mao 10063 (White, L, Budapestt)",Camisa Lino M/C Mao 10063,"White, L, Budapestt",WHIT,L
,1-CAMI-M-10060-NAVY-L-AIRB,"Camisa Lino M/L 10060 (Navy, L, Airborn)",Camisa Lino M/L 10060,"Navy, L, Airborn",NAVY,L
2000000009926,1-CAMI-M-10060-NAVY-L-NOBR,"Camisa Lino M/L 10060 (Navy, L, nobrand)",Camisa Lino M/L 10060,"Navy, L, nobrand",NAVY,L
2000000009933,1-CAMI-M-10060-NAVY-M-NOBR,"Camisa Lino M/L 10060 (Navy, M, nobrand)",Camisa Lino M/L 10060,"Navy, M, nobrand",NAVY,M
2000000009940,1-CAMI-M-10060-NAVY-S-NOBR,"Camisa Lino M/L 10060 (Navy, S, nobrand)",Camisa Lino M/L 10060,"Navy, S, nobrand",NAVY,S
2000000009957,1-CAMI-M-10060-NAVY-XL-NOBR,"Camisa Lino M/L 10060 (Navy, XL, nobrand)",Camisa Lino M/L 10060,"Navy, XL, nobrand",NAVY,XL
2000000009964,1-CAMI-M-10060-NAVY-XXL-NOBR,"Camisa Lino M/L 10060 (Navy, XXL, nobrand)",Camisa Lino M/L 10060,"Navy, XXL, nobrand",NAVY,XXL
2000000009971,1-CAMI-M-10060-WHIT-L-NOBR,"Camisa Lino M/L 10060 (White, L, nobrand)",Camisa Lino M/L 10060,"White, L, nobrand",WHIT,L
2000000009988,1-CAMI-M-10060-WHIT-M-NOBR,"Camisa Lino M/L 10060 (White, M, nobrand)",Camisa Lino M/L 10060,"White, M, nobrand",WHIT,M
2000000009995,1-CAMI-M-10060-WHIT-S-NOBR,"Camisa Lino M/L 10060 (White, S, nobrand)",Camisa Lino M/L 10060,"White, S, nobrand",WHIT,S
2000000010694,1-CAMI-M-10063-NATU-S-NOBR,"Camisa Lino M/C Mao 10063 (Natural, S, nobrand)",Camisa Lino M/C Mao 10063,"Natural, S, nobrand",NATU,S
,1-CAMI-M-10063-NATU-XXL-BUDA,"Camisa Lino M/C Mao 10063 (Natural, XXL, Budapestt)",Camisa Lino M/C Mao 10063,"Natural, XXL, Budapestt",NATU,XXL
,1-CAMI-M-10063-WHIT-L-DAIL,"Camisa Lino M/C Mao 10063 (White, L, Daily)",Camisa Lino M/C Mao 10063,"White, L, Daily",WHIT,L
,1-CAMI-M-10060-BRWN-XL-CENI,"Camisa Lino M/L 10060 (Brown, XL, Cenidor)",Camisa Lino M/L 10060,"Brown, XL, Cenidor",BRWN,XL
,1-CAMI-M-10060-NAVY-M-AIRB,"Camisa Lino M/L 10060 (Navy, M, Airborn)",Camisa Lino M/L 10060,"Navy, M, Airborn",NAVY,M
,1-CAMI-M-10060-NAVY-S-AIRB,"Camisa Lino M/L 10060 (Navy, S, Airborn)",Camisa Lino M/L 10060,"Navy, S, Airborn",NAVY,S
,1-CAMI-M-10060-NAVY-XL-AIRB,"Camisa Lino M/L 10060 (Navy, XL, Airborn)",Camisa Lino M/L 10060,"Navy, XL, Airborn",NAVY,XL
,1-CAMI-M-10060-NAVY-XXL-AIRB,"Camisa Lino M/L 10060 (Navy, XXL, Airborn)",Camisa Lino M/L 10060,"Navy, XXL, Airborn",NAVY,XXL
,1-CAMI-M-10060-WHIT-L-AIRB,"Camisa Lino M/L 10060 (White, L, Airborn)",Camisa Lino M/L 10060,"White, L, Airborn",WHIT,L
,1-CAMI-M-10060-WHIT-M-AIRB,"Camisa Lino M/L 10060 (White, M, Airborn)",Camisa Lino M/L 10060,"White, M, Airborn",WHIT,M
,1-CAMI-M-10060-WHIT-S-AIRB,"Camisa Lino M/L 10060 (White, S, Airborn)",Camisa Lino M/L 10060,"White, S, Airborn",WHIT,S
,1-CAMI-M-10060-WHIT-XL-AIRB,"Camisa Lino M/L 10060 (White, XL, Airborn)",Camisa Lino M/L 10060,"White, XL, Airborn",WHIT,XL
,1-CAMI-M-10063-NATU-XL-BUDA,"Camisa Lino M/C Mao 10063 (Natural, XL, Budapestt)",Camisa Lino M/C Mao 10063,"Natural, XL, Budapestt",NATU,XL
,1-CAMI-M-10063-NATU-XXL-DAIL,"Camisa Lino M/C Mao 10063 (Natural, XXL, Daily)",Camisa Lino M/C Mao 10063,"Natural, XXL, Daily",NATU,XXL
2000000010724,1-CAMI-M-10063-WHIT-L-NOBR,"Camisa Lino M/C Mao 10063 (White, L, nobrand)",Camisa Lino M/C Mao 10063,"White, L, nobrand",WHIT,L
,1-CAMI-M-10060-NAVY-L-CENI,"Camisa Lino M/L 10060 (Navy, L, Cenidor)",Camisa Lino M/L 10060,"Navy, L, Cenidor",NAVY,L
,1-CAMI-M-10060-NAVY-M-CENI,"Camisa Lino M/L 10060 (Navy, M, Cenidor)",Camisa Lino M/L 10060,"Navy, M, Cenidor",NAVY,M
,1-CAMI-M-10060-NAVY-S-CENI,"Camisa Lino M/L 10060 (Navy, S, Cenidor)",Camisa Lino M/L 10060,"Navy, S, Cenidor",NAVY,S
,1-CAMI-M-10060-NAVY-XL-CENI,"Camisa Lino M/L 10060 (Navy, XL, Cenidor)",Camisa Lino M/L 10060,"Navy, XL, Cenidor",NAVY,XL
,1-CAMI-M-10060-NAVY-XXL-CENI,"Camisa Lino M/L 10060 (Navy, XXL, Cenidor)",Camisa Lino M/L 10060,"Navy, XXL, Cenidor",NAVY,XXL
,1-CAMI-M-10060-WHIT-L-CENI,"Camisa Lino M/L 10060 (White, L, Cenidor)",Camisa Lino M/L 10060,"White, L, Cenidor",WHIT,L
,1-CAMI-M-10060-WHIT-M-CENI,"Camisa Lino M/L 10060 (White, M, Cenidor)",Camisa Lino M/L 10060,"White, M, Cenidor",WHIT,M
,1-CAMI-M-10060-WHIT-S-CENI,"Camisa Lino M/L 10060 (White, S, Cenidor)",Camisa Lino M/L 10060,"White, S, Cenidor",WHIT,S
,1-CAMI-M-10060-WHIT-XL-CENI,"Camisa Lino M/L 10060 (White, XL, Cenidor)",Camisa Lino M/L 10060,"White, XL, Cenidor",WHIT,XL
,1-CAMI-M-10060-WHIT-XL-DAIL,"Camisa Lino M/L 10060 (White, XL, Daily)",Camisa Lino M/L 10060,"White, XL, Daily",WHIT,XL
,1-CAMI-M-10060-WHIT-XXL-DAIL,"Camisa Lino M/L 10060 (White, XXL, Daily)",Camisa Lino M/L 10060,"White, XXL, Daily",WHIT,XXL
,1-CAMI-M-10060-GREN-XL-DAIL,"Camisa Lino M/L 10060 (Green, XL, Daily)",Camisa Lino M/L 10060,"Green, XL, Daily",GREN,XL
,1-CAMI-M-10060-GREN-XXL-CENI,"Camisa Lino M/L 10060 (Green, XXL, Cenidor)",Camisa Lino M/L 10060,"Green, XXL, Cenidor",GREN,XXL
,1-CAMI-M-10060-GREN-S-CENI,"Camisa Lino M/L 10060 (Green, S, Cenidor)",Camisa Lino M/L 10060,"Green, S, Cenidor",GREN,S
,1-CAMI-M-10060-GREN-M-CENI,"Camisa Lino M/L 10060 (Green, M, Cenidor)",Camisa Lino M/L 10060,"Green, M, Cenidor",GREN,M
,1-CAMI-M-10060-GREN-L-CENI,"Camisa Lino M/L 10060 (Green, L, Cenidor)",Camisa Lino M/L 10060,"Green, L, Cenidor",GREN,L
,1-CAMI-M-10060-BRWN-XXL-CENI,"Camisa Lino M/L 10060 (Brown, XXL, Cenidor)",Camisa Lino M/L 10060,"Brown, XXL, Cenidor",BRWN,XXL
,1-CAMI-M-10060-NATU-L-CENI,"Camisa Lino M/L 10060 (Natural, L, Cenidor)",Camisa Lino M/L 10060,"Natural, L, Cenidor",NATU,L
,1-CAMI-M-10060-NATU-M-CENI,"Camisa Lino M/L 10060 (Natural, M, Cenidor)",Camisa Lino M/L 10060,"Natural, M, Cenidor",NATU,M
,1-CAMI-M-10060-NATU-S-CENI,"Camisa Lino M/L 10060 (Natural, S, Cenidor)",Camisa Lino M/L 10060,"Natural, S, Cenidor",NATU,S
,1-CAMI-M-10060-NATU-XL-CENI,"Camisa Lino M/L 10060 (Natural, XL, Cenidor)",Camisa Lino M/L 10060,"Natural, XL, Cenidor",NATU,XL
2000000010007,1-CAMI-M-10060-WHIT-XL-NOBR,"Camisa Lino M/L 10060 (White, XL, nobrand)",Camisa Lino M/L 10060,"White, XL, nobrand",WHIT,XL
2000000010014,1-CAMI-M-10060-WHIT-XXL-NOBR,"Camisa Lino M/L 10060 (White, XXL, nobrand)",Camisa Lino M/L 10060,"White, XXL, nobrand",WHIT,XXL
,1-CAMI-M-10060-GREN-XL-AIRB,"Camisa Lino M/L 10060 (Green, XL, Airborn)",Camisa Lino M/L 10060,"Green, XL, Airborn",GREN,XL
,1-CAMI-M-10060-GREN-XXL-DAIL,"Camisa Lino M/L 10060 (Green, XXL, Daily)",Camisa Lino M/L 10060,"Green, XXL, Daily",GREN,XXL
,1-CAMI-M-10060-GREN-S-AIRB,"Camisa Lino M/L 10060 (Green, S, Airborn)",Camisa Lino M/L 10060,"Green, S, Airborn",GREN,S
,1-CAMI-M-10060-GREN-M-AIRB,"Camisa Lino M/L 10060 (Green, M, Airborn)",Camisa Lino M/L 10060,"Green, M, Airborn",GREN,M
,1-CAMI-M-10060-GREN-L-AIRB,"Camisa Lino M/L 10060 (Green, L, Airborn)",Camisa Lino M/L 10060,"Green, L, Airborn",GREN,L
,1-CAMI-M-10060-BRWN-XXL-AIRB,"Camisa Lino M/L 10060 (Brown, XXL, Airborn)",Camisa Lino M/L 10060,"Brown, XXL, Airborn",BRWN,XXL
,1-CAMI-M-10060-NATU-L-DAIL,"Camisa Lino M/L 10060 (Natural, L, Daily)",Camisa Lino M/L 10060,"Natural, L, Daily",NATU,L
,1-CAMI-M-10060-NATU-M-DAIL,"Camisa Lino M/L 10060 (Natural, M, Daily)",Camisa Lino M/L 10060,"Natural, M, Daily",NATU,M
,1-CAMI-M-10060-NATU-S-DAIL,"Camisa Lino M/L 10060 (Natural, S, Daily)",Camisa Lino M/L 10060,"Natural, S, Daily",NATU,S
,1-CAMI-M-10060-NATU-XL-DAIL,"Camisa Lino M/L 10060 (Natural, XL, Daily)",Camisa Lino M/L 10060,"Natural, XL, Daily",NATU,XL
,1-CAMI-M-10060-WHIT-XXL-AIRB,"Camisa Lino M/L 10060 (White, XXL, Airborn)",Camisa Lino M/L 10060,"White, XXL, Airborn",WHIT,XXL
,1-CAMI-M-10060-BRWN-XL-AIRB,"Camisa Lino M/L 10060 (Brown, XL, Airborn)",Camisa Lino M/L 10060,"Brown, XL, Airborn",BRWN,XL
2000000009858,1-CAMI-M-10060-GREN-XL-NOBR,"Camisa Lino M/L 10060 (Green, XL, nobrand)",Camisa Lino M/L 10060,"Green, XL, nobrand",GREN,XL
2000000009841,1-CAMI-M-10060-GREN-S-NOBR,"Camisa Lino M/L 10060 (Green, S, nobrand)",Camisa Lino M/L 10060,"Green, S, nobrand",GREN,S
2000000009834,1-CAMI-M-10060-GREN-M-NOBR,"Camisa Lino M/L 10060 (Green, M, nobrand)",Camisa Lino M/L 10060,"Green, M, nobrand",GREN,M
2000000009827,1-CAMI-M-10060-GREN-L-NOBR,"Camisa Lino M/L 10060 (Green, L, nobrand)",Camisa Lino M/L 10060,"Green, L, nobrand",GREN,L
2000000009810,1-CAMI-M-10060-BRWN-XXL-NOBR,"Camisa Lino M/L 10060 (Brown, XXL, nobrand)",Camisa Lino M/L 10060,"Brown, XXL, nobrand",BRWN,XXL
2000000009865,1-CAMI-M-10060-GREN-XXL-NOBR,"Camisa Lino M/L 10060 (Green, XXL, nobrand)",Camisa Lino M/L 10060,"Green, XXL, nobrand",GREN,XXL
2000000009872,1-CAMI-M-10060-NATU-L-NOBR,"Camisa Lino M/L 10060 (Natural, L, nobrand)",Camisa Lino M/L 10060,"Natural, L, nobrand",NATU,L
2000000009889,1-CAMI-M-10060-NATU-M-NOBR,"Camisa Lino M/L 10060 (Natural, M, nobrand)",Camisa Lino M/L 10060,"Natural, M, nobrand",NATU,M
2000000009896,1-CAMI-M-10060-NATU-S-NOBR,"Camisa Lino M/L 10060 (Natural, S, nobrand)",Camisa Lino M/L 10060,"Natural, S, nobrand",NATU,S
2000000009902,1-CAMI-M-10060-NATU-XL-NOBR,"Camisa Lino M/L 10060 (Natural, XL, nobrand)",Camisa Lino M/L 10060,"Natural, XL, nobrand",NATU,XL
,1-CAMI-M-10060-WHIT-XXL-CENI,"Camisa Lino M/L 10060 (White, XXL, Cenidor)",Camisa Lino M/L 10060,"White, XXL, Cenidor",WHIT,XXL
2000000009797,1-CAMI-M-10060-BRWN-S-NOBR,"Camisa Lino M/L 10060 (Brown, S, nobrand)",Camisa Lino M/L 10060,"Brown, S, nobrand",BRWN,S
,1-CAMI-M-10060-GREN-XXL-AIRB,"Camisa Lino M/L 10060 (Green, XXL, Airborn)",Camisa Lino M/L 10060,"Green, XXL, Airborn",GREN,XXL
,1-CAMI-M-10060-GREN-S-DAIL,"Camisa Lino M/L 10060 (Green, S, Daily)",Camisa Lino M/L 10060,"Green, S, Daily",GREN,S
,1-CAMI-M-10060-GREN-M-DAIL,"Camisa Lino M/L 10060 (Green, M, Daily)",Camisa Lino M/L 10060,"Green, M, Daily",GREN,M
,1-CAMI-M-10060-GREN-L-DAIL,"Camisa Lino M/L 10060 (Green, L, Daily)",Camisa Lino M/L 10060,"Green, L, Daily",GREN,L
,1-CAMI-M-10060-BRWN-XXL-DAIL,"Camisa Lino M/L 10060 (Brown, XXL, Daily)",Camisa Lino M/L 10060,"Brown, XXL, Daily",BRWN,XXL
,1-CAMI-M-10060-NATU-L-AIRB,"Camisa Lino M/L 10060 (Natural, L, Airborn)",Camisa Lino M/L 10060,"Natural, L, Airborn",NATU,L
,1-CAMI-M-10060-NATU-M-AIRB,"Camisa Lino M/L 10060 (Natural, M, Airborn)",Camisa Lino M/L 10060,"Natural, M, Airborn",NATU,M
,1-CAMI-M-10060-NATU-S-AIRB,"Camisa Lino M/L 10060 (Natural, S, Airborn)",Camisa Lino M/L 10060,"Natural, S, Airborn",NATU,S
,1-CAMI-M-10060-NATU-XL-AIRB,"Camisa Lino M/L 10060 (Natural, XL, Airborn)",Camisa Lino M/L 10060,"Natural, XL, Airborn",NATU,XL
,1-CAMI-M-10060-NATU-XXL-AIRB,"Camisa Lino M/L 10060 (Natural, XXL, Airborn)",Camisa Lino M/L 10060,"Natural, XXL, Airborn",NATU,XXL
,1-CAMI-M-10060-NATU-XXL-CENI,"Camisa Lino M/L 10060 (Natural, XXL, Cenidor)",Camisa Lino M/L 10060,"Natural, XXL, Cenidor",NATU,XXL
2000000009919,1-CAMI-M-10060-NATU-XXL-NOBR,"Camisa Lino M/L 10060 (Natural, XXL, nobrand)",Camisa Lino M/L 10060,"Natural, XXL, nobrand",NATU,XXL
2000000009780,1-CAMI-M-10060-BRWN-M-NOBR,"Camisa Lino M/L 10060 (Brown, M, nobrand)",Camisa Lino M/L 10060,"Brown, M, nobrand",BRWN,M
2000000009773,1-CAMI-M-10060-BRWN-L-NOBR,"Camisa Lino M/L 10060 (Brown, L, nobrand)",Camisa Lino M/L 10060,"Brown, L, nobrand",BRWN,L
2000000009766,1-CAMI-M-10060-BLCK-XXL-NOBR,"Camisa Lino M/L 10060 (BLACK, XXL, nobrand)",Camisa Lino M/L 10060,"BLACK, XXL, nobrand",BLCK,XXL
2000000009759,1-CAMI-M-10060-BLCK-XL-NOBR,"Camisa Lino M/L 10060 (BLACK, XL, nobrand)",Camisa Lino M/L 10060,"BLACK, XL, nobrand",BLCK,XL
2000000009742,1-CAMI-M-10060-BLCK-S-NOBR,"Camisa Lino M/L 10060 (BLACK, S, nobrand)",Camisa Lino M/L 10060,"BLACK, S, nobrand",BLCK,S
2000000009735,1-CAMI-M-10060-BLCK-M-NOBR,"Camisa Lino M/L 10060 (BLACK, M, nobrand)",Camisa Lino M/L 10060,"BLACK, M, nobrand",BLCK,M
2000000009728,1-CAMI-M-10060-BLCK-L-NOBR,"Camisa Lino M/L 10060 (BLACK, L, nobrand)",Camisa Lino M/L 10060,"BLACK, L, nobrand",BLCK,L
,1-CAMI-M-10060-GREN-XL-CENI,"Camisa Lino M/L 10060 (Green, XL, Cenidor)",Camisa Lino M/L 10060,"Green, XL, Cenidor",GREN,XL
,1-CAMI-M-10061-GREN-XL-CENI,"Camisa Lino M/L Mao 10061 (Green, XL, Cenidor)",Camisa Lino M/L Mao 10061,"Green, XL, Cenidor",GREN,XL
2000000010298,1-CAMI-M-10061-WHIT-S-NOBR,"Camisa Lino M/L Mao 10061 (White, S, nobrand)",Camisa Lino M/L Mao 10061,"White, S, nobrand",WHIT,S
,1-CAMI-M-10060-NATU-XXL-DAIL,"Camisa Lino M/L 10060 (Natural, XXL, Daily)",Camisa Lino M/L 10060,"Natural, XXL, Daily",NATU,XXL
,1-CAMI-M-10060-BRWN-S-DAIL,"Camisa Lino M/L 10060 (Brown, S, Daily)",Camisa Lino M/L 10060,"Brown, S, Daily",BRWN,S
,1-CAMI-M-10060-BRWN-M-DAIL,"Camisa Lino M/L 10060 (Brown, M, Daily)",Camisa Lino M/L 10060,"Brown, M, Daily",BRWN,M
,1-CAMI-M-10060-BRWN-L-DAIL,"Camisa Lino M/L 10060 (Brown, L, Daily)",Camisa Lino M/L 10060,"Brown, L, Daily",BRWN,L
,1-CAMI-M-10060-BLCK-XXL-DAIL,"Camisa Lino M/L 10060 (BLACK, XXL, Daily)",Camisa Lino M/L 10060,"BLACK, XXL, Daily",BLCK,XXL
,1-CAMI-M-10060-BLCK-XL-DAIL,"Camisa Lino M/L 10060 (BLACK, XL, Daily)",Camisa Lino M/L 10060,"BLACK, XL, Daily",BLCK,XL
,1-CAMI-M-10060-BLCK-S-DAIL,"Camisa Lino M/L 10060 (BLACK, S, Daily)",Camisa Lino M/L 10060,"BLACK, S, Daily",BLCK,S
,1-CAMI-M-10060-BLCK-M-DAIL,"Camisa Lino M/L 10060 (BLACK, M, Daily)",Camisa Lino M/L 10060,"BLACK, M, Daily",BLCK,M
,1-CAMI-M-10060-BLCK-L-DAIL,"Camisa Lino M/L 10060 (BLACK, L, Daily)",Camisa Lino M/L 10060,"BLACK, L, Daily",BLCK,L
2000000010205,1-CAMI-M-10061-NATU-XL-NOBR,"Camisa Lino M/L Mao 10061 (Natural, XL, nobrand)",Camisa Lino M/L Mao 10061,"Natural, XL, nobrand",NATU,XL
2000000010144,1-CAMI-M-10061-GREN-S-NOBR,"Camisa Lino M/L Mao 10061 (Green, S, nobrand)",Camisa Lino M/L Mao 10061,"Green, S, nobrand",GREN,S
,1-CAMI-M-10061-WHIT-XL-CENI,"Camisa Lino M/L Mao 10061 (White, XL, Cenidor)",Camisa Lino M/L Mao 10061,"White, XL, Cenidor",WHIT,XL
2000000009803,1-CAMI-M-10060-BRWN-XL-NOBR,"Camisa Lino M/L 10060 (Brown, XL, nobrand)",Camisa Lino M/L 10060,"Brown, XL, nobrand",BRWN,XL
,1-CAMI-M-10060-BRWN-S-CENI,"Camisa Lino M/L 10060 (Brown, S, Cenidor)",Camisa Lino M/L 10060,"Brown, S, Cenidor",BRWN,S
,1-CAMI-M-10060-BRWN-M-CENI,"Camisa Lino M/L 10060 (Brown, M, Cenidor)",Camisa Lino M/L 10060,"Brown, M, Cenidor",BRWN,M
,1-CAMI-M-10060-BRWN-L-CENI,"Camisa Lino M/L 10060 (Brown, L, Cenidor)",Camisa Lino M/L 10060,"Brown, L, Cenidor",BRWN,L
,1-CAMI-M-10060-BLCK-XXL-CENI,"Camisa Lino M/L 10060 (BLACK, XXL, Cenidor)",Camisa Lino M/L 10060,"BLACK, XXL, Cenidor",BLCK,XXL
,1-CAMI-M-10060-BLCK-XL-CENI,"Camisa Lino M/L 10060 (BLACK, XL, Cenidor)",Camisa Lino M/L 10060,"BLACK, XL, Cenidor",BLCK,XL
,1-CAMI-M-10060-BLCK-S-CENI,"Camisa Lino M/L 10060 (BLACK, S, Cenidor)",Camisa Lino M/L 10060,"BLACK, S, Cenidor",BLCK,S
,1-CAMI-M-10060-BLCK-M-CENI,"Camisa Lino M/L 10060 (BLACK, M, Cenidor)",Camisa Lino M/L 10060,"BLACK, M, Cenidor",BLCK,M
,1-CAMI-M-10060-BLCK-L-CENI,"Camisa Lino M/L 10060 (BLACK, L, Cenidor)",Camisa Lino M/L 10060,"BLACK, L, Cenidor",BLCK,L
,1-CAMI-M-10061-GREN-XXL-CENI,"Camisa Lino M/L Mao 10061 (Green, XXL, Cenidor)",Camisa Lino M/L Mao 10061,"Green, XXL, Cenidor",GREN,XXL
,1-CAMI-M-10061-GREN-S-CENI,"Camisa Lino M/L Mao 10061 (Green, S, Cenidor)",Camisa Lino M/L Mao 10061,"Green, S, Cenidor",GREN,S
2000000010304,1-CAMI-M-10061-WHIT-XL-NOBR,"Camisa Lino M/L Mao 10061 (White, XL, nobrand)",Camisa Lino M/L Mao 10061,"White, XL, nobrand",WHIT,XL
,1-CAMI-M-10060-BRWN-XL-DAIL,"Camisa Lino M/L 10060 (Brown, XL, Daily)",Camisa Lino M/L 10060,"Brown, XL, Daily",BRWN,XL
,1-CAMI-M-10060-BRWN-S-AIRB,"Camisa Lino M/L 10060 (Brown, S, Airborn)",Camisa Lino M/L 10060,"Brown, S, Airborn",BRWN,S
,1-CAMI-M-10060-BRWN-M-AIRB,"Camisa Lino M/L 10060 (Brown, M, Airborn)",Camisa Lino M/L 10060,"Brown, M, Airborn",BRWN,M
,1-CAMI-M-10060-BRWN-L-AIRB,"Camisa Lino M/L 10060 (Brown, L, Airborn)",Camisa Lino M/L 10060,"Brown, L, Airborn",BRWN,L
,1-CAMI-M-10060-BLCK-XXL-AIRB,"Camisa Lino M/L 10060 (BLACK, XXL, Airborn)",Camisa Lino M/L 10060,"BLACK, XXL, Airborn",BLCK,XXL
,1-CAMI-M-10060-BLCK-XL-AIRB,"Camisa Lino M/L 10060 (BLACK, XL, Airborn)",Camisa Lino M/L 10060,"BLACK, XL, Airborn",BLCK,XL
,1-CAMI-M-10060-BLCK-S-AIRB,"Camisa Lino M/L 10060 (BLACK, S, Airborn)",Camisa Lino M/L 10060,"BLACK, S, Airborn",BLCK,S
,1-CAMI-M-10060-BLCK-M-AIRB,"Camisa Lino M/L 10060 (BLACK, M, Airborn)",Camisa Lino M/L 10060,"BLACK, M, Airborn",BLCK,M
,1-CAMI-M-10060-BLCK-L-AIRB,"Camisa Lino M/L 10060 (BLACK, L, Airborn)",Camisa Lino M/L 10060,"BLACK, L, Airborn",BLCK,L
2000000010151,1-CAMI-M-10061-GREN-XL-NOBR,"Camisa Lino M/L Mao 10061 (Green, XL, nobrand)",Camisa Lino M/L Mao 10061,"Green, XL, nobrand",GREN,XL
2000000010137,1-CAMI-M-10061-GREN-M-NOBR,"Camisa Lino M/L Mao 10061 (Green, M, nobrand)",Camisa Lino M/L Mao 10061,"Green, M, nobrand",GREN,M
,1-CAMI-M-10061-WHIT-XXL-CENI,"Camisa Lino M/L Mao 10061 (White, XXL, Cenidor)",Camisa Lino M/L Mao 10061,"White, XXL, Cenidor",WHIT,XXL
2000000010311,1-CAMI-M-10061-WHIT-XXL-NOBR,"Camisa Lino M/L Mao 10061 (White, XXL, nobrand)",Camisa Lino M/L Mao 10061,"White, XXL, nobrand",WHIT,XXL
,1-CAMI-M-10061-BLCK-XL-CENI,"Camisa Lino M/L Mao 10061 (BLACK, XL, Cenidor)",Camisa Lino M/L Mao 10061,"BLACK, XL, Cenidor",BLCK,XL
2000000010182,1-CAMI-M-10061-NATU-M-NOBR,"Camisa Lino M/L Mao 10061 (Natural, M, nobrand)",Camisa Lino M/L Mao 10061,"Natural, M, nobrand",NATU,M
2000000010168,1-CAMI-M-10061-GREN-XXL-NOBR,"Camisa Lino M/L Mao 10061 (Green, XXL, nobrand)",Camisa Lino M/L Mao 10061,"Green, XXL, nobrand",GREN,XXL
,1-CAMI-M-10061-WHIT-S-CENI,"Camisa Lino M/L Mao 10061 (White, S, Cenidor)",Camisa Lino M/L Mao 10061,"White, S, Cenidor",WHIT,S
2000000010038,1-CAMI-M-10061-BLCK-M-NOBR,"Camisa Lino M/L Mao 10061 (BLACK, M, nobrand)",Camisa Lino M/L Mao 10061,"BLACK, M, nobrand",BLCK,M
,1-CAMI-M-10061-BLCK-XXL-CENI,"Camisa Lino M/L Mao 10061 (BLACK, XXL, Cenidor)",Camisa Lino M/L Mao 10061,"BLACK, XXL, Cenidor",BLCK,XXL
,1-CAMI-M-10061-BRWN-M-CENI,"Camisa Lino M/L Mao 10061 (Brown, M, Cenidor)",Camisa Lino M/L Mao 10061,"Brown, M, Cenidor",BRWN,M
,1-CAMI-M-10061-BRWN-XL-CENI,"Camisa Lino M/L Mao 10061 (Brown, XL, Cenidor)",Camisa Lino M/L Mao 10061,"Brown, XL, Cenidor",BRWN,XL
,1-CAMI-M-10061-WHIT-L-CENI,"Camisa Lino M/L Mao 10061 (White, L, Cenidor)",Camisa Lino M/L Mao 10061,"White, L, Cenidor",WHIT,L
,1-CAMI-M-10061-NAVY-XL-CENI,"Camisa Lino M/L Mao 10061 (Navy, XL, Cenidor)",Camisa Lino M/L Mao 10061,"Navy, XL, Cenidor",NAVY,XL
,1-CAMI-M-10061-NAVY-M-CENI,"Camisa Lino M/L Mao 10061 (Navy, M, Cenidor)",Camisa Lino M/L Mao 10061,"Navy, M, Cenidor",NAVY,M
,1-CAMI-M-10061-GREN-M-CENI,"Camisa Lino M/L Mao 10061 (Green, M, Cenidor)",Camisa Lino M/L Mao 10061,"Green, M, Cenidor",GREN,M
,1-CAMI-M-10061-NATU-XL-CENI,"Camisa Lino M/L Mao 10061 (Natural, XL, Cenidor)",Camisa Lino M/L Mao 10061,"Natural, XL, Cenidor",NATU,XL
,1-CAMI-M-10061-NATU-M-CENI,"Camisa Lino M/L Mao 10061 (Natural, M, Cenidor)",Camisa Lino M/L Mao 10061,"Natural, M, Cenidor",NATU,M
2000000010113,1-CAMI-M-10061-BRWN-XXL-NOBR,"Camisa Lino M/L Mao 10061 (Brown, XXL, nobrand)",Camisa Lino M/L Mao 10061,"Brown, XXL, nobrand",BRWN,XXL
,1-CAMI-M-10061-BLCK-L-CENI,"Camisa Lino M/L Mao 10061 (BLACK, L, Cenidor)",Camisa Lino M/L Mao 10061,"BLACK, L, Cenidor",BLCK,L
,1-CAMI-M-10061-BLCK-S-CENI,"Camisa Lino M/L Mao 10061 (BLACK, S, Cenidor)",Camisa Lino M/L Mao 10061,"BLACK, S, Cenidor",BLCK,S
2000000010069,1-CAMI-M-10061-BLCK-XXL-NOBR,"Camisa Lino M/L Mao 10061 (BLACK, XXL, nobrand)",Camisa Lino M/L Mao 10061,"BLACK, XXL, nobrand",BLCK,XXL
2000000010083,1-CAMI-M-10061-BRWN-M-NOBR,"Camisa Lino M/L Mao 10061 (Brown, M, nobrand)",Camisa Lino M/L Mao 10061,"Brown, M, nobrand",BRWN,M
,1-CAMI-M-10061-WHIT-M-CENI,"Camisa Lino M/L Mao 10061 (White, M, Cenidor)",Camisa Lino M/L Mao 10061,"White, M, Cenidor",WHIT,M
2000000010267,1-CAMI-M-10061-NAVY-XXL-NOBR,"Camisa Lino M/L Mao 10061 (Navy, XXL, nobrand)",Camisa Lino M/L Mao 10061,"Navy, XXL, nobrand",NAVY,XXL
2000000010243,1-CAMI-M-10061-NAVY-S-NOBR,"Camisa Lino M/L Mao 10061 (Navy, S, nobrand)",Camisa Lino M/L Mao 10061,"Navy, S, nobrand",NAVY,S
2000000010229,1-CAMI-M-10061-NAVY-L-NOBR,"Camisa Lino M/L Mao 10061 (Navy, L, nobrand)",Camisa Lino M/L Mao 10061,"Navy, L, nobrand",NAVY,L
2000000010120,1-CAMI-M-10061-GREN-L-NOBR,"Camisa Lino M/L Mao 10061 (Green, L, nobrand)",Camisa Lino M/L Mao 10061,"Green, L, nobrand",GREN,L
2000000010199,1-CAMI-M-10061-NATU-S-NOBR,"Camisa Lino M/L Mao 10061 (Natural, S, nobrand)",Camisa Lino M/L Mao 10061,"Natural, S, nobrand",NATU,S
2000000010175,1-CAMI-M-10061-NATU-L-NOBR,"Camisa Lino M/L Mao 10061 (Natural, L, nobrand)",Camisa Lino M/L Mao 10061,"Natural, L, nobrand",NATU,L
,1-CAMI-M-10061-BRWN-XXL-CENI,"Camisa Lino M/L Mao 10061 (Brown, XXL, Cenidor)",Camisa Lino M/L Mao 10061,"Brown, XXL, Cenidor",BRWN,XXL
2000000010021,1-CAMI-M-10061-BLCK-L-NOBR,"Camisa Lino M/L Mao 10061 (BLACK, L, nobrand)",Camisa Lino M/L Mao 10061,"BLACK, L, nobrand",BLCK,L
2000000010045,1-CAMI-M-10061-BLCK-S-NOBR,"Camisa Lino M/L Mao 10061 (BLACK, S, nobrand)",Camisa Lino M/L Mao 10061,"BLACK, S, nobrand",BLCK,S
,1-CAMI-M-10061-BRWN-L-CENI,"Camisa Lino M/L Mao 10061 (Brown, L, Cenidor)",Camisa Lino M/L Mao 10061,"Brown, L, Cenidor",BRWN,L
,1-CAMI-M-10061-BRWN-S-CENI,"Camisa Lino M/L Mao 10061 (Brown, S, Cenidor)",Camisa Lino M/L Mao 10061,"Brown, S, Cenidor",BRWN,S
2000000010281,1-CAMI-M-10061-WHIT-M-NOBR,"Camisa Lino M/L Mao 10061 (White, M, nobrand)",Camisa Lino M/L Mao 10061,"White, M, nobrand",WHIT,M
,1-CAMI-M-10061-NAVY-XXL-CENI,"Camisa Lino M/L Mao 10061 (Navy, XXL, Cenidor)",Camisa Lino M/L Mao 10061,"Navy, XXL, Cenidor",NAVY,XXL
,1-CAMI-M-10061-NAVY-S-CENI,"Camisa Lino M/L Mao 10061 (Navy, S, Cenidor)",Camisa Lino M/L Mao 10061,"Navy, S, Cenidor",NAVY,S
,1-CAMI-M-10061-NAVY-L-CENI,"Camisa Lino M/L Mao 10061 (Navy, L, Cenidor)",Camisa Lino M/L Mao 10061,"Navy, L, Cenidor",NAVY,L
,1-CAMI-M-10061-GREN-L-CENI,"Camisa Lino M/L Mao 10061 (Green, L, Cenidor)",Camisa Lino M/L Mao 10061,"Green, L, Cenidor",GREN,L
,1-CAMI-M-10061-NATU-S-CENI,"Camisa Lino M/L Mao 10061 (Natural, S, Cenidor)",Camisa Lino M/L Mao 10061,"Natural, S, Cenidor",NATU,S
,1-CAMI-M-10061-NATU-L-CENI,"Camisa Lino M/L Mao 10061 (Natural, L, Cenidor)",Camisa Lino M/L Mao 10061,"Natural, L, Cenidor",NATU,L
2000000010106,1-CAMI-M-10061-BRWN-XL-NOBR,"Camisa Lino M/L Mao 10061 (Brown, XL, nobrand)",Camisa Lino M/L Mao 10061,"Brown, XL, nobrand",BRWN,XL
,1-CAMI-M-10061-BLCK-M-CENI,"Camisa Lino M/L Mao 10061 (BLACK, M, Cenidor)",Camisa Lino M/L Mao 10061,"BLACK, M, Cenidor",BLCK,M
2000000010052,1-CAMI-M-10061-BLCK-XL-NOBR,"Camisa Lino M/L Mao 10061 (BLACK, XL, nobrand)",Camisa Lino M/L Mao 10061,"BLACK, XL, nobrand",BLCK,XL
2000000010076,1-CAMI-M-10061-BRWN-L-NOBR,"Camisa Lino M/L Mao 10061 (Brown, L, nobrand)",Camisa Lino M/L Mao 10061,"Brown, L, nobrand",BRWN,L
2000000010090,1-CAMI-M-10061-BRWN-S-NOBR,"Camisa Lino M/L Mao 10061 (Brown, S, nobrand)",Camisa Lino M/L Mao 10061,"Brown, S, nobrand",BRWN,S
2000000010274,1-CAMI-M-10061-WHIT-L-NOBR,"Camisa Lino M/L Mao 10061 (White, L, nobrand)",Camisa Lino M/L Mao 10061,"White, L, nobrand",WHIT,L
2000000010250,1-CAMI-M-10061-NAVY-XL-NOBR,"Camisa Lino M/L Mao 10061 (Navy, XL, nobrand)",Camisa Lino M/L Mao 10061,"Navy, XL, nobrand",NAVY,XL
2000000010236,1-CAMI-M-10061-NAVY-M-NOBR,"Camisa Lino M/L Mao 10061 (Navy, M, nobrand)",Camisa Lino M/L Mao 10061,"Navy, M, nobrand",NAVY,M
2000000010212,1-CAMI-M-10061-NATU-XXL-NOBR,"Camisa Lino M/L Mao 10061 (Natural, XXL, nobrand)",Camisa Lino M/L Mao 10061,"Natural, XXL, nobrand",NATU,XXL
,1-CAMI-M-10061-NATU-XXL-CENI,"Camisa Lino M/L Mao 10061 (Natural, XXL, Cenidor)",Camisa Lino M/L Mao 10061,"Natural, XXL, Cenidor",NATU,XXL
2000000008479,1-CAMI-M-10023-BLUE-L-NOBR,"Camisa Plano 10023 (Blue, L, nobrand)",Camisa Plano 10023,"Blue, L, nobrand",BLUE,L
2000000008486,1-CAMI-M-10023-BLUE-M-NOBR,"Camisa Plano 10023 (Blue, M, nobrand)",Camisa Plano 10023,"Blue, M, nobrand",BLUE,M
,1-CAMI-M-10023-BLUE-XL-AIRB,"Camisa Plano 10023 (Blue, XL, Airborn)",Camisa Plano 10023,"Blue, XL, Airborn",BLUE,XL
,1-CAMI-M-10023-BLUE-XXL-BUDA,"Camisa Plano 10023 (Blue, XXL, Budapestt)",Camisa Plano 10023,"Blue, XXL, Budapestt",BLUE,XXL
2000000008523,1-CAMI-M-10023-ECRU-L-NOBR,"Camisa Plano 10023 (Ecru, L, nobrand)",Camisa Plano 10023,"Ecru, L, nobrand",ECRU,L
,1-CAMI-M-10023-ECRU-S-AIRB,"Camisa Plano 10023 (Ecru, S, Airborn)",Camisa Plano 10023,"Ecru, S, Airborn",ECRU,S
,1-CAMI-M-10023-ECRU-XL-BUDA,"Camisa Plano 10023 (Ecru, XL, Budapestt)",Camisa Plano 10023,"Ecru, XL, Budapestt",ECRU,XL
2000000008608,1-CAMI-M-10029-BLCK-XL-NOBR,Camisa Plano 10029 (XL),Camisa Plano 10029,XL,BLCK,XL
2000000008622,1-CAMI-M-10030-BLUE-L-NOBR,"Camisa Plano 10030 (L, nobrand)",Camisa Plano 10030,"L, nobrand",BLUE,L
,1-CAMI-M-10030-BLUE-L-BUDA,"Camisa Plano 10030 (L, Budapestt)",Camisa Plano 10030,"L, Budapestt",BLUE,L
,1-CAMI-M-10030-BLUE-M-BUDA,"Camisa Plano 10030 (M, Budapestt)",Camisa Plano 10030,"M, Budapestt",BLUE,M
,1-CAMI-M-10023-ECRU-XXL-BUDA,"Camisa Plano 10023 (Ecru, XXL, Budapestt)",Camisa Plano 10023,"Ecru, XXL, Budapestt",ECRU,XXL
,1-CAMI-M-10023-BLUE-M-AIRB,"Camisa Plano 10023 (Blue, M, Airborn)",Camisa Plano 10023,"Blue, M, Airborn",BLUE,M
,1-CAMI-M-10023-BLUE-S-AIRB,"Camisa Plano 10023 (Blue, S, Airborn)",Camisa Plano 10023,"Blue, S, Airborn",BLUE,S
,1-CAMI-M-10023-BLUE-XL-BUDA,"Camisa Plano 10023 (Blue, XL, Budapestt)",Camisa Plano 10023,"Blue, XL, Budapestt",BLUE,XL
2000000008516,1-CAMI-M-10023-BLUE-XXL-NOBR,"Camisa Plano 10023 (Blue, XXL, nobrand)",Camisa Plano 10023,"Blue, XXL, nobrand",BLUE,XXL
,1-CAMI-M-10023-ECRU-M-AIRB,"Camisa Plano 10023 (Ecru, M, Airborn)",Camisa Plano 10023,"Ecru, M, Airborn",ECRU,M
,1-CAMI-M-10023-ECRU-S-BUDA,"Camisa Plano 10023 (Ecru, S, Budapestt)",Camisa Plano 10023,"Ecru, S, Budapestt",ECRU,S
2000000008554,1-CAMI-M-10023-ECRU-XL-NOBR,"Camisa Plano 10023 (Ecru, XL, nobrand)",Camisa Plano 10023,"Ecru, XL, nobrand",ECRU,XL
2000000008615,1-CAMI-M-10029-BLCK-XXL-NOBR,Camisa Plano 10029 (XXL),Camisa Plano 10029,XXL,BLCK,XXL
2000000008639,1-CAMI-M-10030-BLUE-M-NOBR,"Camisa Plano 10030 (M, nobrand)",Camisa Plano 10030,"M, nobrand",BLUE,M
,1-CAMI-M-10030-BLUE-XXL-BUDA,"Camisa Plano 10030 (XXL, Budapestt)",Camisa Plano 10030,"XXL, Budapestt",BLUE,XXL
,1-CAMI-M-10030-BLUE-S-BUDA,"Camisa Plano 10030 (S, Budapestt)",Camisa Plano 10030,"S, Budapestt",BLUE,S
,1-CAMI-M-10023-BLUE-L-AIRB,"Camisa Plano 10023 (Blue, L, Airborn)",Camisa Plano 10023,"Blue, L, Airborn",BLUE,L
2000000008561,1-CAMI-M-10023-ECRU-XXL-NOBR,"Camisa Plano 10023 (Ecru, XXL, nobrand)",Camisa Plano 10023,"Ecru, XXL, nobrand",ECRU,XXL
,1-CAMI-M-10023-BLUE-S-BUDA,"Camisa Plano 10023 (Blue, S, Budapestt)",Camisa Plano 10023,"Blue, S, Budapestt",BLUE,S
2000000008509,1-CAMI-M-10023-BLUE-XL-NOBR,"Camisa Plano 10023 (Blue, XL, nobrand)",Camisa Plano 10023,"Blue, XL, nobrand",BLUE,XL
,1-CAMI-M-10023-ECRU-L-AIRB,"Camisa Plano 10023 (Ecru, L, Airborn)",Camisa Plano 10023,"Ecru, L, Airborn",ECRU,L
,1-CAMI-M-10023-BLUE-XXL-AIRB,"Camisa Plano 10023 (Blue, XXL, Airborn)",Camisa Plano 10023,"Blue, XXL, Airborn",BLUE,XXL
2000000008547,1-CAMI-M-10023-ECRU-S-NOBR,"Camisa Plano 10023 (Ecru, S, nobrand)",Camisa Plano 10023,"Ecru, S, nobrand",ECRU,S
,1-CAMI-M-10023-ECRU-XXL-AIRB,"Camisa Plano 10023 (Ecru, XXL, Airborn)",Camisa Plano 10023,"Ecru, XXL, Airborn",ECRU,XXL
2000000008578,1-CAMI-M-10029-BLCK-L-NOBR,Camisa Plano 10029 (L),Camisa Plano 10029,L,BLCK,L
2000000008646,1-CAMI-M-10030-BLUE-S-NOBR,"Camisa Plano 10030 (S, nobrand)",Camisa Plano 10030,"S, nobrand",BLUE,S
2000000008653,1-CAMI-M-10030-BLUE-XL-NOBR,"Camisa Plano 10030 (XL, nobrand)",Camisa Plano 10030,"XL, nobrand",BLUE,XL
2000000008714,1-CAMI-M-10031-WHIT-XXL-NOBR,"Camisa Plano 10031 (XXL, nobrand)",Camisa Plano 10031,"XXL, nobrand",WHIT,XXL
,1-CAMI-M-10023-BLUE-L-BUDA,"Camisa Plano 10023 (Blue, L, Budapestt)",Camisa Plano 10023,"Blue, L, Budapestt",BLUE,L
,1-CAMI-M-10023-BLUE-M-BUDA,"Camisa Plano 10023 (Blue, M, Budapestt)",Camisa Plano 10023,"Blue, M, Budapestt",BLUE,M
2000000008493,1-CAMI-M-10023-BLUE-S-NOBR,"Camisa Plano 10023 (Blue, S, nobrand)",Camisa Plano 10023,"Blue, S, nobrand",BLUE,S
,1-CAMI-M-10023-ECRU-M-BUDA,"Camisa Plano 10023 (Ecru, M, Budapestt)",Camisa Plano 10023,"Ecru, M, Budapestt",ECRU,M
,1-CAMI-M-10023-ECRU-L-BUDA,"Camisa Plano 10023 (Ecru, L, Budapestt)",Camisa Plano 10023,"Ecru, L, Budapestt",ECRU,L
2000000008530,1-CAMI-M-10023-ECRU-M-NOBR,"Camisa Plano 10023 (Ecru, M, nobrand)",Camisa Plano 10023,"Ecru, M, nobrand",ECRU,M
,1-CAMI-M-10023-ECRU-XL-AIRB,"Camisa Plano 10023 (Ecru, XL, Airborn)",Camisa Plano 10023,"Ecru, XL, Airborn",ECRU,XL
2000000008592,1-CAMI-M-10029-BLCK-S-NOBR,Camisa Plano 10029 (S),Camisa Plano 10029,S,BLCK,S
2000000008585,1-CAMI-M-10029-BLCK-M-NOBR,Camisa Plano 10029 (M),Camisa Plano 10029,M,BLCK,M
,1-CAMI-M-10030-BLUE-XL-BUDA,"Camisa Plano 10030 (XL, Budapestt)",Camisa Plano 10030,"XL, Budapestt",BLUE,XL
2000000008660,1-CAMI-M-10030-BLUE-XXL-NOBR,"Camisa Plano 10030 (XXL, nobrand)",Camisa Plano 10030,"XXL, nobrand",BLUE,XXL
,1-CAMI-M-10031-WHIT-XXL-BUDA,"Camisa Plano 10031 (XXL, Budapestt)",Camisa Plano 10031,"XXL, Budapestt",WHIT,XXL
,1-CAMI-M-10031-WHIT-XXL-AIRB,"Camisa Plano 10031 (XXL, Airborn)",Camisa Plano 10031,"XXL, Airborn",WHIT,XXL
,1-CAMI-M-10031-WHIT-L-AIRB,"Camisa Plano 10031 (L, Airborn)",Camisa Plano 10031,"L, Airborn",WHIT,L
2000000008684,1-CAMI-M-10031-WHIT-M-NOBR,"Camisa Plano 10031 (M, nobrand)",Camisa Plano 10031,"M, nobrand",WHIT,M
,1-CAMI-M-10031-WHIT-L-BUDA,"Camisa Plano 10031 (L, Budapestt)",Camisa Plano 10031,"L, Budapestt",WHIT,L
,1-CAMI-M-10032-NAVY-L-BUDA,"Camisa Plano 10032 (L, Budapestt)",Camisa Plano 10032,"L, Budapestt",NAVY,L
,1-CAMI-M-10032-NAVY-XXL-BUDA,"Camisa Plano 10032 (XXL, Budapestt)",Camisa Plano 10032,"XXL, Budapestt",NAVY,XXL
2000000008776,1-CAMI-M-10034-BEIG-L-NOBR,Camisa Plano 10034 (L),Camisa Plano 10034,L,BEIG,L
,1-CAMI-M-10037-BLUE-M-AIRB,"Camisa Plano 10037 (Blue, M, Airborn)",Camisa Plano 10037,"Blue, M, Airborn",BLUE,M
2000000008899,1-CAMI-M-10037-BLUE-S-NOBR,"Camisa Plano 10037 (Blue, S, nobrand)",Camisa Plano 10037,"Blue, S, nobrand",BLUE,S
2000000008905,1-CAMI-M-10037-BLUE-XL-NOBR,"Camisa Plano 10037 (Blue, XL, nobrand)",Camisa Plano 10037,"Blue, XL, nobrand",BLUE,XL
2000000008820,1-CAMI-M-10037-BEIG-L-NOBR,"Camisa Plano 10037 (Beige, L, nobrand)",Camisa Plano 10037,"Beige, L, nobrand",BEIG,L
,1-CAMI-M-10037-BEIG-S-AIRB,"Camisa Plano 10037 (Beige, S, Airborn)",Camisa Plano 10037,"Beige, S, Airborn",BEIG,S
2000000008707,1-CAMI-M-10031-WHIT-XL-NOBR,"Camisa Plano 10031 (XL, nobrand)",Camisa Plano 10031,"XL, nobrand",WHIT,XL
2000000008677,1-CAMI-M-10031-WHIT-L-NOBR,"Camisa Plano 10031 (L, nobrand)",Camisa Plano 10031,"L, nobrand",WHIT,L
,1-CAMI-M-10031-WHIT-S-AIRB,"Camisa Plano 10031 (S, Airborn)",Camisa Plano 10031,"S, Airborn",WHIT,S
,1-CAMI-M-10032-NAVY-XL-BUDA,"Camisa Plano 10032 (XL, Budapestt)",Camisa Plano 10032,"XL, Budapestt",NAVY,XL
2000000008769,1-CAMI-M-10032-NAVY-XXL-NOBR,"Camisa Plano 10032 (XXL, nobrand)",Camisa Plano 10032,"XXL, nobrand",NAVY,XXL
2000000008738,1-CAMI-M-10032-NAVY-M-NOBR,"Camisa Plano 10032 (M, nobrand)",Camisa Plano 10032,"M, nobrand",NAVY,M
2000000008806,1-CAMI-M-10034-BEIG-XL-NOBR,Camisa Plano 10034 (XL),Camisa Plano 10034,XL,BEIG,XL
,1-CAMI-M-10037-BLUE-M-BUDA,"Camisa Plano 10037 (Blue, M, Budapestt)",Camisa Plano 10037,"Blue, M, Budapestt",BLUE,M
,1-CAMI-M-10037-BLUE-XL-AIRB,"Camisa Plano 10037 (Blue, XL, Airborn)",Camisa Plano 10037,"Blue, XL, Airborn",BLUE,XL
,1-CAMI-M-10037-BLUE-XXL-AIRB,"Camisa Plano 10037 (Blue, XXL, Airborn)",Camisa Plano 10037,"Blue, XXL, Airborn",BLUE,XXL
,1-CAMI-M-10037-BEIG-M-AIRB,"Camisa Plano 10037 (Beige, M, Airborn)",Camisa Plano 10037,"Beige, M, Airborn",BEIG,M
,1-CAMI-M-10037-BEIG-S-BUDA,"Camisa Plano 10037 (Beige, S, Budapestt)",Camisa Plano 10037,"Beige, S, Budapestt",BEIG,S
,1-CAMI-M-10031-WHIT-XL-BUDA,"Camisa Plano 10031 (XL, Budapestt)",Camisa Plano 10031,"XL, Budapestt",WHIT,XL
,1-CAMI-M-10031-WHIT-M-AIRB,"Camisa Plano 10031 (M, Airborn)",Camisa Plano 10031,"M, Airborn",WHIT,M
,1-CAMI-M-10031-WHIT-S-BUDA,"Camisa Plano 10031 (S, Budapestt)",Camisa Plano 10031,"S, Budapestt",WHIT,S
,1-CAMI-M-10032-NAVY-S-BUDA,"Camisa Plano 10032 (S, Budapestt)",Camisa Plano 10032,"S, Budapestt",NAVY,S
2000000008721,1-CAMI-M-10032-NAVY-L-NOBR,"Camisa Plano 10032 (L, nobrand)",Camisa Plano 10032,"L, nobrand",NAVY,L
2000000008745,1-CAMI-M-10032-NAVY-S-NOBR,"Camisa Plano 10032 (S, nobrand)",Camisa Plano 10032,"S, nobrand",NAVY,S
2000000008813,1-CAMI-M-10034-BEIG-XXL-NOBR,Camisa Plano 10034 (XXL),Camisa Plano 10034,XXL,BEIG,XXL
2000000008882,1-CAMI-M-10037-BLUE-M-NOBR,"Camisa Plano 10037 (Blue, M, nobrand)",Camisa Plano 10037,"Blue, M, nobrand",BLUE,M
,1-CAMI-M-10037-BLUE-XL-BUDA,"Camisa Plano 10037 (Blue, XL, Budapestt)",Camisa Plano 10037,"Blue, XL, Budapestt",BLUE,XL
,1-CAMI-M-10037-BLUE-XXL-BUDA,"Camisa Plano 10037 (Blue, XXL, Budapestt)",Camisa Plano 10037,"Blue, XXL, Budapestt",BLUE,XXL
,1-CAMI-M-10037-BEIG-M-BUDA,"Camisa Plano 10037 (Beige, M, Budapestt)",Camisa Plano 10037,"Beige, M, Budapestt",BEIG,M
2000000008844,1-CAMI-M-10037-BEIG-S-NOBR,"Camisa Plano 10037 (Beige, S, nobrand)",Camisa Plano 10037,"Beige, S, nobrand",BEIG,S
,1-CAMI-M-10031-WHIT-XL-AIRB,"Camisa Plano 10031 (XL, Airborn)",Camisa Plano 10031,"XL, Airborn",WHIT,XL
,1-CAMI-M-10031-WHIT-M-BUDA,"Camisa Plano 10031 (M, Budapestt)",Camisa Plano 10031,"M, Budapestt",WHIT,M
2000000008691,1-CAMI-M-10031-WHIT-S-NOBR,"Camisa Plano 10031 (S, nobrand)",Camisa Plano 10031,"S, nobrand",WHIT,S
,1-CAMI-M-10032-NAVY-M-BUDA,"Camisa Plano 10032 (M, Budapestt)",Camisa Plano 10032,"M, Budapestt",NAVY,M
2000000008752,1-CAMI-M-10032-NAVY-XL-NOBR,"Camisa Plano 10032 (XL, nobrand)",Camisa Plano 10032,"XL, nobrand",NAVY,XL
2000000008783,1-CAMI-M-10034-BEIG-M-NOBR,Camisa Plano 10034 (M),Camisa Plano 10034,M,BEIG,M
2000000008790,1-CAMI-M-10034-BEIG-S-NOBR,Camisa Plano 10034 (S),Camisa Plano 10034,S,BEIG,S
,1-CAMI-M-10037-BLUE-S-BUDA,"Camisa Plano 10037 (Blue, S, Budapestt)",Camisa Plano 10037,"Blue, S, Budapestt",BLUE,S
,1-CAMI-M-10037-BLUE-S-AIRB,"Camisa Plano 10037 (Blue, S, Airborn)",Camisa Plano 10037,"Blue, S, Airborn",BLUE,S
2000000008912,1-CAMI-M-10037-BLUE-XXL-NOBR,"Camisa Plano 10037 (Blue, XXL, nobrand)",Camisa Plano 10037,"Blue, XXL, nobrand",BLUE,XXL
2000000008837,1-CAMI-M-10037-BEIG-M-NOBR,"Camisa Plano 10037 (Beige, M, nobrand)",Camisa Plano 10037,"Beige, M, nobrand",BEIG,M
,1-CAMI-M-10037-BEIG-XL-AIRB,"Camisa Plano 10037 (Beige, XL, Airborn)",Camisa Plano 10037,"Beige, XL, Airborn",BEIG,XL
,1-CAMI-M-10037-BEIG-XL-BUDA,"Camisa Plano 10037 (Beige, XL, Budapestt)",Camisa Plano 10037,"Beige, XL, Budapestt",BEIG,XL
,1-CAMI-M-10037-BLUE-L-AIRB,"Camisa Plano 10037 (Blue, L, Airborn)",Camisa Plano 10037,"Blue, L, Airborn",BLUE,L
,1-CAMI-M-10037-BEIG-L-AIRB,"Camisa Plano 10037 (Beige, L, Airborn)",Camisa Plano 10037,"Beige, L, Airborn",BEIG,L
2000000009544,1-CAMI-M-10055-GREN-S-NOBR,"Camisa Plano 10055 (Green, S)",Camisa Plano 10055,"Green, S",GREN,S
2000000009537,1-CAMI-M-10055-GREN-M-NOBR,"Camisa Plano 10055 (Green, M)",Camisa Plano 10055,"Green, M",GREN,M
2000000009575,1-CAMI-M-10056-BEIG-L-NOBR,Camisa Plano 10056 (L),Camisa Plano 10056,L,BEIG,L
2000000009612,1-CAMI-M-10056-BEIG-XXL-NOBR,Camisa Plano 10056 (XXL),Camisa Plano 10056,XXL,BEIG,XXL
2000000009636,1-CAMI-M-10057-BLCK-M-NOBR,"Camisa Plano 10057 (M, nobrand)",Camisa Plano 10057,"M, nobrand",BLCK,M
,1-CAMI-M-10057-BLCK-XXL-BUDA,"Camisa Plano 10057 (XXL, Budapestt)",Camisa Plano 10057,"XXL, Budapestt",BLCK,XXL
,1-CAMI-M-10058-BRWN-XL-AIRB,"Camisa Plano 10058 (XL, Airborn)",Camisa Plano 10058,"XL, Airborn",BRWN,XL
2000000009704,1-CAMI-M-10058-BRWN-XL-NOBR,"Camisa Plano 10058 (XL, nobrand)",Camisa Plano 10058,"XL, nobrand",BRWN,XL
,1-CAMI-M-10058-BRWN-L-BUDA,"Camisa Plano 10058 (L, Budapestt)",Camisa Plano 10058,"L, Budapestt",BRWN,L
2000000008851,1-CAMI-M-10037-BEIG-XL-NOBR,"Camisa Plano 10037 (Beige, XL, nobrand)",Camisa Plano 10037,"Beige, XL, nobrand",BEIG,XL
,1-CAMI-M-10037-BLUE-L-BUDA,"Camisa Plano 10037 (Blue, L, Budapestt)",Camisa Plano 10037,"Blue, L, Budapestt",BLUE,L
2000000008868,1-CAMI-M-10037-BEIG-XXL-NOBR,"Camisa Plano 10037 (Beige, XXL, nobrand)",Camisa Plano 10037,"Beige, XXL, nobrand",BEIG,XXL
2000000009551,1-CAMI-M-10055-GREN-XL-NOBR,"Camisa Plano 10055 (Green, XL)",Camisa Plano 10055,"Green, XL",GREN,XL
2000000009568,1-CAMI-M-10055-GREN-XXL-NOBR,"Camisa Plano 10055 (Green, XXL)",Camisa Plano 10055,"Green, XXL",GREN,XXL
2000000009582,1-CAMI-M-10056-BEIG-M-NOBR,Camisa Plano 10056 (M),Camisa Plano 10056,M,BEIG,M
,1-CAMI-M-10057-BLCK-L-BUDA,"Camisa Plano 10057 (L, Budapestt)",Camisa Plano 10057,"L, Budapestt",BLCK,L
2000000009643,1-CAMI-M-10057-BLCK-S-NOBR,"Camisa Plano 10057 (S, nobrand)",Camisa Plano 10057,"S, nobrand",BLCK,S
2000000009667,1-CAMI-M-10057-BLCK-XXL-NOBR,"Camisa Plano 10057 (XXL, nobrand)",Camisa Plano 10057,"XXL, nobrand",BLCK,XXL
2000000009698,1-CAMI-M-10058-BRWN-S-NOBR,"Camisa Plano 10058 (S, nobrand)",Camisa Plano 10058,"S, nobrand",BRWN,S
,1-CAMI-M-10058-BRWN-XL-BUDA,"Camisa Plano 10058 (XL, Budapestt)",Camisa Plano 10058,"XL, Budapestt",BRWN,XL
2000000009674,1-CAMI-M-10058-BRWN-L-NOBR,"Camisa Plano 10058 (L, nobrand)",Camisa Plano 10058,"L, nobrand",BRWN,L
,1-CAMI-M-10037-BEIG-XXL-AIRB,"Camisa Plano 10037 (Beige, XXL, Airborn)",Camisa Plano 10037,"Beige, XXL, Airborn",BEIG,XXL
2000000008875,1-CAMI-M-10037-BLUE-L-NOBR,"Camisa Plano 10037 (Blue, L, nobrand)",Camisa Plano 10037,"Blue, L, nobrand",BLUE,L
2000000009476,1-CAMI-M-10055-BLCK-L-NOBR,"Camisa Plano 10055 (BLACK, L)",Camisa Plano 10055,"BLACK, L",BLCK,L
2000000009520,1-CAMI-M-10055-GREN-L-NOBR,"Camisa Plano 10055 (Green, L)",Camisa Plano 10055,"Green, L",GREN,L
2000000009513,1-CAMI-M-10055-BLCK-XXL-NOBR,"Camisa Plano 10055 (BLACK, XXL)",Camisa Plano 10055,"BLACK, XXL",BLCK,XXL
2000000009599,1-CAMI-M-10056-BEIG-S-NOBR,Camisa Plano 10056 (S),Camisa Plano 10056,S,BEIG,S
2000000009629,1-CAMI-M-10057-BLCK-L-NOBR,"Camisa Plano 10057 (L, nobrand)",Camisa Plano 10057,"L, nobrand",BLCK,L
,1-CAMI-M-10057-BLCK-XL-BUDA,"Camisa Plano 10057 (XL, Budapestt)",Camisa Plano 10057,"XL, Budapestt",BLCK,XL
,1-CAMI-M-10057-BLCK-S-BUDA,"Camisa Plano 10057 (S, Budapestt)",Camisa Plano 10057,"S, Budapestt",BLCK,S
,1-CAMI-M-10058-BRWN-XXL-BUDA,"Camisa Plano 10058 (XXL, Budapestt)",Camisa Plano 10058,"XXL, Budapestt",BRWN,XXL
2000000009711,1-CAMI-M-10058-BRWN-XXL-NOBR,"Camisa Plano 10058 (XXL, nobrand)",Camisa Plano 10058,"XXL, nobrand",BRWN,XXL
,1-CAMI-M-10058-BRWN-M-AIRB,"Camisa Plano 10058 (M, Airborn)",Camisa Plano 10058,"M, Airborn",BRWN,M
,1-CAMI-M-10037-BEIG-XXL-BUDA,"Camisa Plano 10037 (Beige, XXL, Budapestt)",Camisa Plano 10037,"Beige, XXL, Budapestt",BEIG,XXL
,1-CAMI-M-10037-BEIG-L-BUDA,"Camisa Plano 10037 (Beige, L, Budapestt)",Camisa Plano 10037,"Beige, L, Budapestt",BEIG,L
2000000009490,1-CAMI-M-10055-BLCK-S-NOBR,"Camisa Plano 10055 (BLACK, S)",Camisa Plano 10055,"BLACK, S",BLCK,S
2000000009483,1-CAMI-M-10055-BLCK-M-NOBR,"Camisa Plano 10055 (BLACK, M)",Camisa Plano 10055,"BLACK, M",BLCK,M
2000000009506,1-CAMI-M-10055-BLCK-XL-NOBR,"Camisa Plano 10055 (BLACK, XL)",Camisa Plano 10055,"BLACK, XL",BLCK,XL
2000000009605,1-CAMI-M-10056-BEIG-XL-NOBR,Camisa Plano 10056 (XL),Camisa Plano 10056,XL,BEIG,XL
,1-CAMI-M-10057-BLCK-M-BUDA,"Camisa Plano 10057 (M, Budapestt)",Camisa Plano 10057,"M, Budapestt",BLCK,M
2000000009650,1-CAMI-M-10057-BLCK-XL-NOBR,"Camisa Plano 10057 (XL, nobrand)",Camisa Plano 10057,"XL, nobrand",BLCK,XL
,1-CAMI-M-10058-BRWN-S-BUDA,"Camisa Plano 10058 (S, Budapestt)",Camisa Plano 10058,"S, Budapestt",BRWN,S
,1-CAMI-M-10058-BRWN-XXL-AIRB,"Camisa Plano 10058 (XXL, Airborn)",Camisa Plano 10058,"XXL, Airborn",BRWN,XXL
,1-CAMI-M-10058-BRWN-L-AIRB,"Camisa Plano 10058 (L, Airborn)",Camisa Plano 10058,"L, Airborn",BRWN,L
,1-CAMI-M-10058-BRWN-M-BUDA,"Camisa Plano 10058 (M, Budapestt)",Camisa Plano 10058,"M, Budapestt",BRWN,M
2000000009681,1-CAMI-M-10058-BRWN-M-NOBR,"Camisa Plano 10058 (M, nobrand)",Camisa Plano 10058,"M, nobrand",BRWN,M
,1-CAMP-M-11099-GREN-XXL-BUDA,"Campera Plano 11099 (Green, XXL, Budapestt)",Campera Plano 11099,"Green, XXL, Budapestt",GREN,XXL
2000000026107,1-CAMP-M-11099-BLCK-M-NOBR,"Campera Plano 11099 (BLACK, M, nobrand)",Campera Plano 11099,"BLACK, M, nobrand",BLCK,M
2000000026121,1-CAMP-M-11099-BLCK-XL-NOBR,"Campera Plano 11099 (BLACK, XL, nobrand)",Campera Plano 11099,"BLACK, XL, nobrand",BLCK,XL
2000000026145,1-CAMP-M-11099-GREN-L-NOBR,"Campera Plano 11099 (Green, L, nobrand)",Campera Plano 11099,"Green, L, nobrand",GREN,L
2000000026169,1-CAMP-M-11099-GREN-S-NOBR,"Campera Plano 11099 (Green, S, nobrand)",Campera Plano 11099,"Green, S, nobrand",GREN,S
2000000014722,1-CAMP-M-00078-BLCK-L-NOBR,"Carl 00078 (BLACK, L, nobrand)",Carl 00078,"BLACK, L, nobrand",BLCK,L
2000000014760,1-CAMP-M-00078-BLCK-S-NOBR,"Carl 00078 (BLACK, S, nobrand)",Carl 00078,"BLACK, S, nobrand",BLCK,S
2000000014807,1-CAMP-M-00078-BLCK-XXL-NOBR,"Carl 00078 (BLACK, XXL, nobrand)",Carl 00078,"BLACK, XXL, nobrand",BLCK,XXL
2000000014845,1-CAMP-M-00078-MGRN-M-NOBR,"Carl 00078 (Military green, M, nobrand)",Carl 00078,"Military green, M, nobrand",MGRN,M
2000000014883,1-CAMP-M-00078-MGRN-XL-NOBR,"Carl 00078 (Military green, XL, nobrand)",Carl 00078,"Military green, XL, nobrand",MGRN,XL
2000000037523,1-CAMP-W-02052-BLCK-M-PARK,"Carrie 02052 (BLACK, M, Parka)",Carrie 02052,"BLACK, M, Parka",BLCK,M
,1-CAMI-M-10058-BRWN-S-AIRB,"Camisa Plano 10058 (S, Airborn)",Camisa Plano 10058,"S, Airborn",BRWN,S
2000000026183,1-CAMP-M-11099-GREN-XXL-NOBR,"Campera Plano 11099 (Green, XXL, nobrand)",Campera Plano 11099,"Green, XXL, nobrand",GREN,XXL
,1-CAMP-M-11099-BLCK-S-BUDA,"Campera Plano 11099 (BLACK, S, Budapestt)",Campera Plano 11099,"BLACK, S, Budapestt",BLCK,S
,1-CAMP-M-11099-BLCK-XXL-BUDA,"Campera Plano 11099 (BLACK, XXL, Budapestt)",Campera Plano 11099,"BLACK, XXL, Budapestt",BLCK,XXL
,1-CAMP-M-11099-GREN-M-BUDA,"Campera Plano 11099 (Green, M, Budapestt)",Campera Plano 11099,"Green, M, Budapestt",GREN,M
,1-CAMP-M-11099-GREN-XL-BUDA,"Campera Plano 11099 (Green, XL, Budapestt)",Campera Plano 11099,"Green, XL, Budapestt",GREN,XL
2000000014739,1-CAMP-M-00078-BLCK-L-PARK,"Carl 00078 (BLACK, L, Parka)",Carl 00078,"BLACK, L, Parka",BLCK,L
2000000014777,1-CAMP-M-00078-BLCK-S-PARK,"Carl 00078 (BLACK, S, Parka)",Carl 00078,"BLACK, S, Parka",BLCK,S
2000000014814,1-CAMP-M-00078-BLCK-XXL-PARK,"Carl 00078 (BLACK, XXL, Parka)",Carl 00078,"BLACK, XXL, Parka",BLCK,XXL
2000000014852,1-CAMP-M-00078-MGRN-M-PARK,"Carl 00078 (Military green, M, Parka)",Carl 00078,"Military green, M, Parka",MGRN,M
2000000014906,1-CAMP-M-00078-MGRN-XXL-NOBR,"Carl 00078 (Military green, XXL, nobrand)",Carl 00078,"Military green, XXL, nobrand",MGRN,XXL
2000000037516,1-CAMP-W-02052-BLCK-M-NOBR,"Carrie 02052 (BLACK, M, nobrand)",Carrie 02052,"BLACK, M, nobrand",BLCK,M
,CAMP-NOBR,Campera Hombre Ski Snowboard Esqui Nieve Impermeable,Campera Hombre Ski Snowboard Esqui Nieve Impermeable,,,
2000000052908,,Capucha (no brand),Capucha,no brand,,
2000000026091,1-CAMP-M-11099-BLCK-L-NOBR,"Campera Plano 11099 (BLACK, L, nobrand)",Campera Plano 11099,"BLACK, L, nobrand",BLCK,L
2000000026114,1-CAMP-M-11099-BLCK-S-NOBR,"Campera Plano 11099 (BLACK, S, nobrand)",Campera Plano 11099,"BLACK, S, nobrand",BLCK,S
2000000026138,1-CAMP-M-11099-BLCK-XXL-NOBR,"Campera Plano 11099 (BLACK, XXL, nobrand)",Campera Plano 11099,"BLACK, XXL, nobrand",BLCK,XXL
2000000026152,1-CAMP-M-11099-GREN-M-NOBR,"Campera Plano 11099 (Green, M, nobrand)",Campera Plano 11099,"Green, M, nobrand",GREN,M
2000000026176,1-CAMP-M-11099-GREN-XL-NOBR,"Campera Plano 11099 (Green, XL, nobrand)",Campera Plano 11099,"Green, XL, nobrand",GREN,XL
2000000014746,1-CAMP-M-00078-BLCK-M-NOBR,"Carl 00078 (BLACK, M, nobrand)",Carl 00078,"BLACK, M, nobrand",BLCK,M
2000000014784,1-CAMP-M-00078-BLCK-XL-NOBR,"Carl 00078 (BLACK, XL, nobrand)",Carl 00078,"BLACK, XL, nobrand",BLCK,XL
2000000014821,1-CAMP-M-00078-MGRN-L-NOBR,"Carl 00078 (Military green, L, nobrand)",Carl 00078,"Military green, L, nobrand",MGRN,L
2000000014869,1-CAMP-M-00078-MGRN-S-NOBR,"Carl 00078 (Military green, S, nobrand)",Carl 00078,"Military green, S, nobrand",MGRN,S
2000000014913,1-CAMP-M-00078-MGRN-XXL-PARK,"Carl 00078 (Military green, XXL, Parka)",Carl 00078,"Military green, XXL, Parka",MGRN,XXL
2000000037509,1-CAMP-W-02052-BLCK-L-PARK,"Carrie 02052 (BLACK, L, Parka)",Carrie 02052,"BLACK, L, Parka",BLCK,L
,CAMP-PARK,Campera Hombre Ski Snowboard Esqui Nieve Impermeable,Campera Hombre Ski Snowboard Esqui Nieve Impermeable,,,
2000000052915,,Capucha (parca),Capucha,parca,,
,1-CAMP-M-11099-BLCK-M-BUDA,"Campera Plano 11099 (BLACK, M, Budapestt)",Campera Plano 11099,"BLACK, M, Budapestt",BLCK,M
,1-CAMP-M-11099-BLCK-XL-BUDA,"Campera Plano 11099 (BLACK, XL, Budapestt)",Campera Plano 11099,"BLACK, XL, Budapestt",BLCK,XL
,1-CAMP-M-11099-GREN-L-BUDA,"Campera Plano 11099 (Green, L, Budapestt)",Campera Plano 11099,"Green, L, Budapestt",GREN,L
,1-CAMP-M-11099-GREN-S-BUDA,"Campera Plano 11099 (Green, S, Budapestt)",Campera Plano 11099,"Green, S, Budapestt",GREN,S
,1-CAMP-M-11099-BLCK-L-BUDA,"Campera Plano 11099 (BLACK, L, Budapestt)",Campera Plano 11099,"BLACK, L, Budapestt",BLCK,L
2000000014753,1-CAMP-M-00078-BLCK-M-PARK,"Carl 00078 (BLACK, M, Parka)",Carl 00078,"BLACK, M, Parka",BLCK,M
2000000014791,1-CAMP-M-00078-BLCK-XL-PARK,"Carl 00078 (BLACK, XL, Parka)",Carl 00078,"BLACK, XL, Parka",BLCK,XL
2000000014838,1-CAMP-M-00078-MGRN-L-PARK,"Carl 00078 (Military green, L, Parka)",Carl 00078,"Military green, L, Parka",MGRN,L
2000000014876,1-CAMP-M-00078-MGRN-S-PARK,"Carl 00078 (Military green, S, Parka)",Carl 00078,"Military green, S, Parka",MGRN,S
2000000014890,1-CAMP-M-00078-MGRN-XL-PARK,"Carl 00078 (Military green, XL, Parka)",Carl 00078,"Military green, XL, Parka",MGRN,XL
2000000037493,1-CAMP-W-02052-BLCK-L-NOBR,"Carrie 02052 (BLACK, L, nobrand)",Carrie 02052,"BLACK, L, nobrand",BLCK,L
2000000037646,1-CAMP-W-02052-MGRN-XL-PARK,"Carrie 02052 (Military green, XL, Parka)",Carrie 02052,"Military green, XL, Parka",MGRN,XL
2000000037608,1-CAMP-W-02052-MGRN-M-PARK,"Carrie 02052 (Military green, M, Parka)",Carrie 02052,"Military green, M, Parka",MGRN,M
2000000037561,1-CAMP-W-02052-BLCK-XL-PARK,"Carrie 02052 (BLACK, XL, Parka)",Carrie 02052,"BLACK, XL, Parka",BLCK,XL
2000000005386,1-TRDB-M-CHILL-UNIC-S-NOBR,Chillout CHILL (S),Chillout CHILL,S,UNIC,S
2000000005393,1-TRDB-M-CHILL-UNIC-XL-NOBR,Chillout CHILL (XL),Chillout CHILL,XL,UNIC,XL
2000000053370,1-CHOM-M-10033-BRWN-XXL-NOBR,"Chomba 10033 (Brown, XXL)",Chomba 10033,"Brown, XXL",BRWN,XXL
2000000053417,1-CHOM-M-10033-WHIT-XL-NOBR,"Chomba 10033 (White, XL)",Chomba 10033,"White, XL",WHIT,XL
,1-CHOM-M-10051-BEIG-L-CENI,"Chomba Micropique 10051 (Beige, L, Cenidor)",Chomba Micropique 10051,"Beige, L, Cenidor",BEIG,L
,1-CHOM-M-10051-BEIG-XL-CENI,"Chomba Micropique 10051 (Beige, XL, Cenidor)",Chomba Micropique 10051,"Beige, XL, Cenidor",BEIG,XL
,1-CHOM-M-10051-BLCK-L-CENI,"Chomba Micropique 10051 (BLACK, L, Cenidor)",Chomba Micropique 10051,"BLACK, L, Cenidor",BLCK,L
,1-CHOM-M-10051-BLCK-S-CENI,"Chomba Micropique 10051 (BLACK, S, Cenidor)",Chomba Micropique 10051,"BLACK, S, Cenidor",BLCK,S
,1-CHOM-M-10051-BLCK-XXL-CENI,"Chomba Micropique 10051 (BLACK, XXL, Cenidor)",Chomba Micropique 10051,"BLACK, XXL, Cenidor",BLCK,XXL
2000000037639,1-CAMP-W-02052-MGRN-XL-NOBR,"Carrie 02052 (Military green, XL, nobrand)",Carrie 02052,"Military green, XL, nobrand",MGRN,XL
2000000037592,1-CAMP-W-02052-MGRN-M-NOBR,"Carrie 02052 (Military green, M, nobrand)",Carrie 02052,"Military green, M, nobrand",MGRN,M
2000000037554,1-CAMP-W-02052-BLCK-XL-NOBR,"Carrie 02052 (BLACK, XL, nobrand)",Carrie 02052,"BLACK, XL, nobrand",BLCK,XL
2000000005379,1-TRDB-M-CHILL-UNIC-M-NOBR,Chillout CHILL (M),Chillout CHILL,M,UNIC,M
2000000053349,1-CHOM-M-10033-BRWN-M-NOBR,"Chomba 10033 (Brown, M)",Chomba 10033,"Brown, M",BRWN,M
2000000053387,1-CHOM-M-10033-WHIT-L-NOBR,"Chomba 10033 (White, L)",Chomba 10033,"White, L",WHIT,L
2000000053424,1-CHOM-M-10033-WHIT-XXL-NOBR,"Chomba 10033 (White, XXL)",Chomba 10033,"White, XXL",WHIT,XXL
,1-CHOM-M-10051-BEIG-M-CENI,"Chomba Micropique 10051 (Beige, M, Cenidor)",Chomba Micropique 10051,"Beige, M, Cenidor",BEIG,M
2000000040776,1-CHOM-M-10051-BEIG-XL-NOBR,"Chomba Micropique 10051 (Beige, XL, nobrand)",Chomba Micropique 10051,"Beige, XL, nobrand",BEIG,XL
2000000040790,1-CHOM-M-10051-BLCK-L-NOBR,"Chomba Micropique 10051 (BLACK, L, nobrand)",Chomba Micropique 10051,"BLACK, L, nobrand",BLCK,L
2000000040813,1-CHOM-M-10051-BLCK-S-NOBR,"Chomba Micropique 10051 (BLACK, S, nobrand)",Chomba Micropique 10051,"BLACK, S, nobrand",BLCK,S
2000000040837,1-CHOM-M-10051-BLCK-XXL-NOBR,"Chomba Micropique 10051 (BLACK, XXL, nobrand)",Chomba Micropique 10051,"BLACK, XXL, nobrand",BLCK,XXL
2000000037622,1-CAMP-W-02052-MGRN-S-PARK,"Carrie 02052 (Military green, S, Parka)",Carrie 02052,"Military green, S, Parka",MGRN,S
2000000037585,1-CAMP-W-02052-MGRN-L-PARK,"Carrie 02052 (Military green, L, Parka)",Carrie 02052,"Military green, L, Parka",MGRN,L
2000000037547,1-CAMP-W-02052-BLCK-S-PARK,"Carrie 02052 (BLACK, S, Parka)",Carrie 02052,"BLACK, S, Parka",BLCK,S
2000000005362,1-TRDB-M-CHILL-UNIC-L-NOBR,Chillout CHILL (L),Chillout CHILL,L,UNIC,L
2000000053356,1-CHOM-M-10033-BRWN-S-NOBR,"Chomba 10033 (Brown, S)",Chomba 10033,"Brown, S",BRWN,S
2000000053394,1-CHOM-M-10033-WHIT-M-NOBR,"Chomba 10033 (White, M)",Chomba 10033,"White, M",WHIT,M
2000000053332,1-CHOM-M-10033-BRWN-L-NOBR,"Chomba 10033 (Brown, L)",Chomba 10033,"Brown, L",BRWN,L
2000000040752,1-CHOM-M-10051-BEIG-M-NOBR,"Chomba Micropique 10051 (Beige, M, nobrand)",Chomba Micropique 10051,"Beige, M, nobrand",BEIG,M
,1-CHOM-M-10051-BEIG-XXL-CENI,"Chomba Micropique 10051 (Beige, XXL, Cenidor)",Chomba Micropique 10051,"Beige, XXL, Cenidor",BEIG,XXL
,1-CHOM-M-10051-BLCK-M-CENI,"Chomba Micropique 10051 (BLACK, M, Cenidor)",Chomba Micropique 10051,"BLACK, M, Cenidor",BLCK,M
,1-CHOM-M-10051-BLCK-XL-CENI,"Chomba Micropique 10051 (BLACK, XL, Cenidor)",Chomba Micropique 10051,"BLACK, XL, Cenidor",BLCK,XL
,1-CHOM-M-10051-BRWN-L-CENI,"Chomba Micropique 10051 (Brown, L, Cenidor)",Chomba Micropique 10051,"Brown, L, Cenidor",BRWN,L
2000000037615,1-CAMP-W-02052-MGRN-S-NOBR,"Carrie 02052 (Military green, S, nobrand)",Carrie 02052,"Military green, S, nobrand",MGRN,S
2000000037578,1-CAMP-W-02052-MGRN-L-NOBR,"Carrie 02052 (Military green, L, nobrand)",Carrie 02052,"Military green, L, nobrand",MGRN,L
2000000037530,1-CAMP-W-02052-BLCK-S-NOBR,"Carrie 02052 (BLACK, S, nobrand)",Carrie 02052,"BLACK, S, nobrand",BLCK,S
2000000005409,1-TRDB-M-CHILL-UNIC-XXL-NOBR,Chillout CHILL (XXL),Chillout CHILL,XXL,UNIC,XXL
2000000053363,1-CHOM-M-10033-BRWN-XL-NOBR,"Chomba 10033 (Brown, XL)",Chomba 10033,"Brown, XL",BRWN,XL
2000000053400,1-CHOM-M-10033-WHIT-S-NOBR,"Chomba 10033 (White, S)",Chomba 10033,"White, S",WHIT,S
2000000040745,1-CHOM-M-10051-BEIG-L-NOBR,"Chomba Micropique 10051 (Beige, L, nobrand)",Chomba Micropique 10051,"Beige, L, nobrand",BEIG,L
2000000040769,1-CHOM-M-10051-BEIG-S-NOBR,"Chomba Micropique 10051 (Beige, S, nobrand)",Chomba Micropique 10051,"Beige, S, nobrand",BEIG,S
2000000040783,1-CHOM-M-10051-BEIG-XXL-NOBR,"Chomba Micropique 10051 (Beige, XXL, nobrand)",Chomba Micropique 10051,"Beige, XXL, nobrand",BEIG,XXL
2000000040806,1-CHOM-M-10051-BLCK-M-NOBR,"Chomba Micropique 10051 (BLACK, M, nobrand)",Chomba Micropique 10051,"BLACK, M, nobrand",BLCK,M
2000000040820,1-CHOM-M-10051-BLCK-XL-NOBR,"Chomba Micropique 10051 (BLACK, XL, nobrand)",Chomba Micropique 10051,"BLACK, XL, nobrand",BLCK,XL
2000000040844,1-CHOM-M-10051-BRWN-L-NOBR,"Chomba Micropique 10051 (Brown, L, nobrand)",Chomba Micropique 10051,"Brown, L, nobrand",BRWN,L
,1-CHOM-M-10051-BRWN-M-CENI,"Chomba Micropique 10051 (Brown, M, Cenidor)",Chomba Micropique 10051,"Brown, M, Cenidor",BRWN,M
,1-CHOM-M-10051-BRWN-XL-CENI,"Chomba Micropique 10051 (Brown, XL, Cenidor)",Chomba Micropique 10051,"Brown, XL, Cenidor",BRWN,XL
,1-CHOM-M-10051-BEIG-S-CENI,"Chomba Micropique 10051 (Beige, S, Cenidor)",Chomba Micropique 10051,"Beige, S, Cenidor",BEIG,S
,1-CHOM-M-10052-BLCK-L-BUDA,"Chomba Micropique 10052 (BLACK, L, Budapestt)",Chomba Micropique 10052,"BLACK, L, Budapestt",BLCK,L
,1-CHOM-M-10052-NAVY-S-BUDA,"Chomba Micropique 10052 (Navy, S, Budapestt)",Chomba Micropique 10052,"Navy, S, Budapestt",NAVY,S
2000000041018,1-CHOM-M-10052-WHIT-S-NOBR,"Chomba Micropique 10052 (White, S, nobrand)",Chomba Micropique 10052,"White, S, nobrand",WHIT,S
2000000041001,1-CHOM-M-10052-WHIT-M-NOBR,"Chomba Micropique 10052 (White, M, nobrand)",Chomba Micropique 10052,"White, M, nobrand",WHIT,M
2000000040950,1-CHOM-M-10052-NAVY-M-NOBR,"Chomba Micropique 10052 (Navy, M, nobrand)",Chomba Micropique 10052,"Navy, M, nobrand",NAVY,M
2000000040936,1-CHOM-M-10052-BLCK-XXL-NOBR,"Chomba Micropique 10052 (BLACK, XXL, nobrand)",Chomba Micropique 10052,"BLACK, XXL, nobrand",BLCK,XXL
2000000040912,1-CHOM-M-10052-BLCK-S-NOBR,"Chomba Micropique 10052 (BLACK, S, nobrand)",Chomba Micropique 10052,"BLACK, S, nobrand",BLCK,S
2000000041056,1-CHOM-M-10053-BLCK-M-NOBR,"Chomba Micropique 10053 (BLACK, M, nobrand)",Chomba Micropique 10053,"BLACK, M, nobrand",BLCK,M
2000000041070,1-CHOM-M-10053-BLCK-XL-NOBR,"Chomba Micropique 10053 (BLACK, XL, nobrand)",Chomba Micropique 10053,"BLACK, XL, nobrand",BLCK,XL
2000000040851,1-CHOM-M-10051-BRWN-M-NOBR,"Chomba Micropique 10051 (Brown, M, nobrand)",Chomba Micropique 10051,"Brown, M, nobrand",BRWN,M
2000000040875,1-CHOM-M-10051-BRWN-XL-NOBR,"Chomba Micropique 10051 (Brown, XL, nobrand)",Chomba Micropique 10051,"Brown, XL, nobrand",BRWN,XL
2000000040905,1-CHOM-M-10052-BLCK-M-NOBR,"Chomba Micropique 10052 (BLACK, M, nobrand)",Chomba Micropique 10052,"BLACK, M, nobrand",BLCK,M
2000000040974,1-CHOM-M-10052-NAVY-XL-NOBR,"Chomba Micropique 10052 (Navy, XL, nobrand)",Chomba Micropique 10052,"Navy, XL, nobrand",NAVY,XL
,1-CHOM-M-10052-WHIT-XXL-BUDA,"Chomba Micropique 10052 (White, XXL, Budapestt)",Chomba Micropique 10052,"White, XXL, Budapestt",WHIT,XXL
,1-CHOM-M-10052-WHIT-S-BUDA,"Chomba Micropique 10052 (White, S, Budapestt)",Chomba Micropique 10052,"White, S, Budapestt",WHIT,S
,1-CHOM-M-10052-WHIT-M-BUDA,"Chomba Micropique 10052 (White, M, Budapestt)",Chomba Micropique 10052,"White, M, Budapestt",WHIT,M
2000000040981,1-CHOM-M-10052-NAVY-XXL-NOBR,"Chomba Micropique 10052 (Navy, XXL, nobrand)",Chomba Micropique 10052,"Navy, XXL, nobrand",NAVY,XXL
,1-CHOM-M-10052-BLCK-XXL-BUDA,"Chomba Micropique 10052 (BLACK, XXL, Budapestt)",Chomba Micropique 10052,"BLACK, XXL, Budapestt",BLCK,XXL
,1-CHOM-M-10052-NAVY-XXL-BUDA,"Chomba Micropique 10052 (Navy, XXL, Budapestt)",Chomba Micropique 10052,"Navy, XXL, Budapestt",NAVY,XXL
,1-CHOM-M-10053-BLCK-S-BUDA,"Chomba Micropique 10053 (BLACK, S, Budapestt)",Chomba Micropique 10053,"BLACK, S, Budapestt",BLCK,S
,1-CHOM-M-10053-BLCK-XXL-BUDA,"Chomba Micropique 10053 (BLACK, XXL, Budapestt)",Chomba Micropique 10053,"BLACK, XXL, Budapestt",BLCK,XXL
,1-CHOM-M-10051-BRWN-S-CENI,"Chomba Micropique 10051 (Brown, S, Cenidor)",Chomba Micropique 10051,"Brown, S, Cenidor",BRWN,S
,1-CHOM-M-10051-BRWN-XXL-CENI,"Chomba Micropique 10051 (Brown, XXL, Cenidor)",Chomba Micropique 10051,"Brown, XXL, Cenidor",BRWN,XXL
,1-CHOM-M-10052-BLCK-M-BUDA,"Chomba Micropique 10052 (BLACK, M, Budapestt)",Chomba Micropique 10052,"BLACK, M, Budapestt",BLCK,M
,1-CHOM-M-10052-NAVY-XL-BUDA,"Chomba Micropique 10052 (Navy, XL, Budapestt)",Chomba Micropique 10052,"Navy, XL, Budapestt",NAVY,XL
2000000041025,1-CHOM-M-10052-WHIT-XL-NOBR,"Chomba Micropique 10052 (White, XL, nobrand)",Chomba Micropique 10052,"White, XL, nobrand",WHIT,XL
2000000041032,1-CHOM-M-10052-WHIT-XXL-NOBR,"Chomba Micropique 10052 (White, XXL, nobrand)",Chomba Micropique 10052,"White, XXL, nobrand",WHIT,XXL
2000000040998,1-CHOM-M-10052-WHIT-L-NOBR,"Chomba Micropique 10052 (White, L, nobrand)",Chomba Micropique 10052,"White, L, nobrand",WHIT,L
2000000040943,1-CHOM-M-10052-NAVY-L-NOBR,"Chomba Micropique 10052 (Navy, L, nobrand)",Chomba Micropique 10052,"Navy, L, nobrand",NAVY,L
2000000040929,1-CHOM-M-10052-BLCK-XL-NOBR,"Chomba Micropique 10052 (BLACK, XL, nobrand)",Chomba Micropique 10052,"BLACK, XL, nobrand",BLCK,XL
,1-CHOM-M-10052-BLCK-S-BUDA,"Chomba Micropique 10052 (BLACK, S, Budapestt)",Chomba Micropique 10052,"BLACK, S, Budapestt",BLCK,S
2000000041063,1-CHOM-M-10053-BLCK-S-NOBR,"Chomba Micropique 10053 (BLACK, S, nobrand)",Chomba Micropique 10053,"BLACK, S, nobrand",BLCK,S
2000000041087,1-CHOM-M-10053-BLCK-XXL-NOBR,"Chomba Micropique 10053 (BLACK, XXL, nobrand)",Chomba Micropique 10053,"BLACK, XXL, nobrand",BLCK,XXL
2000000040868,1-CHOM-M-10051-BRWN-S-NOBR,"Chomba Micropique 10051 (Brown, S, nobrand)",Chomba Micropique 10051,"Brown, S, nobrand",BRWN,S
2000000040882,1-CHOM-M-10051-BRWN-XXL-NOBR,"Chomba Micropique 10051 (Brown, XXL, nobrand)",Chomba Micropique 10051,"Brown, XXL, nobrand",BRWN,XXL
2000000040899,1-CHOM-M-10052-BLCK-L-NOBR,"Chomba Micropique 10052 (BLACK, L, nobrand)",Chomba Micropique 10052,"BLACK, L, nobrand",BLCK,L
2000000040967,1-CHOM-M-10052-NAVY-S-NOBR,"Chomba Micropique 10052 (Navy, S, nobrand)",Chomba Micropique 10052,"Navy, S, nobrand",NAVY,S
,1-CHOM-M-10052-WHIT-XL-BUDA,"Chomba Micropique 10052 (White, XL, Budapestt)",Chomba Micropique 10052,"White, XL, Budapestt",WHIT,XL
,1-CHOM-M-10052-NAVY-M-BUDA,"Chomba Micropique 10052 (Navy, M, Budapestt)",Chomba Micropique 10052,"Navy, M, Budapestt",NAVY,M
,1-CHOM-M-10052-WHIT-L-BUDA,"Chomba Micropique 10052 (White, L, Budapestt)",Chomba Micropique 10052,"White, L, Budapestt",WHIT,L
,1-CHOM-M-10052-NAVY-L-BUDA,"Chomba Micropique 10052 (Navy, L, Budapestt)",Chomba Micropique 10052,"Navy, L, Budapestt",NAVY,L
,1-CHOM-M-10052-BLCK-XL-BUDA,"Chomba Micropique 10052 (BLACK, XL, Budapestt)",Chomba Micropique 10052,"BLACK, XL, Budapestt",BLCK,XL
,1-CHOM-M-10053-BLCK-L-BUDA,"Chomba Micropique 10053 (BLACK, L, Budapestt)",Chomba Micropique 10053,"BLACK, L, Budapestt",BLCK,L
,1-CHOM-M-10053-BLCK-XL-BUDA,"Chomba Micropique 10053 (BLACK, XL, Budapestt)",Chomba Micropique 10053,"BLACK, XL, Budapestt",BLCK,XL
,1-CHOM-M-10053-BRWN-L-BUDA,"Chomba Micropique 10053 (Brown, L, Budapestt)",Chomba Micropique 10053,"Brown, L, Budapestt",BRWN,L
2000000041094,1-CHOM-M-10053-BRWN-L-NOBR,"Chomba Micropique 10053 (Brown, L, nobrand)",Chomba Micropique 10053,"Brown, L, nobrand",BRWN,L
,1-CHOM-M-10053-BRWN-S-BUDA,"Chomba Micropique 10053 (Brown, S, Budapestt)",Chomba Micropique 10053,"Brown, S, Budapestt",BRWN,S
,1-CHOM-M-10053-BRWN-XXL-BUDA,"Chomba Micropique 10053 (Brown, XXL, Budapestt)",Chomba Micropique 10053,"Brown, XXL, Budapestt",BRWN,XXL
,1-CHOM-M-10053-GREY-M-BUDA,"Chomba Micropique 10053 (grey, M, Budapestt)",Chomba Micropique 10053,"grey, M, Budapestt",GREY,M
2000000041179,1-CHOM-M-10053-GREY-XL-NOBR,"Chomba Micropique 10053 (grey, XL, nobrand)",Chomba Micropique 10053,"grey, XL, nobrand",GREY,XL
2000000041155,1-CHOM-M-10053-GREY-M-NOBR,"Chomba Micropique 10053 (grey, M, nobrand)",Chomba Micropique 10053,"grey, M, nobrand",GREY,M
2000000041209,1-CHOM-M-10054-BLCK-M-NOBR,"Chomba Micropique 10054 (BLACK, M, nobrand)",Chomba Micropique 10054,"BLACK, M, nobrand",BLCK,M
,1-CHOM-M-10054-NAVY-S-BUDA,"Chomba Micropique 10054 (Navy, S, Budapestt)",Chomba Micropique 10054,"Navy, S, Budapestt",NAVY,S
2000000041322,1-CHOM-M-10054-WHIT-XL-NOBR,"Chomba Micropique 10054 (White, XL, nobrand)",Chomba Micropique 10054,"White, XL, nobrand",WHIT,XL
2000000041308,1-CHOM-M-10054-WHIT-M-NOBR,"Chomba Micropique 10054 (White, M, nobrand)",Chomba Micropique 10054,"White, M, nobrand",WHIT,M
2000000041285,1-CHOM-M-10054-NAVY-XXL-NOBR,"Chomba Micropique 10054 (Navy, XXL, nobrand)",Chomba Micropique 10054,"Navy, XXL, nobrand",NAVY,XXL
2000000041261,1-CHOM-M-10054-NAVY-S-NOBR,"Chomba Micropique 10054 (Navy, S, nobrand)",Chomba Micropique 10054,"Navy, S, nobrand",NAVY,S
,1-CHOM-M-10053-BRWN-M-BUDA,"Chomba Micropique 10053 (Brown, M, Budapestt)",Chomba Micropique 10053,"Brown, M, Budapestt",BRWN,M
2000000041117,1-CHOM-M-10053-BRWN-S-NOBR,"Chomba Micropique 10053 (Brown, S, nobrand)",Chomba Micropique 10053,"Brown, S, nobrand",BRWN,S
2000000041131,1-CHOM-M-10053-BRWN-XXL-NOBR,"Chomba Micropique 10053 (Brown, XXL, nobrand)",Chomba Micropique 10053,"Brown, XXL, nobrand",BRWN,XXL
,1-CHOM-M-10053-GREY-S-BUDA,"Chomba Micropique 10053 (grey, S, Budapestt)",Chomba Micropique 10053,"grey, S, Budapestt",GREY,S
,1-CHOM-M-10053-GREY-XXL-BUDA,"Chomba Micropique 10053 (grey, XXL, Budapestt)",Chomba Micropique 10053,"grey, XXL, Budapestt",GREY,XXL
,1-CHOM-M-10054-BLCK-XL-BUDA,"Chomba Micropique 10054 (BLACK, XL, Budapestt)",Chomba Micropique 10054,"BLACK, XL, Budapestt",BLCK,XL
,1-CHOM-M-10054-BLCK-M-BUDA,"Chomba Micropique 10054 (BLACK, M, Budapestt)",Chomba Micropique 10054,"BLACK, M, Budapestt",BLCK,M
,1-CHOM-M-10054-BLCK-XXL-BUDA,"Chomba Micropique 10054 (BLACK, XXL, Budapestt)",Chomba Micropique 10054,"BLACK, XXL, Budapestt",BLCK,XXL
,1-CHOM-M-10054-WHIT-XL-BUDA,"Chomba Micropique 10054 (White, XL, Budapestt)",Chomba Micropique 10054,"White, XL, Budapestt",WHIT,XL
,1-CHOM-M-10054-WHIT-M-BUDA,"Chomba Micropique 10054 (White, M, Budapestt)",Chomba Micropique 10054,"White, M, Budapestt",WHIT,M
,1-CHOM-M-10054-NAVY-XXL-BUDA,"Chomba Micropique 10054 (Navy, XXL, Budapestt)",Chomba Micropique 10054,"Navy, XXL, Budapestt",NAVY,XXL
2000000041230,1-CHOM-M-10054-BLCK-XXL-NOBR,"Chomba Micropique 10054 (BLACK, XXL, nobrand)",Chomba Micropique 10054,"BLACK, XXL, nobrand",BLCK,XXL
2000000041049,1-CHOM-M-10053-BLCK-L-NOBR,"Chomba Micropique 10053 (BLACK, L, nobrand)",Chomba Micropique 10053,"BLACK, L, nobrand",BLCK,L
,1-CHOM-M-10053-BRWN-XL-BUDA,"Chomba Micropique 10053 (Brown, XL, Budapestt)",Chomba Micropique 10053,"Brown, XL, Budapestt",BRWN,XL
,1-CHOM-M-10053-GREY-L-BUDA,"Chomba Micropique 10053 (grey, L, Budapestt)",Chomba Micropique 10053,"grey, L, Budapestt",GREY,L
2000000041162,1-CHOM-M-10053-GREY-S-NOBR,"Chomba Micropique 10053 (grey, S, nobrand)",Chomba Micropique 10053,"grey, S, nobrand",GREY,S
2000000041186,1-CHOM-M-10053-GREY-XXL-NOBR,"Chomba Micropique 10053 (grey, XXL, nobrand)",Chomba Micropique 10053,"grey, XXL, nobrand",GREY,XXL
2000000041216,1-CHOM-M-10054-BLCK-S-NOBR,"Chomba Micropique 10054 (BLACK, S, nobrand)",Chomba Micropique 10054,"BLACK, S, nobrand",BLCK,S
2000000041193,1-CHOM-M-10054-BLCK-L-NOBR,"Chomba Micropique 10054 (BLACK, L, nobrand)",Chomba Micropique 10054,"BLACK, L, nobrand",BLCK,L
2000000041339,1-CHOM-M-10054-WHIT-XXL-NOBR,"Chomba Micropique 10054 (White, XXL, nobrand)",Chomba Micropique 10054,"White, XXL, nobrand",WHIT,XXL
2000000041315,1-CHOM-M-10054-WHIT-S-NOBR,"Chomba Micropique 10054 (White, S, nobrand)",Chomba Micropique 10054,"White, S, nobrand",WHIT,S
2000000041292,1-CHOM-M-10054-WHIT-L-NOBR,"Chomba Micropique 10054 (White, L, nobrand)",Chomba Micropique 10054,"White, L, nobrand",WHIT,L
2000000041278,1-CHOM-M-10054-NAVY-XL-NOBR,"Chomba Micropique 10054 (Navy, XL, nobrand)",Chomba Micropique 10054,"Navy, XL, nobrand",NAVY,XL
,1-CHOM-M-10054-NAVY-L-BUDA,"Chomba Micropique 10054 (Navy, L, Budapestt)",Chomba Micropique 10054,"Navy, L, Budapestt",NAVY,L
2000000041100,1-CHOM-M-10053-BRWN-M-NOBR,"Chomba Micropique 10053 (Brown, M, nobrand)",Chomba Micropique 10053,"Brown, M, nobrand",BRWN,M
2000000041124,1-CHOM-M-10053-BRWN-XL-NOBR,"Chomba Micropique 10053 (Brown, XL, nobrand)",Chomba Micropique 10053,"Brown, XL, nobrand",BRWN,XL
2000000041148,1-CHOM-M-10053-GREY-L-NOBR,"Chomba Micropique 10053 (grey, L, nobrand)",Chomba Micropique 10053,"grey, L, nobrand",GREY,L
,1-CHOM-M-10053-GREY-XL-BUDA,"Chomba Micropique 10053 (grey, XL, Budapestt)",Chomba Micropique 10053,"grey, XL, Budapestt",GREY,XL
,1-CHOM-M-10053-BLCK-M-BUDA,"Chomba Micropique 10053 (BLACK, M, Budapestt)",Chomba Micropique 10053,"BLACK, M, Budapestt",BLCK,M
,1-CHOM-M-10054-BLCK-S-BUDA,"Chomba Micropique 10054 (BLACK, S, Budapestt)",Chomba Micropique 10054,"BLACK, S, Budapestt",BLCK,S
,1-CHOM-M-10054-BLCK-L-BUDA,"Chomba Micropique 10054 (BLACK, L, Budapestt)",Chomba Micropique 10054,"BLACK, L, Budapestt",BLCK,L
,1-CHOM-M-10054-WHIT-XXL-BUDA,"Chomba Micropique 10054 (White, XXL, Budapestt)",Chomba Micropique 10054,"White, XXL, Budapestt",WHIT,XXL
,1-CHOM-M-10054-WHIT-S-BUDA,"Chomba Micropique 10054 (White, S, Budapestt)",Chomba Micropique 10054,"White, S, Budapestt",WHIT,S
,1-CHOM-M-10054-WHIT-L-BUDA,"Chomba Micropique 10054 (White, L, Budapestt)",Chomba Micropique 10054,"White, L, Budapestt",WHIT,L
,1-CHOM-M-10054-NAVY-XL-BUDA,"Chomba Micropique 10054 (Navy, XL, Budapestt)",Chomba Micropique 10054,"Navy, XL, Budapestt",NAVY,XL
2000000041247,1-CHOM-M-10054-NAVY-L-NOBR,"Chomba Micropique 10054 (Navy, L, nobrand)",Chomba Micropique 10054,"Navy, L, nobrand",NAVY,L
,1-CHOM-M-10054-NAVY-M-BUDA,"Chomba Micropique 10054 (Navy, M, Budapestt)",Chomba Micropique 10054,"Navy, M, Budapestt",NAVY,M
,1-CHOM-M-10059-WHIT-XXL-CENI,"Chomba Micropique 10059 (White, XXL, Cenidor)",Chomba Micropique 10059,"White, XXL, Cenidor",WHIT,XXL
,1-CHOM-M-10059-WHIT-S-CENI,"Chomba Micropique 10059 (White, S, Cenidor)",Chomba Micropique 10059,"White, S, Cenidor",WHIT,S
2000000041537,1-CHOM-M-10059-NAVY-XXL-NOBR,"Chomba Micropique 10059 (Navy, XXL, nobrand)",Chomba Micropique 10059,"Navy, XXL, nobrand",NAVY,XXL
2000000041513,1-CHOM-M-10059-NAVY-S-NOBR,"Chomba Micropique 10059 (Navy, S, nobrand)",Chomba Micropique 10059,"Navy, S, nobrand",NAVY,S
2000000041490,1-CHOM-M-10059-NAVY-L-NOBR,"Chomba Micropique 10059 (Navy, L, nobrand)",Chomba Micropique 10059,"Navy, L, nobrand",NAVY,L
2000000041476,1-CHOM-M-10059-GREY-XL-NOBR,"Chomba Micropique 10059 (grey, XL, nobrand)",Chomba Micropique 10059,"grey, XL, nobrand",GREY,XL
,1-CHOM-M-10059-BRWN-L-CENI,"Chomba Micropique 10059 (Brown, L, Cenidor)",Chomba Micropique 10059,"Brown, L, Cenidor",BRWN,L
,1-CHOM-M-10059-BLCK-XL-CENI,"Chomba Micropique 10059 (BLACK, XL, Cenidor)",Chomba Micropique 10059,"BLACK, XL, Cenidor",BLCK,XL
,1-CHOM-M-10059-BLCK-M-CENI,"Chomba Micropique 10059 (BLACK, M, Cenidor)",Chomba Micropique 10059,"BLACK, M, Cenidor",BLCK,M
2000000041414,1-CHOM-M-10059-BRWN-S-NOBR,"Chomba Micropique 10059 (Brown, S, nobrand)",Chomba Micropique 10059,"Brown, S, nobrand",BRWN,S
2000000041438,1-CHOM-M-10059-BRWN-XXL-NOBR,"Chomba Micropique 10059 (Brown, XXL, nobrand)",Chomba Micropique 10059,"Brown, XXL, nobrand",BRWN,XXL
2000000041223,1-CHOM-M-10054-BLCK-XL-NOBR,"Chomba Micropique 10054 (BLACK, XL, nobrand)",Chomba Micropique 10054,"BLACK, XL, nobrand",BLCK,XL
2000000041575,1-CHOM-M-10059-WHIT-XL-NOBR,"Chomba Micropique 10059 (White, XL, nobrand)",Chomba Micropique 10059,"White, XL, nobrand",WHIT,XL
2000000041551,1-CHOM-M-10059-WHIT-M-NOBR,"Chomba Micropique 10059 (White, M, nobrand)",Chomba Micropique 10059,"White, M, nobrand",WHIT,M
,1-CHOM-M-10059-NAVY-XXL-CENI,"Chomba Micropique 10059 (Navy, XXL, Cenidor)",Chomba Micropique 10059,"Navy, XXL, Cenidor",NAVY,XXL
,1-CHOM-M-10059-NAVY-S-CENI,"Chomba Micropique 10059 (Navy, S, Cenidor)",Chomba Micropique 10059,"Navy, S, Cenidor",NAVY,S
,1-CHOM-M-10059-NAVY-L-CENI,"Chomba Micropique 10059 (Navy, L, Cenidor)",Chomba Micropique 10059,"Navy, L, Cenidor",NAVY,L
2000000041407,1-CHOM-M-10059-BRWN-M-NOBR,"Chomba Micropique 10059 (Brown, M, nobrand)",Chomba Micropique 10059,"Brown, M, nobrand",BRWN,M
2000000041384,1-CHOM-M-10059-BLCK-XXL-NOBR,"Chomba Micropique 10059 (BLACK, XXL, nobrand)",Chomba Micropique 10059,"BLACK, XXL, nobrand",BLCK,XXL
2000000041360,1-CHOM-M-10059-BLCK-S-NOBR,"Chomba Micropique 10059 (BLACK, S, nobrand)",Chomba Micropique 10059,"BLACK, S, nobrand",BLCK,S
2000000041346,1-CHOM-M-10059-BLCK-L-NOBR,"Chomba Micropique 10059 (BLACK, L, nobrand)",Chomba Micropique 10059,"BLACK, L, nobrand",BLCK,L
,1-CHOM-M-10059-BRWN-XL-CENI,"Chomba Micropique 10059 (Brown, XL, Cenidor)",Chomba Micropique 10059,"Brown, XL, Cenidor",BRWN,XL
,1-CHOM-M-10059-GREY-L-CENI,"Chomba Micropique 10059 (grey, L, Cenidor)",Chomba Micropique 10059,"grey, L, Cenidor",GREY,L
2000000041254,1-CHOM-M-10054-NAVY-M-NOBR,"Chomba Micropique 10054 (Navy, M, nobrand)",Chomba Micropique 10054,"Navy, M, nobrand",NAVY,M
,1-CHOM-M-10059-WHIT-XL-CENI,"Chomba Micropique 10059 (White, XL, Cenidor)",Chomba Micropique 10059,"White, XL, Cenidor",WHIT,XL
,1-CHOM-M-10059-WHIT-M-CENI,"Chomba Micropique 10059 (White, M, Cenidor)",Chomba Micropique 10059,"White, M, Cenidor",WHIT,M
2000000041520,1-CHOM-M-10059-NAVY-XL-NOBR,"Chomba Micropique 10059 (Navy, XL, nobrand)",Chomba Micropique 10059,"Navy, XL, nobrand",NAVY,XL
2000000041506,1-CHOM-M-10059-NAVY-M-NOBR,"Chomba Micropique 10059 (Navy, M, nobrand)",Chomba Micropique 10059,"Navy, M, nobrand",NAVY,M
2000000041483,1-CHOM-M-10059-GREY-XXL-NOBR,"Chomba Micropique 10059 (grey, XXL, nobrand)",Chomba Micropique 10059,"grey, XXL, nobrand",GREY,XXL
,1-CHOM-M-10059-BRWN-M-CENI,"Chomba Micropique 10059 (Brown, M, Cenidor)",Chomba Micropique 10059,"Brown, M, Cenidor",BRWN,M
,1-CHOM-M-10059-BLCK-XXL-CENI,"Chomba Micropique 10059 (BLACK, XXL, Cenidor)",Chomba Micropique 10059,"BLACK, XXL, Cenidor",BLCK,XXL
,1-CHOM-M-10059-BLCK-S-CENI,"Chomba Micropique 10059 (BLACK, S, Cenidor)",Chomba Micropique 10059,"BLACK, S, Cenidor",BLCK,S
,1-CHOM-M-10059-BLCK-L-CENI,"Chomba Micropique 10059 (BLACK, L, Cenidor)",Chomba Micropique 10059,"BLACK, L, Cenidor",BLCK,L
2000000041421,1-CHOM-M-10059-BRWN-XL-NOBR,"Chomba Micropique 10059 (Brown, XL, nobrand)",Chomba Micropique 10059,"Brown, XL, nobrand",BRWN,XL
2000000041445,1-CHOM-M-10059-GREY-L-NOBR,"Chomba Micropique 10059 (grey, L, nobrand)",Chomba Micropique 10059,"grey, L, nobrand",GREY,L
2000000041582,1-CHOM-M-10059-WHIT-XXL-NOBR,"Chomba Micropique 10059 (White, XXL, nobrand)",Chomba Micropique 10059,"White, XXL, nobrand",WHIT,XXL
2000000041568,1-CHOM-M-10059-WHIT-S-NOBR,"Chomba Micropique 10059 (White, S, nobrand)",Chomba Micropique 10059,"White, S, nobrand",WHIT,S
2000000041544,1-CHOM-M-10059-WHIT-L-NOBR,"Chomba Micropique 10059 (White, L, nobrand)",Chomba Micropique 10059,"White, L, nobrand",WHIT,L
,1-CHOM-M-10059-NAVY-XL-CENI,"Chomba Micropique 10059 (Navy, XL, Cenidor)",Chomba Micropique 10059,"Navy, XL, Cenidor",NAVY,XL
,1-CHOM-M-10059-NAVY-M-CENI,"Chomba Micropique 10059 (Navy, M, Cenidor)",Chomba Micropique 10059,"Navy, M, Cenidor",NAVY,M
,1-CHOM-M-10059-GREY-XXL-CENI,"Chomba Micropique 10059 (grey, XXL, Cenidor)",Chomba Micropique 10059,"grey, XXL, Cenidor",GREY,XXL
2000000041391,1-CHOM-M-10059-BRWN-L-NOBR,"Chomba Micropique 10059 (Brown, L, nobrand)",Chomba Micropique 10059,"Brown, L, nobrand",BRWN,L
2000000041377,1-CHOM-M-10059-BLCK-XL-NOBR,"Chomba Micropique 10059 (BLACK, XL, nobrand)",Chomba Micropique 10059,"BLACK, XL, nobrand",BLCK,XL
2000000041353,1-CHOM-M-10059-BLCK-M-NOBR,"Chomba Micropique 10059 (BLACK, M, nobrand)",Chomba Micropique 10059,"BLACK, M, nobrand",BLCK,M
,1-CHOM-M-10059-BRWN-S-CENI,"Chomba Micropique 10059 (Brown, S, Cenidor)",Chomba Micropique 10059,"Brown, S, Cenidor",BRWN,S
,1-CHOM-M-10059-BRWN-XXL-CENI,"Chomba Micropique 10059 (Brown, XXL, Cenidor)",Chomba Micropique 10059,"Brown, XXL, Cenidor",BRWN,XXL
,1-CHOM-M-10059-GREY-M-CENI,"Chomba Micropique 10059 (grey, M, Cenidor)",Chomba Micropique 10059,"grey, M, Cenidor",GREY,M
2000000041452,1-CHOM-M-10059-GREY-M-NOBR,"Chomba Micropique 10059 (grey, M, nobrand)",Chomba Micropique 10059,"grey, M, nobrand",GREY,M
,1-CHOM-M-10059-WHIT-L-CENI,"Chomba Micropique 10059 (White, L, Cenidor)",Chomba Micropique 10059,"White, L, Cenidor",WHIT,L
2000000039992,1-CHOM-M-01018-WHIT-XL-NOBR,"Chomba Tejida 01018 (White, XL)",Chomba Tejida 01018,"White, XL",WHIT,XL
2000000039855,1-CHOM-M-01018-BEIG-XXL-NOBR,"Chomba Tejida 01018 (Beige, XXL)",Chomba Tejida 01018,"Beige, XXL",BEIG,XXL
2000000039817,1-CHOM-M-01018-BEIG-L-NOBR,"Chomba Tejida 01018 (Beige, L)",Chomba Tejida 01018,"Beige, L",BEIG,L
2000000039947,1-CHOM-M-01018-CHRC-XL-NOBR,"Chomba Tejida 01018 (Charcoal, XL)",Chomba Tejida 01018,"Charcoal, XL",CHRC,XL
2000000039954,1-CHOM-M-01018-CHRC-XXL-NOBR,"Chomba Tejida 01018 (Charcoal, XXL)",Chomba Tejida 01018,"Charcoal, XXL",CHRC,XXL
2000000040158,1-CHOM-M-01020-NAVY-XXL-NOBR,"Chomba Tejida 01020 (Navy, XXL)",Chomba Tejida 01020,"Navy, XXL",NAVY,XXL
2000000040196,1-CHOM-M-01020-WHIT-XL-NOBR,"Chomba Tejida 01020 (White, XL)",Chomba Tejida 01020,"White, XL",WHIT,XL
2000000040035,1-CHOM-M-01020-BLCK-S-NOBR,"Chomba Tejida 01020 (BLACK, S)",Chomba Tejida 01020,"BLACK, S",BLCK,S
2000000040073,1-CHOM-M-01020-KHAK-M-NOBR,"Chomba Tejida 01020 (Khaki, M)",Chomba Tejida 01020,"Khaki, M",KHAK,M
2000000040127,1-CHOM-M-01020-NAVY-M-NOBR,"Chomba Tejida 01020 (Navy, M)",Chomba Tejida 01020,"Navy, M",NAVY,M
,1-CHOM-M-10059-GREY-S-CENI,"Chomba Micropique 10059 (grey, S, Cenidor)",Chomba Micropique 10059,"grey, S, Cenidor",GREY,S
2000000039961,1-CHOM-M-01018-WHIT-L-NOBR,"Chomba Tejida 01018 (White, L)",Chomba Tejida 01018,"White, L",WHIT,L
2000000040004,1-CHOM-M-01018-WHIT-XXL-NOBR,"Chomba Tejida 01018 (White, XXL)",Chomba Tejida 01018,"White, XXL",WHIT,XXL
2000000039848,1-CHOM-M-01018-BEIG-XL-NOBR,"Chomba Tejida 01018 (Beige, XL)",Chomba Tejida 01018,"Beige, XL",BEIG,XL
2000000039893,1-CHOM-M-01018-BLCK-XL-NOBR,"Chomba Tejida 01018 (BLACK, XL)",Chomba Tejida 01018,"BLACK, XL",BLCK,XL
2000000039930,1-CHOM-M-01018-CHRC-S-NOBR,"Chomba Tejida 01018 (Charcoal, S)",Chomba Tejida 01018,"Charcoal, S",CHRC,S
2000000040110,1-CHOM-M-01020-NAVY-L-NOBR,"Chomba Tejida 01020 (Navy, L)",Chomba Tejida 01020,"Navy, L",NAVY,L
2000000040165,1-CHOM-M-01020-WHIT-L-NOBR,"Chomba Tejida 01020 (White, L)",Chomba Tejida 01020,"White, L",WHIT,L
2000000040189,1-CHOM-M-01020-WHIT-S-NOBR,"Chomba Tejida 01020 (White, S)",Chomba Tejida 01020,"White, S",WHIT,S
2000000040042,1-CHOM-M-01020-BLCK-XL-NOBR,"Chomba Tejida 01020 (BLACK, XL)",Chomba Tejida 01020,"BLACK, XL",BLCK,XL
2000000040080,1-CHOM-M-01020-KHAK-S-NOBR,"Chomba Tejida 01020 (Khaki, S)",Chomba Tejida 01020,"Khaki, S",KHAK,S
2000000040400,1-CHOM-M-01021-WHIT-XXL-NOBR,"Chomba Tejida 01021 (White, XXL)",Chomba Tejida 01021,"White, XXL",WHIT,XXL
2000000041469,1-CHOM-M-10059-GREY-S-NOBR,"Chomba Micropique 10059 (grey, S, nobrand)",Chomba Micropique 10059,"grey, S, nobrand",GREY,S
2000000039978,1-CHOM-M-01018-WHIT-M-NOBR,"Chomba Tejida 01018 (White, M)",Chomba Tejida 01018,"White, M",WHIT,M
2000000039879,1-CHOM-M-01018-BLCK-M-NOBR,"Chomba Tejida 01018 (BLACK, M)",Chomba Tejida 01018,"BLACK, M",BLCK,M
2000000039831,1-CHOM-M-01018-BEIG-S-NOBR,"Chomba Tejida 01018 (Beige, S)",Chomba Tejida 01018,"Beige, S",BEIG,S
2000000039886,1-CHOM-M-01018-BLCK-S-NOBR,"Chomba Tejida 01018 (BLACK, S)",Chomba Tejida 01018,"BLACK, S",BLCK,S
2000000039923,1-CHOM-M-01018-CHRC-M-NOBR,"Chomba Tejida 01018 (Charcoal, M)",Chomba Tejida 01018,"Charcoal, M",CHRC,M
2000000040134,1-CHOM-M-01020-NAVY-S-NOBR,"Chomba Tejida 01020 (Navy, S)",Chomba Tejida 01020,"Navy, S",NAVY,S
2000000040202,1-CHOM-M-01020-WHIT-XXL-NOBR,"Chomba Tejida 01020 (White, XXL)",Chomba Tejida 01020,"White, XXL",WHIT,XXL
2000000040172,1-CHOM-M-01020-WHIT-M-NOBR,"Chomba Tejida 01020 (White, M)",Chomba Tejida 01020,"White, M",WHIT,M
2000000040059,1-CHOM-M-01020-BLCK-XXL-NOBR,"Chomba Tejida 01020 (BLACK, XXL)",Chomba Tejida 01020,"BLACK, XXL",BLCK,XXL
2000000040097,1-CHOM-M-01020-KHAK-XL-NOBR,"Chomba Tejida 01020 (Khaki, XL)",Chomba Tejida 01020,"Khaki, XL",KHAK,XL
2000000040387,1-CHOM-M-01021-WHIT-S-NOBR,"Chomba Tejida 01021 (White, S)",Chomba Tejida 01021,"White, S",WHIT,S
,1-CHOM-M-10059-GREY-XL-CENI,"Chomba Micropique 10059 (grey, XL, Cenidor)",Chomba Micropique 10059,"grey, XL, Cenidor",GREY,XL
2000000039985,1-CHOM-M-01018-WHIT-S-NOBR,"Chomba Tejida 01018 (White, S)",Chomba Tejida 01018,"White, S",WHIT,S
2000000039862,1-CHOM-M-01018-BLCK-L-NOBR,"Chomba Tejida 01018 (BLACK, L)",Chomba Tejida 01018,"BLACK, L",BLCK,L
2000000039824,1-CHOM-M-01018-BEIG-M-NOBR,"Chomba Tejida 01018 (Beige, M)",Chomba Tejida 01018,"Beige, M",BEIG,M
2000000039916,1-CHOM-M-01018-CHRC-L-NOBR,"Chomba Tejida 01018 (Charcoal, L)",Chomba Tejida 01018,"Charcoal, L",CHRC,L
2000000039909,1-CHOM-M-01018-BLCK-XXL-NOBR,"Chomba Tejida 01018 (BLACK, XXL)",Chomba Tejida 01018,"BLACK, XXL",BLCK,XXL
2000000040141,1-CHOM-M-01020-NAVY-XL-NOBR,"Chomba Tejida 01020 (Navy, XL)",Chomba Tejida 01020,"Navy, XL",NAVY,XL
2000000040011,1-CHOM-M-01020-BLCK-L-NOBR,"Chomba Tejida 01020 (BLACK, L)",Chomba Tejida 01020,"BLACK, L",BLCK,L
2000000040028,1-CHOM-M-01020-BLCK-M-NOBR,"Chomba Tejida 01020 (BLACK, M)",Chomba Tejida 01020,"BLACK, M",BLCK,M
2000000040066,1-CHOM-M-01020-KHAK-L-NOBR,"Chomba Tejida 01020 (Khaki, L)",Chomba Tejida 01020,"Khaki, L",KHAK,L
2000000040103,1-CHOM-M-01020-KHAK-XXL-NOBR,"Chomba Tejida 01020 (Khaki, XXL)",Chomba Tejida 01020,"Khaki, XXL",KHAK,XXL
2000000040394,1-CHOM-M-01021-WHIT-XL-NOBR,"Chomba Tejida 01021 (White, XL)",Chomba Tejida 01021,"White, XL",WHIT,XL
2000000040264,1-CHOM-M-01021-CHRC-L-NOBR,"Chomba Tejida 01021 (Charcoal, L)",Chomba Tejida 01021,"Charcoal, L",CHRC,L
2000000040288,1-CHOM-M-01021-CHRC-S-NOBR,"Chomba Tejida 01021 (Charcoal, S)",Chomba Tejida 01021,"Charcoal, S",CHRC,S
2000000040219,1-CHOM-M-01021-BEIG-L-NOBR,"Chomba Tejida 01021 (Beige, L)",Chomba Tejida 01021,"Beige, L",BEIG,L
2000000040332,1-CHOM-M-01021-NAVY-S-NOBR,"Chomba Tejida 01021 (Navy, S)",Chomba Tejida 01021,"Navy, S",NAVY,S
2000000040363,1-CHOM-M-01021-WHIT-L-NOBR,"Chomba Tejida 01021 (White, L)",Chomba Tejida 01021,"White, L",WHIT,L
2000000040509,1-CHOM-M-01025-GREY-XXL-NOBR,"Chomba Tejida 01025 (grey, XXL)",Chomba Tejida 01025,"grey, XXL",GREY,XXL
2000000040424,1-CHOM-M-01025-BLCK-M-NOBR,"Chomba Tejida 01025 (BLACK, M)",Chomba Tejida 01025,"BLACK, M",BLCK,M
2000000040462,1-CHOM-M-01025-GREY-L-NOBR,"Chomba Tejida 01025 (grey, L)",Chomba Tejida 01025,"grey, L",GREY,L
2000000040721,1-CHOM-M-01027-REDD-XL-NOBR,"Chomba Toalla 01027 (Red, XL)",Chomba Toalla 01027,"Red, XL",REDD,XL
2000000040561,1-CHOM-M-01027-AQUA-3XL-NOBR,"Chomba Toalla 01027 (Aqua, 3XL)",Chomba Toalla 01027,"Aqua, 3XL",AQUA,3XL
2000000040585,1-CHOM-M-01027-AQUA-M-NOBR,"Chomba Toalla 01027 (Aqua, M)",Chomba Toalla 01027,"Aqua, M",AQUA,M
2000000040615,1-CHOM-M-01027-AQUA-XXL-NOBR,"Chomba Toalla 01027 (Aqua, XXL)",Chomba Toalla 01027,"Aqua, XXL",AQUA,XXL
2000000040295,1-CHOM-M-01021-CHRC-XL-NOBR,"Chomba Tejida 01021 (Charcoal, XL)",Chomba Tejida 01021,"Charcoal, XL",CHRC,XL
2000000040240,1-CHOM-M-01021-BEIG-XL-NOBR,"Chomba Tejida 01021 (Beige, XL)",Chomba Tejida 01021,"Beige, XL",BEIG,XL
2000000040301,1-CHOM-M-01021-CHRC-XXL-NOBR,"Chomba Tejida 01021 (Charcoal, XXL)",Chomba Tejida 01021,"Charcoal, XXL",CHRC,XXL
2000000040349,1-CHOM-M-01021-NAVY-XL-NOBR,"Chomba Tejida 01021 (Navy, XL)",Chomba Tejida 01021,"Navy, XL",NAVY,XL
2000000040547,1-CHOM-M-01025-NAVY-XL-NOBR,"Chomba Tejida 01025 (Navy, XL)",Chomba Tejida 01025,"Navy, XL",NAVY,XL
2000000040516,1-CHOM-M-01025-NAVY-L-NOBR,"Chomba Tejida 01025 (Navy, L)",Chomba Tejida 01025,"Navy, L",NAVY,L
2000000040431,1-CHOM-M-01025-BLCK-S-NOBR,"Chomba Tejida 01025 (BLACK, S)",Chomba Tejida 01025,"BLACK, S",BLCK,S
2000000040479,1-CHOM-M-01025-GREY-M-NOBR,"Chomba Tejida 01025 (grey, M)",Chomba Tejida 01025,"grey, M",GREY,M
2000000040653,1-CHOM-M-01027-BLCK-S-NOBR,"Chomba Toalla 01027 (BLACK, S)",Chomba Toalla 01027,"BLACK, S",BLCK,S
2000000040684,1-CHOM-M-01027-REDD-3XL-NOBR,"Chomba Toalla 01027 (Red, 3XL)",Chomba Toalla 01027,"Red, 3XL",REDD,3XL
2000000040707,1-CHOM-M-01027-REDD-M-NOBR,"Chomba Toalla 01027 (Red, M)",Chomba Toalla 01027,"Red, M",REDD,M
2000000040622,1-CHOM-M-01027-BLCK-3XL-NOBR,"Chomba Toalla 01027 (BLACK, 3XL)",Chomba Toalla 01027,"BLACK, 3XL",BLCK,3XL
2000000040271,1-CHOM-M-01021-CHRC-M-NOBR,"Chomba Tejida 01021 (Charcoal, M)",Chomba Tejida 01021,"Charcoal, M",CHRC,M
2000000040233,1-CHOM-M-01021-BEIG-S-NOBR,"Chomba Tejida 01021 (Beige, S)",Chomba Tejida 01021,"Beige, S",BEIG,S
2000000040318,1-CHOM-M-01021-NAVY-L-NOBR,"Chomba Tejida 01021 (Navy, L)",Chomba Tejida 01021,"Navy, L",NAVY,L
2000000040356,1-CHOM-M-01021-NAVY-XXL-NOBR,"Chomba Tejida 01021 (Navy, XXL)",Chomba Tejida 01021,"Navy, XXL",NAVY,XXL
2000000040554,1-CHOM-M-01025-NAVY-XXL-NOBR,"Chomba Tejida 01025 (Navy, XXL)",Chomba Tejida 01025,"Navy, XXL",NAVY,XXL
2000000040530,1-CHOM-M-01025-NAVY-S-NOBR,"Chomba Tejida 01025 (Navy, S)",Chomba Tejida 01025,"Navy, S",NAVY,S
2000000040448,1-CHOM-M-01025-BLCK-XL-NOBR,"Chomba Tejida 01025 (BLACK, XL)",Chomba Tejida 01025,"BLACK, XL",BLCK,XL
2000000040486,1-CHOM-M-01025-GREY-S-NOBR,"Chomba Tejida 01025 (grey, S)",Chomba Tejida 01025,"grey, S",GREY,S
2000000040660,1-CHOM-M-01027-BLCK-XL-NOBR,"Chomba Toalla 01027 (BLACK, XL)",Chomba Toalla 01027,"BLACK, XL",BLCK,XL
2000000040578,1-CHOM-M-01027-AQUA-L-NOBR,"Chomba Toalla 01027 (Aqua, L)",Chomba Toalla 01027,"Aqua, L",AQUA,L
2000000040608,1-CHOM-M-01027-AQUA-XL-NOBR,"Chomba Toalla 01027 (Aqua, XL)",Chomba Toalla 01027,"Aqua, XL",AQUA,XL
2000000040639,1-CHOM-M-01027-BLCK-L-NOBR,"Chomba Toalla 01027 (BLACK, L)",Chomba Toalla 01027,"BLACK, L",BLCK,L
2000000040257,1-CHOM-M-01021-BEIG-XXL-NOBR,"Chomba Tejida 01021 (Beige, XXL)",Chomba Tejida 01021,"Beige, XXL",BEIG,XXL
2000000040226,1-CHOM-M-01021-BEIG-M-NOBR,"Chomba Tejida 01021 (Beige, M)",Chomba Tejida 01021,"Beige, M",BEIG,M
2000000040325,1-CHOM-M-01021-NAVY-M-NOBR,"Chomba Tejida 01021 (Navy, M)",Chomba Tejida 01021,"Navy, M",NAVY,M
2000000040370,1-CHOM-M-01021-WHIT-M-NOBR,"Chomba Tejida 01021 (White, M)",Chomba Tejida 01021,"White, M",WHIT,M
2000000040493,1-CHOM-M-01025-GREY-XL-NOBR,"Chomba Tejida 01025 (grey, XL)",Chomba Tejida 01025,"grey, XL",GREY,XL
2000000040417,1-CHOM-M-01025-BLCK-L-NOBR,"Chomba Tejida 01025 (BLACK, L)",Chomba Tejida 01025,"BLACK, L",BLCK,L
2000000040455,1-CHOM-M-01025-BLCK-XXL-NOBR,"Chomba Tejida 01025 (BLACK, XXL)",Chomba Tejida 01025,"BLACK, XXL",BLCK,XXL
2000000040523,1-CHOM-M-01025-NAVY-M-NOBR,"Chomba Tejida 01025 (Navy, M)",Chomba Tejida 01025,"Navy, M",NAVY,M
2000000040677,1-CHOM-M-01027-BLCK-XXL-NOBR,"Chomba Toalla 01027 (BLACK, XXL)",Chomba Toalla 01027,"BLACK, XXL",BLCK,XXL
2000000040691,1-CHOM-M-01027-REDD-L-NOBR,"Chomba Toalla 01027 (Red, L)",Chomba Toalla 01027,"Red, L",REDD,L
2000000040592,1-CHOM-M-01027-AQUA-S-NOBR,"Chomba Toalla 01027 (Aqua, S)",Chomba Toalla 01027,"Aqua, S",AQUA,S
2000000040646,1-CHOM-M-01027-BLCK-M-NOBR,"Chomba Toalla 01027 (BLACK, M)",Chomba Toalla 01027,"BLACK, M",BLCK,M
2000000040738,1-CHOM-M-01027-REDD-XXL-NOBR,"Chomba Toalla 01027 (Red, XXL)",Chomba Toalla 01027,"Red, XXL",REDD,XXL
2000000005478,1-TRDB-M-CITRI-UNIC-M-NOBR,Citric CITRI (M),Citric CITRI,M,UNIC,M
2000000019352,1-CAMP-M-00135-BLCK-L-PUFE,"Cobra 00135 (BLACK, L, Puffers)",Cobra 00135,"BLACK, L, Puffers",BLCK,L
2000000019406,1-CAMP-M-00135-BLCK-XL-NOBR,"Cobra 00135 (BLACK, XL, nobrand)",Cobra 00135,"BLACK, XL, nobrand",BLCK,XL
2000000019437,1-CAMP-M-00135-BLCK-XXL-PUFE,"Cobra 00135 (BLACK, XXL, Puffers)",Cobra 00135,"BLACK, XXL, Puffers",BLCK,XXL
2000000019512,1-CAMP-M-00135-MGRN-XL-PUFE,"Cobra 00135 (Military green, XL, Puffers)",Cobra 00135,"Military green, XL, Puffers",MGRN,XL
2000000019475,1-CAMP-M-00135-MGRN-M-PUFE,"Cobra 00135 (Military green, M, Puffers)",Cobra 00135,"Military green, M, Puffers",MGRN,M
2000000038711,1-CAMP-W-02076-BLCK-M-NOBR,"Coven 02076 (BLACK, M, nobrand)",Coven 02076,"BLACK, M, nobrand",BLCK,M
2000000038759,1-CAMP-W-02076-BLCK-XL-NOBR,"Coven 02076 (BLACK, XL, nobrand)",Coven 02076,"BLACK, XL, nobrand",BLCK,XL
2000000038841,1-CAMP-W-02076-GREN-XL-PUFE,"Coven 02076 (Green, XL, Puffers)",Coven 02076,"Green, XL, Puffers",GREN,XL
2000000038773,1-CAMP-W-02076-GREN-L-NOBR,"Coven 02076 (Green, L, nobrand)",Coven 02076,"Green, L, nobrand",GREN,L
2000000005515,1-TRDB-M-COZUM-UNIC-L-NOBR,(L) Cozumel,(L) Cozumel,,UNIC,L
2000000040714,1-CHOM-M-01027-REDD-S-NOBR,"Chomba Toalla 01027 (Red, S)",Chomba Toalla 01027,"Red, S",REDD,S
2000000005508,1-TRDB-M-CITRI-UNIC-XXL-NOBR,Citric CITRI (XXL),Citric CITRI,XXL,UNIC,XXL
2000000019369,1-CAMP-M-00135-BLCK-M-NOBR,"Cobra 00135 (BLACK, M, nobrand)",Cobra 00135,"BLACK, M, nobrand",BLCK,M
2000000019413,1-CAMP-M-00135-BLCK-XL-PUFE,"Cobra 00135 (BLACK, XL, Puffers)",Cobra 00135,"BLACK, XL, Puffers",BLCK,XL
2000000019420,1-CAMP-M-00135-BLCK-XXL-NOBR,"Cobra 00135 (BLACK, XXL, nobrand)",Cobra 00135,"BLACK, XXL, nobrand",BLCK,XXL
2000000019505,1-CAMP-M-00135-MGRN-XL-NOBR,"Cobra 00135 (Military green, XL, nobrand)",Cobra 00135,"Military green, XL, nobrand",MGRN,XL
2000000019468,1-CAMP-M-00135-MGRN-M-NOBR,"Cobra 00135 (Military green, M, nobrand)",Cobra 00135,"Military green, M, nobrand",MGRN,M
2000000038704,1-CAMP-W-02076-BLCK-L-PUFE,"Coven 02076 (BLACK, L, Puffers)",Coven 02076,"BLACK, L, Puffers",BLCK,L
2000000038810,1-CAMP-W-02076-GREN-S-NOBR,"Coven 02076 (Green, S, nobrand)",Coven 02076,"Green, S, nobrand",GREN,S
2000000038803,1-CAMP-W-02076-GREN-M-PUFE,"Coven 02076 (Green, M, Puffers)",Coven 02076,"Green, M, Puffers",GREN,M
2000000038780,1-CAMP-W-02076-GREN-L-PUFE,"Coven 02076 (Green, L, Puffers)",Coven 02076,"Green, L, Puffers",GREN,L
2000000005522,1-TRDB-M-COZUM-UNIC-M-NOBR,(M) Cozumel,(M) Cozumel,,UNIC,M
2000000005492,1-TRDB-M-CITRI-UNIC-XL-NOBR,Citric CITRI (XL),Citric CITRI,XL,UNIC,XL
2000000005461,1-TRDB-M-CITRI-UNIC-L-NOBR,Citric CITRI (L),Citric CITRI,L,UNIC,L
2000000019376,1-CAMP-M-00135-BLCK-M-PUFE,"Cobra 00135 (BLACK, M, Puffers)",Cobra 00135,"BLACK, M, Puffers",BLCK,M
2000000019451,1-CAMP-M-00135-MGRN-L-PUFE,"Cobra 00135 (Military green, L, Puffers)",Cobra 00135,"Military green, L, Puffers",MGRN,L
2000000019536,1-CAMP-M-00135-MGRN-XXL-PUFE,"Cobra 00135 (Military green, XXL, Puffers)",Cobra 00135,"Military green, XXL, Puffers",MGRN,XXL
2000000019499,1-CAMP-M-00135-MGRN-S-PUFE,"Cobra 00135 (Military green, S, Puffers)",Cobra 00135,"Military green, S, Puffers",MGRN,S
2000000019390,1-CAMP-M-00135-BLCK-S-PUFE,"Cobra 00135 (BLACK, S, Puffers)",Cobra 00135,"BLACK, S, Puffers",BLCK,S
2000000038698,1-CAMP-W-02076-BLCK-L-NOBR,"Coven 02076 (BLACK, L, nobrand)",Coven 02076,"BLACK, L, nobrand",BLCK,L
2000000038827,1-CAMP-W-02076-GREN-S-PUFE,"Coven 02076 (Green, S, Puffers)",Coven 02076,"Green, S, Puffers",GREN,S
2000000038797,1-CAMP-W-02076-GREN-M-NOBR,"Coven 02076 (Green, M, nobrand)",Coven 02076,"Green, M, nobrand",GREN,M
2000000038742,1-CAMP-W-02076-BLCK-S-PUFE,"Coven 02076 (BLACK, S, Puffers)",Coven 02076,"BLACK, S, Puffers",BLCK,S
2000000005539,1-TRDB-M-COZUM-UNIC-S-NOBR,(S) Cozumel,(S) Cozumel,,UNIC,S
2000000005485,1-TRDB-M-CITRI-UNIC-S-NOBR,Citric CITRI (S),Citric CITRI,S,UNIC,S
2000000019345,1-CAMP-M-00135-BLCK-L-NOBR,"Cobra 00135 (BLACK, L, nobrand)",Cobra 00135,"BLACK, L, nobrand",BLCK,L
2000000019383,1-CAMP-M-00135-BLCK-S-NOBR,"Cobra 00135 (BLACK, S, nobrand)",Cobra 00135,"BLACK, S, nobrand",BLCK,S
2000000019444,1-CAMP-M-00135-MGRN-L-NOBR,"Cobra 00135 (Military green, L, nobrand)",Cobra 00135,"Military green, L, nobrand",MGRN,L
2000000019529,1-CAMP-M-00135-MGRN-XXL-NOBR,"Cobra 00135 (Military green, XXL, nobrand)",Cobra 00135,"Military green, XXL, nobrand",MGRN,XXL
2000000019482,1-CAMP-M-00135-MGRN-S-NOBR,"Cobra 00135 (Military green, S, nobrand)",Cobra 00135,"Military green, S, nobrand",MGRN,S
2000000038735,1-CAMP-W-02076-BLCK-S-NOBR,"Coven 02076 (BLACK, S, nobrand)",Coven 02076,"BLACK, S, nobrand",BLCK,S
2000000038834,1-CAMP-W-02076-GREN-XL-NOBR,"Coven 02076 (Green, XL, nobrand)",Coven 02076,"Green, XL, nobrand",GREN,XL
2000000038766,1-CAMP-W-02076-BLCK-XL-PUFE,"Coven 02076 (BLACK, XL, Puffers)",Coven 02076,"BLACK, XL, Puffers",BLCK,XL
2000000038728,1-CAMP-W-02076-BLCK-M-PUFE,"Coven 02076 (BLACK, M, Puffers)",Coven 02076,"BLACK, M, Puffers",BLCK,M
2000000005546,1-TRDB-M-COZUM-UNIC-XL-NOBR,(XL) Cozumel,(XL) Cozumel,,UNIC,XL
2000000005553,1-TRDB-M-COZUM-UNIC-XXL-NOBR,(XXL) Cozumel,(XXL) Cozumel,,UNIC,XXL
2000000005584,1-TRDB-M-CRYST-UNIC-S-NOBR,Crystal Water CRYST (S),Crystal Water CRYST,S,UNIC,S
2000000005621,1-TRDB-M-CUREN-UNIC-M-NOBR,Currents CUREN (M),Currents CUREN,M,UNIC,M
,CURVA-DERBY-UNIC-NOBR,DERBY — Curva 8u (1S/2M/2L/2XL/1XXL),DERBY — Curva 8u,1S/2M/2L/2XL/1XXL,,
2000000001449,1-CAMI-M-DOHEN-BLCK-XL-NOBR,DOHEN (XL),DOHEN,XL,BLCK,XL
2000000022444,1-CAMP-M-01154-BLCK-L-NOBR,"DRACO 01154 (BLACK, L, nobrand)",DRACO 01154,"BLACK, L, nobrand",BLCK,L
2000000022482,1-CAMP-M-01154-BLCK-S-NOBR,"DRACO 01154 (BLACK, S, nobrand)",DRACO 01154,"BLACK, S, nobrand",BLCK,S
2000000022543,1-CAMP-M-01154-GREN-L-NOBR,"DRACO 01154 (Green, L, nobrand)",DRACO 01154,"Green, L, nobrand",GREN,L
2000000022550,1-CAMP-M-01154-GREN-L-PARK,"DRACO 01154 (Green, L, Parka)",DRACO 01154,"Green, L, Parka",GREN,L
2000000022574,1-CAMP-M-01154-GREN-M-PARK,"DRACO 01154 (Green, M, Parka)",DRACO 01154,"Green, M, Parka",GREN,M
2000000047089,1-SWEA-M-01019-BLCK-L-NOBR,"DUNE 01019 (BLACK, L, nobrand)",DUNE 01019,"BLACK, L, nobrand",BLCK,L
2000000047126,1-SWEA-M-01019-BLCK-S-NOBR,"DUNE 01019 (BLACK, S, nobrand)",DUNE 01019,"BLACK, S, nobrand",BLCK,S
2000000005577,1-TRDB-M-CRYST-UNIC-M-NOBR,Crystal Water CRYST (M),Crystal Water CRYST,M,UNIC,M
2000000005560,1-TRDB-M-CRYST-UNIC-L-NOBR,Crystal Water CRYST (L),Crystal Water CRYST,L,UNIC,L
2000000005614,1-TRDB-M-CUREN-UNIC-L-NOBR,Currents CUREN (L),Currents CUREN,L,UNIC,L
2000000001425,1-CAMI-M-DOHEN-BLCK-M-NOBR,DOHEN (M),DOHEN,M,BLCK,M
2000000001418,1-CAMI-M-DOHEN-BLCK-L-NOBR,DOHEN (L),DOHEN,L,BLCK,L
2000000022451,1-CAMP-M-01154-BLCK-L-PARK,"DRACO 01154 (BLACK, L, Parka)",DRACO 01154,"BLACK, L, Parka",BLCK,L
2000000022499,1-CAMP-M-01154-BLCK-S-PARK,"DRACO 01154 (BLACK, S, Parka)",DRACO 01154,"BLACK, S, Parka",BLCK,S
2000000022635,1-CAMP-M-01154-GREN-XXL-PARK,"DRACO 01154 (Green, XXL, Parka)",DRACO 01154,"Green, XXL, Parka",GREN,XXL
2000000022505,1-CAMP-M-01154-BLCK-XL-NOBR,"DRACO 01154 (BLACK, XL, nobrand)",DRACO 01154,"BLACK, XL, nobrand",BLCK,XL
2000000022512,1-CAMP-M-01154-BLCK-XL-PARK,"DRACO 01154 (BLACK, XL, Parka)",DRACO 01154,"BLACK, XL, Parka",BLCK,XL
2000000047096,1-SWEA-M-01019-BLCK-L-PARK,"DUNE 01019 (BLACK, L, Parka)",DUNE 01019,"BLACK, L, Parka",BLCK,L
2000000047133,1-SWEA-M-01019-BLCK-S-PARK,"DUNE 01019 (BLACK, S, Parka)",DUNE 01019,"BLACK, S, Parka",BLCK,S
2000000005607,1-TRDB-M-CRYST-UNIC-XXL-NOBR,Crystal Water CRYST (XXL),Crystal Water CRYST,XXL,UNIC,XXL
2000000005652,1-TRDB-M-CUREN-UNIC-XXL-NOBR,Currents CUREN (XXL),Currents CUREN,XXL,UNIC,XXL
2000000005638,1-TRDB-M-CUREN-UNIC-S-NOBR,Currents CUREN (S),Currents CUREN,S,UNIC,S
2000000001432,1-CAMI-M-DOHEN-BLCK-S-NOBR,DOHEN (S),DOHEN,S,BLCK,S
,CURVA-DORTM-UNIC-NOBR,DORTMUND — Curva 8u (1S/2M/2L/2XL/1XXL),DORTMUND — Curva 8u,1S/2M/2L/2XL/1XXL,,
2000000022468,1-CAMP-M-01154-BLCK-M-NOBR,"DRACO 01154 (BLACK, M, nobrand)",DRACO 01154,"BLACK, M, nobrand",BLCK,M
2000000022529,1-CAMP-M-01154-BLCK-XXL-NOBR,"DRACO 01154 (BLACK, XXL, nobrand)",DRACO 01154,"BLACK, XXL, nobrand",BLCK,XXL
2000000022628,1-CAMP-M-01154-GREN-XXL-NOBR,"DRACO 01154 (Green, XXL, nobrand)",DRACO 01154,"Green, XXL, nobrand",GREN,XXL
2000000022598,1-CAMP-M-01154-GREN-S-PARK,"DRACO 01154 (Green, S, Parka)",DRACO 01154,"Green, S, Parka",GREN,S
2000000022611,1-CAMP-M-01154-GREN-XL-PARK,"DRACO 01154 (Green, XL, Parka)",DRACO 01154,"Green, XL, Parka",GREN,XL
2000000047102,1-SWEA-M-01019-BLCK-M-NOBR,"DUNE 01019 (BLACK, M, nobrand)",DUNE 01019,"BLACK, M, nobrand",BLCK,M
2000000047140,1-SWEA-M-01019-BLCK-XL-NOBR,"DUNE 01019 (BLACK, XL, nobrand)",DUNE 01019,"BLACK, XL, nobrand",BLCK,XL
2000000005591,1-TRDB-M-CRYST-UNIC-XL-NOBR,Crystal Water CRYST (XL),Crystal Water CRYST,XL,UNIC,XL
2000000005645,1-TRDB-M-CUREN-UNIC-XL-NOBR,Currents CUREN (XL),Currents CUREN,XL,UNIC,XL
2000000001456,1-CAMI-M-DOHEN-BLCK-XXL-NOBR,DOHEN (XXL),DOHEN,XXL,BLCK,XXL
2000000022567,1-CAMP-M-01154-GREN-M-NOBR,"DRACO 01154 (Green, M, nobrand)",DRACO 01154,"Green, M, nobrand",GREN,M
2000000022475,1-CAMP-M-01154-BLCK-M-PARK,"DRACO 01154 (BLACK, M, Parka)",DRACO 01154,"BLACK, M, Parka",BLCK,M
2000000022536,1-CAMP-M-01154-BLCK-XXL-PARK,"DRACO 01154 (BLACK, XXL, Parka)",DRACO 01154,"BLACK, XXL, Parka",BLCK,XXL
2000000022604,1-CAMP-M-01154-GREN-XL-NOBR,"DRACO 01154 (Green, XL, nobrand)",DRACO 01154,"Green, XL, nobrand",GREN,XL
2000000022581,1-CAMP-M-01154-GREN-S-NOBR,"DRACO 01154 (Green, S, nobrand)",DRACO 01154,"Green, S, nobrand",GREN,S
,CURVA-DUBLI-UNIC-NOBR,DUBLIN — Curva 8u (1S/2M/2L/2XL/1XXL),DUBLIN — Curva 8u,1S/2M/2L/2XL/1XXL,,
2000000047119,1-SWEA-M-01019-BLCK-M-PARK,"DUNE 01019 (BLACK, M, Parka)",DUNE 01019,"BLACK, M, Parka",BLCK,M
2000000047157,1-SWEA-M-01019-BLCK-XL-PARK,"DUNE 01019 (BLACK, XL, Parka)",DUNE 01019,"BLACK, XL, Parka",BLCK,XL
2000000047164,1-SWEA-M-01019-BLCK-XXL-NOBR,"DUNE 01019 (BLACK, XXL, nobrand)",DUNE 01019,"BLACK, XXL, nobrand",BLCK,XXL
2000000047201,1-SWEA-M-01019-NAVY-M-NOBR,"DUNE 01019 (Navy, M, nobrand)",DUNE 01019,"Navy, M, nobrand",NAVY,M
2000000047249,1-SWEA-M-01019-NAVY-XL-NOBR,"DUNE 01019 (Navy, XL, nobrand)",DUNE 01019,"Navy, XL, nobrand",NAVY,XL
2000000047287,1-SWEA-M-01019-OLIV-L-NOBR,"DUNE 01019 (Olive, L, nobrand)",DUNE 01019,"Olive, L, nobrand",OLIV,L
2000000047331,1-SWEA-M-01019-OLIV-S-PARK,"DUNE 01019 (Olive, S, Parka)",DUNE 01019,"Olive, S, Parka",OLIV,S
2000000047379,1-SWEA-M-01019-OLIV-XXL-PARK,"DUNE 01019 (Olive, XXL, Parka)",DUNE 01019,"Olive, XXL, Parka",OLIV,XXL
2000000047423,1-SWEA-M-01019-WHIT-S-NOBR,"DUNE 01019 (White, S, nobrand)",DUNE 01019,"White, S, nobrand",WHIT,S
2000000047454,1-SWEA-M-01019-WHIT-XL-PARK,"DUNE 01019 (White, XL, Parka)",DUNE 01019,"White, XL, Parka",WHIT,XL
2000000047706,1-SWEA-M-01022-OLIV-S-NOBR,"DUNE 01022 (Olive, S)",DUNE 01022,"Olive, S",OLIV,S
2000000047669,1-SWEA-M-01022-NAVY-XL-NOBR,"DUNE 01022 (Navy, XL)",DUNE 01022,"Navy, XL",NAVY,XL
2000000047621,1-SWEA-M-01022-GREY-XXL-NOBR,"DUNE 01022 (grey, XXL)",DUNE 01022,"grey, XXL",GREY,XXL
2000000047584,1-SWEA-M-01022-GREY-L-NOBR,"DUNE 01022 (grey, L)",DUNE 01022,"grey, L",GREY,L
2000000047171,1-SWEA-M-01019-BLCK-XXL-PARK,"DUNE 01019 (BLACK, XXL, Parka)",DUNE 01019,"BLACK, XXL, Parka",BLCK,XXL
2000000047218,1-SWEA-M-01019-NAVY-M-PARK,"DUNE 01019 (Navy, M, Parka)",DUNE 01019,"Navy, M, Parka",NAVY,M
2000000047256,1-SWEA-M-01019-NAVY-XL-PARK,"DUNE 01019 (Navy, XL, Parka)",DUNE 01019,"Navy, XL, Parka",NAVY,XL
2000000047294,1-SWEA-M-01019-OLIV-L-PARK,"DUNE 01019 (Olive, L, Parka)",DUNE 01019,"Olive, L, Parka",OLIV,L
2000000047348,1-SWEA-M-01019-OLIV-XL-NOBR,"DUNE 01019 (Olive, XL, nobrand)",DUNE 01019,"Olive, XL, nobrand",OLIV,XL
2000000047386,1-SWEA-M-01019-WHIT-L-NOBR,"DUNE 01019 (White, L, nobrand)",DUNE 01019,"White, L, nobrand",WHIT,L
2000000047416,1-SWEA-M-01019-WHIT-M-PARK,"DUNE 01019 (White, M, Parka)",DUNE 01019,"White, M, Parka",WHIT,M
2000000047461,1-SWEA-M-01019-WHIT-XXL-NOBR,"DUNE 01019 (White, XXL, nobrand)",DUNE 01019,"White, XXL, nobrand",WHIT,XXL
2000000047690,1-SWEA-M-01022-OLIV-M-NOBR,"DUNE 01022 (Olive, M)",DUNE 01022,"Olive, M",OLIV,M
2000000047652,1-SWEA-M-01022-NAVY-S-NOBR,"DUNE 01022 (Navy, S)",DUNE 01022,"Navy, S",NAVY,S
2000000047614,1-SWEA-M-01022-GREY-XL-NOBR,"DUNE 01022 (grey, XL)",DUNE 01022,"grey, XL",GREY,XL
2000000047577,1-SWEA-M-01022-CAFE-XXL-NOBR,"DUNE 01022 (Coffee, XXL)",DUNE 01022,"Coffee, XXL",CAFE,XXL
2000000047188,1-SWEA-M-01019-NAVY-L-NOBR,"DUNE 01019 (Navy, L, nobrand)",DUNE 01019,"Navy, L, nobrand",NAVY,L
2000000047225,1-SWEA-M-01019-NAVY-S-NOBR,"DUNE 01019 (Navy, S, nobrand)",DUNE 01019,"Navy, S, nobrand",NAVY,S
2000000047263,1-SWEA-M-01019-NAVY-XXL-NOBR,"DUNE 01019 (Navy, XXL, nobrand)",DUNE 01019,"Navy, XXL, nobrand",NAVY,XXL
2000000047300,1-SWEA-M-01019-OLIV-M-NOBR,"DUNE 01019 (Olive, M, nobrand)",DUNE 01019,"Olive, M, nobrand",OLIV,M
2000000047355,1-SWEA-M-01019-OLIV-XL-PARK,"DUNE 01019 (Olive, XL, Parka)",DUNE 01019,"Olive, XL, Parka",OLIV,XL
2000000047393,1-SWEA-M-01019-WHIT-L-PARK,"DUNE 01019 (White, L, Parka)",DUNE 01019,"White, L, Parka",WHIT,L
2000000047430,1-SWEA-M-01019-WHIT-S-PARK,"DUNE 01019 (White, S, Parka)",DUNE 01019,"White, S, Parka",WHIT,S
2000000047478,1-SWEA-M-01019-WHIT-XXL-PARK,"DUNE 01019 (White, XXL, Parka)",DUNE 01019,"White, XXL, Parka",WHIT,XXL
2000000047683,1-SWEA-M-01022-OLIV-L-NOBR,"DUNE 01022 (Olive, L)",DUNE 01022,"Olive, L",OLIV,L
2000000047645,1-SWEA-M-01022-NAVY-M-NOBR,"DUNE 01022 (Navy, M)",DUNE 01022,"Navy, M",NAVY,M
2000000047607,1-SWEA-M-01022-GREY-S-NOBR,"DUNE 01022 (grey, S)",DUNE 01022,"grey, S",GREY,S
2000000047560,1-SWEA-M-01022-CAFE-XL-NOBR,"DUNE 01022 (Coffee, XL)",DUNE 01022,"Coffee, XL",CAFE,XL
2000000047195,1-SWEA-M-01019-NAVY-L-PARK,"DUNE 01019 (Navy, L, Parka)",DUNE 01019,"Navy, L, Parka",NAVY,L
2000000047232,1-SWEA-M-01019-NAVY-S-PARK,"DUNE 01019 (Navy, S, Parka)",DUNE 01019,"Navy, S, Parka",NAVY,S
2000000047270,1-SWEA-M-01019-NAVY-XXL-PARK,"DUNE 01019 (Navy, XXL, Parka)",DUNE 01019,"Navy, XXL, Parka",NAVY,XXL
2000000047324,1-SWEA-M-01019-OLIV-S-NOBR,"DUNE 01019 (Olive, S, nobrand)",DUNE 01019,"Olive, S, nobrand",OLIV,S
2000000047362,1-SWEA-M-01019-OLIV-XXL-NOBR,"DUNE 01019 (Olive, XXL, nobrand)",DUNE 01019,"Olive, XXL, nobrand",OLIV,XXL
2000000047409,1-SWEA-M-01019-WHIT-M-NOBR,"DUNE 01019 (White, M, nobrand)",DUNE 01019,"White, M, nobrand",WHIT,M
2000000047447,1-SWEA-M-01019-WHIT-XL-NOBR,"DUNE 01019 (White, XL, nobrand)",DUNE 01019,"White, XL, nobrand",WHIT,XL
2000000047317,1-SWEA-M-01019-OLIV-M-PARK,"DUNE 01019 (Olive, M, Parka)",DUNE 01019,"Olive, M, Parka",OLIV,M
2000000047676,1-SWEA-M-01022-NAVY-XXL-NOBR,"DUNE 01022 (Navy, XXL)",DUNE 01022,"Navy, XXL",NAVY,XXL
2000000047638,1-SWEA-M-01022-NAVY-L-NOBR,"DUNE 01022 (Navy, L)",DUNE 01022,"Navy, L",NAVY,L
2000000047591,1-SWEA-M-01022-GREY-M-NOBR,"DUNE 01022 (grey, M)",DUNE 01022,"grey, M",GREY,M
2000000047553,1-SWEA-M-01022-CAFE-S-NOBR,"DUNE 01022 (Coffee, S)",DUNE 01022,"Coffee, S",CAFE,S
2000000047546,1-SWEA-M-01022-CAFE-M-NOBR,"DUNE 01022 (Coffee, M)",DUNE 01022,"Coffee, M",CAFE,M
2000000047539,1-SWEA-M-01022-CAFE-L-NOBR,"DUNE 01022 (Coffee, L)",DUNE 01022,"Coffee, L",CAFE,L
2000000047713,1-SWEA-M-01022-OLIV-XL-NOBR,"DUNE 01022 (Olive, XL)",DUNE 01022,"Olive, XL",OLIV,XL
2000000047850,1-SWEA-M-01024-GREY-S-NOBR,"DUNE 01024 (grey, S)",DUNE 01024,"grey, S",GREY,S
2000000047898,1-SWEA-M-01024-NAVY-M-NOBR,"DUNE 01024 (Navy, M)",DUNE 01024,"Navy, M",NAVY,M
2000000047782,1-SWEA-M-01024-BLCK-L-NOBR,"DUNE 01024 (BLACK, L)",DUNE 01024,"BLACK, L",BLCK,L
2000000047744,1-SWEA-M-01024-BEIG-M-NOBR,"DUNE 01024 (Beige, M)",DUNE 01024,"Beige, M",BEIG,M
2000000047812,1-SWEA-M-01024-BLCK-XL-NOBR,"DUNE 01024 (BLACK, XL)",DUNE 01024,"BLACK, XL",BLCK,XL
2000000048017,1-SWEA-M-01026-NAVY-XL-NOBR,"DUNE 01026 (Navy, XL)",DUNE 01026,"Navy, XL",NAVY,XL
2000000048062,1-SWEA-M-01026-OFWH-XL-NOBR,"DUNE 01026 (Off white, XL)",DUNE 01026,"Off white, XL",OFWH,XL
2000000048024,1-SWEA-M-01026-NAVY-XXL-NOBR,"DUNE 01026 (Navy, XXL)",DUNE 01026,"Navy, XXL",NAVY,XXL
2000000027807,1-CAMP-M-0ODEN-BEIG-M-PARK,"DUNE ODEN (Beige, M, Parka)",DUNE ODEN,"Beige, M, Parka",BEIG,M
2000000047508,1-SWEA-M-01022-BLCK-S-NOBR,"DUNE 01022 (BLACK, S)",DUNE 01022,"BLACK, S",BLCK,S
2000000047485,1-SWEA-M-01022-BLCK-L-NOBR,"DUNE 01022 (BLACK, L)",DUNE 01022,"BLACK, L",BLCK,L
2000000047829,1-SWEA-M-01024-BLCK-XXL-NOBR,"DUNE 01024 (BLACK, XXL)",DUNE 01024,"BLACK, XXL",BLCK,XXL
2000000047867,1-SWEA-M-01024-GREY-XL-NOBR,"DUNE 01024 (grey, XL)",DUNE 01024,"grey, XL",GREY,XL
2000000047904,1-SWEA-M-01024-NAVY-S-NOBR,"DUNE 01024 (Navy, S)",DUNE 01024,"Navy, S",NAVY,S
2000000047775,1-SWEA-M-01024-BEIG-XXL-NOBR,"DUNE 01024 (Beige, XXL)",DUNE 01024,"Beige, XXL",BEIG,XXL
2000000047737,1-SWEA-M-01024-BEIG-L-NOBR,"DUNE 01024 (Beige, L)",DUNE 01024,"Beige, L",BEIG,L
2000000047966,1-SWEA-M-01026-BLCK-XL-NOBR,"DUNE 01026 (BLACK, XL)",DUNE 01026,"BLACK, XL",BLCK,XL
2000000047997,1-SWEA-M-01026-NAVY-M-NOBR,"DUNE 01026 (Navy, M)",DUNE 01026,"Navy, M",NAVY,M
2000000048055,1-SWEA-M-01026-OFWH-S-NOBR,"DUNE 01026 (Off white, S)",DUNE 01026,"Off white, S",OFWH,S
2000000047935,1-SWEA-M-01026-BLCK-L-NOBR,"DUNE 01026 (BLACK, L)",DUNE 01026,"BLACK, L",BLCK,L
2000000027814,1-CAMP-M-0ODEN-BEIG-S-AIRB,"DUNE ODEN (Beige, S, Airborn)",DUNE ODEN,"Beige, S, Airborn",BEIG,S
2000000047515,1-SWEA-M-01022-BLCK-XL-NOBR,"DUNE 01022 (BLACK, XL)",DUNE 01022,"BLACK, XL",BLCK,XL
2000000047492,1-SWEA-M-01022-BLCK-M-NOBR,"DUNE 01022 (BLACK, M)",DUNE 01022,"BLACK, M",BLCK,M
2000000047836,1-SWEA-M-01024-GREY-L-NOBR,"DUNE 01024 (grey, L)",DUNE 01024,"grey, L",GREY,L
2000000047874,1-SWEA-M-01024-GREY-XXL-NOBR,"DUNE 01024 (grey, XXL)",DUNE 01024,"grey, XXL",GREY,XXL
2000000047805,1-SWEA-M-01024-BLCK-S-NOBR,"DUNE 01024 (BLACK, S)",DUNE 01024,"BLACK, S",BLCK,S
2000000047768,1-SWEA-M-01024-BEIG-XL-NOBR,"DUNE 01024 (Beige, XL)",DUNE 01024,"Beige, XL",BEIG,XL
2000000047928,1-SWEA-M-01024-NAVY-XXL-NOBR,"DUNE 01024 (Navy, XXL)",DUNE 01024,"Navy, XXL",NAVY,XXL
2000000047973,1-SWEA-M-01026-BLCK-XXL-NOBR,"DUNE 01026 (BLACK, XXL)",DUNE 01026,"BLACK, XXL",BLCK,XXL
2000000048000,1-SWEA-M-01026-NAVY-S-NOBR,"DUNE 01026 (Navy, S)",DUNE 01026,"Navy, S",NAVY,S
2000000048048,1-SWEA-M-01026-OFWH-M-NOBR,"DUNE 01026 (Off white, M)",DUNE 01026,"Off white, M",OFWH,M
2000000047942,1-SWEA-M-01026-BLCK-M-NOBR,"DUNE 01026 (BLACK, M)",DUNE 01026,"BLACK, M",BLCK,M
2000000027821,1-CAMP-M-0ODEN-BEIG-S-BRIG,"DUNE ODEN (Beige, S, Briganti)",DUNE ODEN,"Beige, S, Briganti",BEIG,S
2000000047522,1-SWEA-M-01022-BLCK-XXL-NOBR,"DUNE 01022 (BLACK, XXL)",DUNE 01022,"BLACK, XXL",BLCK,XXL
2000000047720,1-SWEA-M-01022-OLIV-XXL-NOBR,"DUNE 01022 (Olive, XXL)",DUNE 01022,"Olive, XXL",OLIV,XXL
2000000047843,1-SWEA-M-01024-GREY-M-NOBR,"DUNE 01024 (grey, M)",DUNE 01024,"grey, M",GREY,M
2000000047881,1-SWEA-M-01024-NAVY-L-NOBR,"DUNE 01024 (Navy, L)",DUNE 01024,"Navy, L",NAVY,L
2000000047799,1-SWEA-M-01024-BLCK-M-NOBR,"DUNE 01024 (BLACK, M)",DUNE 01024,"BLACK, M",BLCK,M
2000000047751,1-SWEA-M-01024-BEIG-S-NOBR,"DUNE 01024 (Beige, S)",DUNE 01024,"Beige, S",BEIG,S
2000000047911,1-SWEA-M-01024-NAVY-XL-NOBR,"DUNE 01024 (Navy, XL)",DUNE 01024,"Navy, XL",NAVY,XL
2000000047980,1-SWEA-M-01026-NAVY-L-NOBR,"DUNE 01026 (Navy, L)",DUNE 01026,"Navy, L",NAVY,L
2000000048079,1-SWEA-M-01026-OFWH-XXL-NOBR,"DUNE 01026 (Off white, XXL)",DUNE 01026,"Off white, XXL",OFWH,XXL
2000000048031,1-SWEA-M-01026-OFWH-L-NOBR,"DUNE 01026 (Off white, L)",DUNE 01026,"Off white, L",OFWH,L
2000000047959,1-SWEA-M-01026-BLCK-S-NOBR,"DUNE 01026 (BLACK, S)",DUNE 01026,"BLACK, S",BLCK,S
2000000027838,1-CAMP-M-0ODEN-BEIG-S-CENI,"DUNE ODEN (Beige, S, Cenidor)",DUNE ODEN,"Beige, S, Cenidor",BEIG,S
2000000027845,1-CAMP-M-0ODEN-BEIG-S-NOBR,"DUNE ODEN (Beige, S, nobrand)",DUNE ODEN,"Beige, S, nobrand",BEIG,S
2000000027883,1-CAMP-M-0ODEN-BEIG-XL-CENI,"DUNE ODEN (Beige, XL, Cenidor)",DUNE ODEN,"Beige, XL, Cenidor",BEIG,XL
2000000027920,1-CAMP-M-0ODEN-BEIG-XXL-BRIG,"DUNE ODEN (Beige, XXL, Briganti)",DUNE ODEN,"Beige, XXL, Briganti",BEIG,XXL
2000000027968,1-CAMP-M-0ODEN-BLCK-L-AIRB,"DUNE ODEN (BLACK, L, Airborn)",DUNE ODEN,"BLACK, L, Airborn",BLCK,L
2000000028002,1-CAMP-M-0ODEN-BLCK-L-PARK,"DUNE ODEN (BLACK, L, Parka)",DUNE ODEN,"BLACK, L, Parka",BLCK,L
2000000028040,1-CAMP-M-0ODEN-BLCK-M-NOBR,"DUNE ODEN (BLACK, M, nobrand)",DUNE ODEN,"BLACK, M, nobrand",BLCK,M
2000000028088,1-CAMP-M-0ODEN-BLCK-S-CENI,"DUNE ODEN (BLACK, S, Cenidor)",DUNE ODEN,"BLACK, S, Cenidor",BLCK,S
2000000028125,1-CAMP-M-0ODEN-BLCK-XL-BRIG,"DUNE ODEN (BLACK, XL, Briganti)",DUNE ODEN,"BLACK, XL, Briganti",BLCK,XL
2000000028347,1-CAMP-M-0ODEN-NAVY-S-NOBR,"DUNE ODEN (Navy, S, nobrand)",DUNE ODEN,"Navy, S, nobrand",NAVY,S
2000000028385,1-CAMP-M-0ODEN-NAVY-XL-CENI,"DUNE ODEN (Navy, XL, Cenidor)",DUNE ODEN,"Navy, XL, Cenidor",NAVY,XL
2000000028408,1-CAMP-M-0ODEN-NAVY-XL-PARK,"DUNE ODEN (Navy, XL, Parka)",DUNE ODEN,"Navy, XL, Parka",NAVY,XL
2000000028446,1-CAMP-M-0ODEN-NAVY-XXL-NOBR,"DUNE ODEN (Navy, XXL, nobrand)",DUNE ODEN,"Navy, XXL, nobrand",NAVY,XXL
2000000027852,1-CAMP-M-0ODEN-BEIG-S-PARK,"DUNE ODEN (Beige, S, Parka)",DUNE ODEN,"Beige, S, Parka",BEIG,S
2000000027890,1-CAMP-M-0ODEN-BEIG-XL-NOBR,"DUNE ODEN (Beige, XL, nobrand)",DUNE ODEN,"Beige, XL, nobrand",BEIG,XL
2000000027937,1-CAMP-M-0ODEN-BEIG-XXL-CENI,"DUNE ODEN (Beige, XXL, Cenidor)",DUNE ODEN,"Beige, XXL, Cenidor",BEIG,XXL
2000000027975,1-CAMP-M-0ODEN-BLCK-L-BRIG,"DUNE ODEN (BLACK, L, Briganti)",DUNE ODEN,"BLACK, L, Briganti",BLCK,L
2000000028019,1-CAMP-M-0ODEN-BLCK-M-AIRB,"DUNE ODEN (BLACK, M, Airborn)",DUNE ODEN,"BLACK, M, Airborn",BLCK,M
2000000028057,1-CAMP-M-0ODEN-BLCK-M-PARK,"DUNE ODEN (BLACK, M, Parka)",DUNE ODEN,"BLACK, M, Parka",BLCK,M
2000000028095,1-CAMP-M-0ODEN-BLCK-S-NOBR,"DUNE ODEN (BLACK, S, nobrand)",DUNE ODEN,"BLACK, S, nobrand",BLCK,S
2000000028132,1-CAMP-M-0ODEN-BLCK-XL-CENI,"DUNE ODEN (BLACK, XL, Cenidor)",DUNE ODEN,"BLACK, XL, Cenidor",BLCK,XL
2000000028354,1-CAMP-M-0ODEN-NAVY-S-PARK,"DUNE ODEN (Navy, S, Parka)",DUNE ODEN,"Navy, S, Parka",NAVY,S
2000000027784,1-CAMP-M-0ODEN-BEIG-M-CENI,"DUNE ODEN (Beige, M, Cenidor)",DUNE ODEN,"Beige, M, Cenidor",BEIG,M
2000000028415,1-CAMP-M-0ODEN-NAVY-XXL-AIRB,"DUNE ODEN (Navy, XXL, Airborn)",DUNE ODEN,"Navy, XXL, Airborn",NAVY,XXL
2000000028453,1-CAMP-M-0ODEN-NAVY-XXL-PARK,"DUNE ODEN (Navy, XXL, Parka)",DUNE ODEN,"Navy, XXL, Parka",NAVY,XXL
2000000027869,1-CAMP-M-0ODEN-BEIG-XL-AIRB,"DUNE ODEN (Beige, XL, Airborn)",DUNE ODEN,"Beige, XL, Airborn",BEIG,XL
2000000027906,1-CAMP-M-0ODEN-BEIG-XL-PARK,"DUNE ODEN (Beige, XL, Parka)",DUNE ODEN,"Beige, XL, Parka",BEIG,XL
2000000027944,1-CAMP-M-0ODEN-BEIG-XXL-NOBR,"DUNE ODEN (Beige, XXL, nobrand)",DUNE ODEN,"Beige, XXL, nobrand",BEIG,XXL
2000000027982,1-CAMP-M-0ODEN-BLCK-L-CENI,"DUNE ODEN (BLACK, L, Cenidor)",DUNE ODEN,"BLACK, L, Cenidor",BLCK,L
2000000028026,1-CAMP-M-0ODEN-BLCK-M-BRIG,"DUNE ODEN (BLACK, M, Briganti)",DUNE ODEN,"BLACK, M, Briganti",BLCK,M
2000000028064,1-CAMP-M-0ODEN-BLCK-S-AIRB,"DUNE ODEN (BLACK, S, Airborn)",DUNE ODEN,"BLACK, S, Airborn",BLCK,S
2000000028101,1-CAMP-M-0ODEN-BLCK-S-PARK,"DUNE ODEN (BLACK, S, Parka)",DUNE ODEN,"BLACK, S, Parka",BLCK,S
2000000028323,1-CAMP-M-0ODEN-NAVY-S-BRIG,"DUNE ODEN (Navy, S, Briganti)",DUNE ODEN,"Navy, S, Briganti",NAVY,S
2000000028361,1-CAMP-M-0ODEN-NAVY-XL-AIRB,"DUNE ODEN (Navy, XL, Airborn)",DUNE ODEN,"Navy, XL, Airborn",NAVY,XL
2000000027777,1-CAMP-M-0ODEN-BEIG-M-BRIG,"DUNE ODEN (Beige, M, Briganti)",DUNE ODEN,"Beige, M, Briganti",BEIG,M
2000000028422,1-CAMP-M-0ODEN-NAVY-XXL-BRIG,"DUNE ODEN (Navy, XXL, Briganti)",DUNE ODEN,"Navy, XXL, Briganti",NAVY,XXL
2000000028187,1-CAMP-M-0ODEN-BLCK-XXL-CENI,"DUNE ODEN (BLACK, XXL, Cenidor)",DUNE ODEN,"BLACK, XXL, Cenidor",BLCK,XXL
2000000027876,1-CAMP-M-0ODEN-BEIG-XL-BRIG,"DUNE ODEN (Beige, XL, Briganti)",DUNE ODEN,"Beige, XL, Briganti",BEIG,XL
2000000027913,1-CAMP-M-0ODEN-BEIG-XXL-AIRB,"DUNE ODEN (Beige, XXL, Airborn)",DUNE ODEN,"Beige, XXL, Airborn",BEIG,XXL
2000000027951,1-CAMP-M-0ODEN-BEIG-XXL-PARK,"DUNE ODEN (Beige, XXL, Parka)",DUNE ODEN,"Beige, XXL, Parka",BEIG,XXL
2000000027999,1-CAMP-M-0ODEN-BLCK-L-NOBR,"DUNE ODEN (BLACK, L, nobrand)",DUNE ODEN,"BLACK, L, nobrand",BLCK,L
2000000028033,1-CAMP-M-0ODEN-BLCK-M-CENI,"DUNE ODEN (BLACK, M, Cenidor)",DUNE ODEN,"BLACK, M, Cenidor",BLCK,M
2000000028071,1-CAMP-M-0ODEN-BLCK-S-BRIG,"DUNE ODEN (BLACK, S, Briganti)",DUNE ODEN,"BLACK, S, Briganti",BLCK,S
2000000028118,1-CAMP-M-0ODEN-BLCK-XL-AIRB,"DUNE ODEN (BLACK, XL, Airborn)",DUNE ODEN,"BLACK, XL, Airborn",BLCK,XL
2000000028330,1-CAMP-M-0ODEN-NAVY-S-CENI,"DUNE ODEN (Navy, S, Cenidor)",DUNE ODEN,"Navy, S, Cenidor",NAVY,S
2000000028378,1-CAMP-M-0ODEN-NAVY-XL-BRIG,"DUNE ODEN (Navy, XL, Briganti)",DUNE ODEN,"Navy, XL, Briganti",NAVY,XL
2000000028392,1-CAMP-M-0ODEN-NAVY-XL-NOBR,"DUNE ODEN (Navy, XL, nobrand)",DUNE ODEN,"Navy, XL, nobrand",NAVY,XL
2000000028439,1-CAMP-M-0ODEN-NAVY-XXL-CENI,"DUNE ODEN (Navy, XXL, Cenidor)",DUNE ODEN,"Navy, XXL, Cenidor",NAVY,XXL
2000000028194,1-CAMP-M-0ODEN-BLCK-XXL-NOBR,"DUNE ODEN (BLACK, XXL, nobrand)",DUNE ODEN,"BLACK, XXL, nobrand",BLCK,XXL
2000000028200,1-CAMP-M-0ODEN-BLCK-XXL-PARK,"DUNE ODEN (BLACK, XXL, Parka)",DUNE ODEN,"BLACK, XXL, Parka",BLCK,XXL
2000000028248,1-CAMP-M-0ODEN-NAVY-L-NOBR,"DUNE ODEN (Navy, L, nobrand)",DUNE ODEN,"Navy, L, nobrand",NAVY,L
2000000028255,1-CAMP-M-0ODEN-NAVY-L-PARK,"DUNE ODEN (Navy, L, Parka)",DUNE ODEN,"Navy, L, Parka",NAVY,L
2000000028293,1-CAMP-M-0ODEN-NAVY-M-NOBR,"DUNE ODEN (Navy, M, nobrand)",DUNE ODEN,"Navy, M, nobrand",NAVY,M
2000000027746,1-CAMP-M-0ODEN-BEIG-L-NOBR,"DUNE ODEN (Beige, L, nobrand)",DUNE ODEN,"Beige, L, nobrand",BEIG,L
2000000028156,1-CAMP-M-0ODEN-BLCK-XL-PARK,"DUNE ODEN (BLACK, XL, Parka)",DUNE ODEN,"BLACK, XL, Parka",BLCK,XL
2000000008103,1-BUZO-M-ORIGC-BLCK-XXL-NOBR,"DUNE ORIGCREW (XXL, nobrand)",DUNE ORIGCREW,"XXL, nobrand",BLCK,XXL
2000000008066,1-BUZO-M-ORIGC-BLCK-S-NOBR,"DUNE ORIGCREW (S, nobrand)",DUNE ORIGCREW,"S, nobrand",BLCK,S
2000000008028,1-BUZO-M-ORIGC-BLCK-L-NOBR,"DUNE ORIGCREW (L, nobrand)",DUNE ORIGCREW,"L, nobrand",BLCK,L
2000000008387,1-BUZO-M-ORIGH-GREY-XL-NOBR,"DUNE ORIGHOOD (grey, XL, nobrand)",DUNE ORIGHOOD,"grey, XL, nobrand",GREY,XL
2000000008349,1-BUZO-M-ORIGH-GREY-M-NOBR,"DUNE ORIGHOOD (grey, M, nobrand)",DUNE ORIGHOOD,"grey, M, nobrand",GREY,M
2000000008301,1-BUZO-M-ORIGH-GREN-XXL-NOBR,"DUNE ORIGHOOD (Green, XXL, nobrand)",DUNE ORIGHOOD,"Green, XXL, nobrand",GREN,XXL
2000000028217,1-CAMP-M-0ODEN-NAVY-L-AIRB,"DUNE ODEN (Navy, L, Airborn)",DUNE ODEN,"Navy, L, Airborn",NAVY,L
2000000028309,1-CAMP-M-0ODEN-NAVY-M-PARK,"DUNE ODEN (Navy, M, Parka)",DUNE ODEN,"Navy, M, Parka",NAVY,M
2000000028262,1-CAMP-M-0ODEN-NAVY-M-AIRB,"DUNE ODEN (Navy, M, Airborn)",DUNE ODEN,"Navy, M, Airborn",NAVY,M
2000000027715,1-CAMP-M-0ODEN-BEIG-L-AIRB,"DUNE ODEN (Beige, L, Airborn)",DUNE ODEN,"Beige, L, Airborn",BEIG,L
2000000027753,1-CAMP-M-0ODEN-BEIG-L-PARK,"DUNE ODEN (Beige, L, Parka)",DUNE ODEN,"Beige, L, Parka",BEIG,L
2000000028163,1-CAMP-M-0ODEN-BLCK-XXL-AIRB,"DUNE ODEN (BLACK, XXL, Airborn)",DUNE ODEN,"BLACK, XXL, Airborn",BLCK,XXL
2000000008097,1-BUZO-M-ORIGC-BLCK-XL-PARK,"DUNE ORIGCREW (XL, Parka)",DUNE ORIGCREW,"XL, Parka",BLCK,XL
2000000008059,1-BUZO-M-ORIGC-BLCK-M-PARK,"DUNE ORIGCREW (M, Parka)",DUNE ORIGCREW,"M, Parka",BLCK,M
2000000008417,1-BUZO-M-ORIGH-GREY-XXL-PARK,"DUNE ORIGHOOD (grey, XXL, Parka)",DUNE ORIGHOOD,"grey, XXL, Parka",GREY,XXL
2000000008370,1-BUZO-M-ORIGH-GREY-S-PARK,"DUNE ORIGHOOD (grey, S, Parka)",DUNE ORIGHOOD,"grey, S, Parka",GREY,S
2000000008332,1-BUZO-M-ORIGH-GREY-L-PARK,"DUNE ORIGHOOD (grey, L, Parka)",DUNE ORIGHOOD,"grey, L, Parka",GREY,L
2000000008295,1-BUZO-M-ORIGH-GREN-XL-PARK,"DUNE ORIGHOOD (Green, XL, Parka)",DUNE ORIGHOOD,"Green, XL, Parka",GREN,XL
2000000028224,1-CAMP-M-0ODEN-NAVY-L-BRIG,"DUNE ODEN (Navy, L, Briganti)",DUNE ODEN,"Navy, L, Briganti",NAVY,L
2000000028316,1-CAMP-M-0ODEN-NAVY-S-AIRB,"DUNE ODEN (Navy, S, Airborn)",DUNE ODEN,"Navy, S, Airborn",NAVY,S
2000000028279,1-CAMP-M-0ODEN-NAVY-M-BRIG,"DUNE ODEN (Navy, M, Briganti)",DUNE ODEN,"Navy, M, Briganti",NAVY,M
2000000027722,1-CAMP-M-0ODEN-BEIG-L-BRIG,"DUNE ODEN (Beige, L, Briganti)",DUNE ODEN,"Beige, L, Briganti",BEIG,L
2000000027760,1-CAMP-M-0ODEN-BEIG-M-AIRB,"DUNE ODEN (Beige, M, Airborn)",DUNE ODEN,"Beige, M, Airborn",BEIG,M
2000000028170,1-CAMP-M-0ODEN-BLCK-XXL-BRIG,"DUNE ODEN (BLACK, XXL, Briganti)",DUNE ODEN,"BLACK, XXL, Briganti",BLCK,XXL
2000000008080,1-BUZO-M-ORIGC-BLCK-XL-NOBR,"DUNE ORIGCREW (XL, nobrand)",DUNE ORIGCREW,"XL, nobrand",BLCK,XL
2000000008042,1-BUZO-M-ORIGC-BLCK-M-NOBR,"DUNE ORIGCREW (M, nobrand)",DUNE ORIGCREW,"M, nobrand",BLCK,M
2000000008400,1-BUZO-M-ORIGH-GREY-XXL-NOBR,"DUNE ORIGHOOD (grey, XXL, nobrand)",DUNE ORIGHOOD,"grey, XXL, nobrand",GREY,XXL
2000000008363,1-BUZO-M-ORIGH-GREY-S-NOBR,"DUNE ORIGHOOD (grey, S, nobrand)",DUNE ORIGHOOD,"grey, S, nobrand",GREY,S
2000000008325,1-BUZO-M-ORIGH-GREY-L-NOBR,"DUNE ORIGHOOD (grey, L, nobrand)",DUNE ORIGHOOD,"grey, L, nobrand",GREY,L
2000000008288,1-BUZO-M-ORIGH-GREN-XL-NOBR,"DUNE ORIGHOOD (Green, XL, nobrand)",DUNE ORIGHOOD,"Green, XL, nobrand",GREN,XL
2000000028231,1-CAMP-M-0ODEN-NAVY-L-CENI,"DUNE ODEN (Navy, L, Cenidor)",DUNE ODEN,"Navy, L, Cenidor",NAVY,L
2000000027791,1-CAMP-M-0ODEN-BEIG-M-NOBR,"DUNE ODEN (Beige, M, nobrand)",DUNE ODEN,"Beige, M, nobrand",BEIG,M
2000000028286,1-CAMP-M-0ODEN-NAVY-M-CENI,"DUNE ODEN (Navy, M, Cenidor)",DUNE ODEN,"Navy, M, Cenidor",NAVY,M
2000000027739,1-CAMP-M-0ODEN-BEIG-L-CENI,"DUNE ODEN (Beige, L, Cenidor)",DUNE ODEN,"Beige, L, Cenidor",BEIG,L
2000000028149,1-CAMP-M-0ODEN-BLCK-XL-NOBR,"DUNE ODEN (BLACK, XL, nobrand)",DUNE ODEN,"BLACK, XL, nobrand",BLCK,XL
2000000008110,1-BUZO-M-ORIGC-BLCK-XXL-PARK,"DUNE ORIGCREW (XXL, Parka)",DUNE ORIGCREW,"XXL, Parka",BLCK,XXL
2000000008073,1-BUZO-M-ORIGC-BLCK-S-PARK,"DUNE ORIGCREW (S, Parka)",DUNE ORIGCREW,"S, Parka",BLCK,S
2000000008035,1-BUZO-M-ORIGC-BLCK-L-PARK,"DUNE ORIGCREW (L, Parka)",DUNE ORIGCREW,"L, Parka",BLCK,L
2000000008394,1-BUZO-M-ORIGH-GREY-XL-PARK,"DUNE ORIGHOOD (grey, XL, Parka)",DUNE ORIGHOOD,"grey, XL, Parka",GREY,XL
2000000008356,1-BUZO-M-ORIGH-GREY-M-PARK,"DUNE ORIGHOOD (grey, M, Parka)",DUNE ORIGHOOD,"grey, M, Parka",GREY,M
2000000008318,1-BUZO-M-ORIGH-GREN-XXL-PARK,"DUNE ORIGHOOD (Green, XXL, Parka)",DUNE ORIGHOOD,"Green, XXL, Parka",GREN,XXL
2000000008271,1-BUZO-M-ORIGH-GREN-S-PARK,"DUNE ORIGHOOD (Green, S, Parka)",DUNE ORIGHOOD,"Green, S, Parka",GREN,S
2000000008264,1-BUZO-M-ORIGH-GREN-S-NOBR,"DUNE ORIGHOOD (Green, S, nobrand)",DUNE ORIGHOOD,"Green, S, nobrand",GREN,S
2000000008226,1-BUZO-M-ORIGH-GREN-L-NOBR,"DUNE ORIGHOOD (Green, L, nobrand)",DUNE ORIGHOOD,"Green, L, nobrand",GREN,L
2000000008172,1-BUZO-M-ORIGH-BLCK-S-PARK,"DUNE ORIGHOOD (BLACK, S, Parka)",DUNE ORIGHOOD,"BLACK, S, Parka",BLCK,S
2000000008134,1-BUZO-M-ORIGH-BLCK-L-PARK,"DUNE ORIGHOOD (BLACK, L, Parka)",DUNE ORIGHOOD,"BLACK, L, Parka",BLCK,L
2000000043388,1-REME-M-OVERF-OLIV-S-NOBR,"DUNE OVEFITNO (Olive, S, nobrand)",DUNE OVEFITNO,"Olive, S, nobrand",OLIV,S
2000000043289,1-REME-M-OVERF-BLCK-S-NOBR,"DUNE OVEFITNO (BLACK, S, nobrand)",DUNE OVEFITNO,"BLACK, S, nobrand",BLCK,S
2000000043241,1-REME-M-OVERF-BLCK-L-NOBR,"DUNE OVEFITNO (BLACK, L, nobrand)",DUNE OVEFITNO,"BLACK, L, nobrand",BLCK,L
2000000043371,1-REME-M-OVERF-OLIV-S-CENI,"DUNE OVEFITNO (Olive, S, Cenidor)",DUNE OVEFITNO,"Olive, S, Cenidor",OLIV,S
2000000043425,1-REME-M-OVERF-OLIV-XXL-NOBR,"DUNE OVEFITNO (Olive, XXL, nobrand)",DUNE OVEFITNO,"Olive, XXL, nobrand",OLIV,XXL
2000000029894,1-CAMP-M-PUFSH-GREN-L-PARK,"DUNE PUFFERSH (Green, L, Parka)",DUNE PUFFERSH,"Green, L, Parka",GREN,L
2000000029931,1-CAMP-M-PUFSH-GREN-M-PARK,"DUNE PUFFERSH (Green, M, Parka)",DUNE PUFFERSH,"Green, M, Parka",GREN,M
2000000029665,1-CAMP-M-PUFSH-BLCK-L-BRIG,"DUNE PUFFERSH (BLACK, L, Briganti)",DUNE PUFFERSH,"BLACK, L, Briganti",BLCK,L
2000000008257,1-BUZO-M-ORIGH-GREN-M-PARK,"DUNE ORIGHOOD (Green, M, Parka)",DUNE ORIGHOOD,"Green, M, Parka",GREN,M
2000000008219,1-BUZO-M-ORIGH-BLCK-XXL-PARK,"DUNE ORIGHOOD (BLACK, XXL, Parka)",DUNE ORIGHOOD,"BLACK, XXL, Parka",BLCK,XXL
2000000008165,1-BUZO-M-ORIGH-BLCK-S-NOBR,"DUNE ORIGHOOD (BLACK, S, nobrand)",DUNE ORIGHOOD,"BLACK, S, nobrand",BLCK,S
2000000008127,1-BUZO-M-ORIGH-BLCK-L-NOBR,"DUNE ORIGHOOD (BLACK, L, nobrand)",DUNE ORIGHOOD,"BLACK, L, nobrand",BLCK,L
2000000043319,1-REME-M-OVERF-BLCK-XXL-CENI,"DUNE OVEFITNO (BLACK, XXL, Cenidor)",DUNE OVEFITNO,"BLACK, XXL, Cenidor",BLCK,XXL
2000000043272,1-REME-M-OVERF-BLCK-S-CENI,"DUNE OVEFITNO (BLACK, S, Cenidor)",DUNE OVEFITNO,"BLACK, S, Cenidor",BLCK,S
2000000043234,1-REME-M-OVERF-BLCK-L-CENI,"DUNE OVEFITNO (BLACK, L, Cenidor)",DUNE OVEFITNO,"BLACK, L, Cenidor",BLCK,L
2000000043364,1-REME-M-OVERF-OLIV-M-NOBR,"DUNE OVEFITNO (Olive, M, nobrand)",DUNE OVEFITNO,"Olive, M, nobrand",OLIV,M
2000000043333,1-REME-M-OVERF-OLIV-L-CENI,"DUNE OVEFITNO (Olive, L, Cenidor)",DUNE OVEFITNO,"Olive, L, Cenidor",OLIV,L
2000000029900,1-CAMP-M-PUFSH-GREN-M-BRIG,"DUNE PUFFERSH (Green, M, Briganti)",DUNE PUFFERSH,"Green, M, Briganti",GREN,M
2000000029948,1-CAMP-M-PUFSH-GREN-S-BRIG,"DUNE PUFFERSH (Green, S, Briganti)",DUNE PUFFERSH,"Green, S, Briganti",GREN,S
2000000029658,1-CAMP-M-PUFSH-BEIG-XXL-PARK,"DUNE PUFFERSH (Beige, XXL, Parka)",DUNE PUFFERSH,"Beige, XXL, Parka",BEIG,XXL
2000000008240,1-BUZO-M-ORIGH-GREN-M-NOBR,"DUNE ORIGHOOD (Green, M, nobrand)",DUNE ORIGHOOD,"Green, M, nobrand",GREN,M
2000000008202,1-BUZO-M-ORIGH-BLCK-XXL-NOBR,"DUNE ORIGHOOD (BLACK, XXL, nobrand)",DUNE ORIGHOOD,"BLACK, XXL, nobrand",BLCK,XXL
2000000008158,1-BUZO-M-ORIGH-BLCK-M-PARK,"DUNE ORIGHOOD (BLACK, M, Parka)",DUNE ORIGHOOD,"BLACK, M, Parka",BLCK,M
2000000008189,1-BUZO-M-ORIGH-BLCK-XL-NOBR,"DUNE ORIGHOOD (BLACK, XL, nobrand)",DUNE ORIGHOOD,"BLACK, XL, nobrand",BLCK,XL
2000000043302,1-REME-M-OVERF-BLCK-XL-NOBR,"DUNE OVEFITNO (BLACK, XL, nobrand)",DUNE OVEFITNO,"BLACK, XL, nobrand",BLCK,XL
2000000043265,1-REME-M-OVERF-BLCK-M-NOBR,"DUNE OVEFITNO (BLACK, M, nobrand)",DUNE OVEFITNO,"BLACK, M, nobrand",BLCK,M
2000000043401,1-REME-M-OVERF-OLIV-XL-NOBR,"DUNE OVEFITNO (Olive, XL, nobrand)",DUNE OVEFITNO,"Olive, XL, nobrand",OLIV,XL
2000000043357,1-REME-M-OVERF-OLIV-M-CENI,"DUNE OVEFITNO (Olive, M, Cenidor)",DUNE OVEFITNO,"Olive, M, Cenidor",OLIV,M
2000000043395,1-REME-M-OVERF-OLIV-XL-CENI,"DUNE OVEFITNO (Olive, XL, Cenidor)",DUNE OVEFITNO,"Olive, XL, Cenidor",OLIV,XL
2000000029917,1-CAMP-M-PUFSH-GREN-M-BUDA,"DUNE PUFFERSH (Green, M, Budapestt)",DUNE PUFFERSH,"Green, M, Budapestt",GREN,M
2000000029689,1-CAMP-M-PUFSH-BLCK-L-NOBR,"DUNE PUFFERSH (BLACK, L, nobrand)",DUNE PUFFERSH,"BLACK, L, nobrand",BLCK,L
2000000029641,1-CAMP-M-PUFSH-BEIG-XXL-NOBR,"DUNE PUFFERSH (Beige, XXL, nobrand)",DUNE PUFFERSH,"Beige, XXL, nobrand",BEIG,XXL
2000000008233,1-BUZO-M-ORIGH-GREN-L-PARK,"DUNE ORIGHOOD (Green, L, Parka)",DUNE ORIGHOOD,"Green, L, Parka",GREN,L
2000000008196,1-BUZO-M-ORIGH-BLCK-XL-PARK,"DUNE ORIGHOOD (BLACK, XL, Parka)",DUNE ORIGHOOD,"BLACK, XL, Parka",BLCK,XL
2000000008141,1-BUZO-M-ORIGH-BLCK-M-NOBR,"DUNE ORIGHOOD (BLACK, M, nobrand)",DUNE ORIGHOOD,"BLACK, M, nobrand",BLCK,M
2000000043326,1-REME-M-OVERF-BLCK-XXL-NOBR,"DUNE OVEFITNO (BLACK, XXL, nobrand)",DUNE OVEFITNO,"BLACK, XXL, nobrand",BLCK,XXL
2000000043296,1-REME-M-OVERF-BLCK-XL-CENI,"DUNE OVEFITNO (BLACK, XL, Cenidor)",DUNE OVEFITNO,"BLACK, XL, Cenidor",BLCK,XL
2000000043258,1-REME-M-OVERF-BLCK-M-CENI,"DUNE OVEFITNO (BLACK, M, Cenidor)",DUNE OVEFITNO,"BLACK, M, Cenidor",BLCK,M
2000000043418,1-REME-M-OVERF-OLIV-XXL-CENI,"DUNE OVEFITNO (Olive, XXL, Cenidor)",DUNE OVEFITNO,"Olive, XXL, Cenidor",OLIV,XXL
2000000043340,1-REME-M-OVERF-OLIV-L-NOBR,"DUNE OVEFITNO (Olive, L, nobrand)",DUNE OVEFITNO,"Olive, L, nobrand",OLIV,L
2000000029887,1-CAMP-M-PUFSH-GREN-L-NOBR,"DUNE PUFFERSH (Green, L, nobrand)",DUNE PUFFERSH,"Green, L, nobrand",GREN,L
2000000029924,1-CAMP-M-PUFSH-GREN-M-NOBR,"DUNE PUFFERSH (Green, M, nobrand)",DUNE PUFFERSH,"Green, M, nobrand",GREN,M
2000000029672,1-CAMP-M-PUFSH-BLCK-L-BUDA,"DUNE PUFFERSH (BLACK, L, Budapestt)",DUNE PUFFERSH,"BLACK, L, Budapestt",BLCK,L
2000000029634,1-CAMP-M-PUFSH-BEIG-XXL-BUDA,"DUNE PUFFERSH (Beige, XXL, Budapestt)",DUNE PUFFERSH,"Beige, XXL, Budapestt",BEIG,XXL
2000000029627,1-CAMP-M-PUFSH-BEIG-XXL-BRIG,"DUNE PUFFERSH (Beige, XXL, Briganti)",DUNE PUFFERSH,"Beige, XXL, Briganti",BEIG,XXL
2000000029580,1-CAMP-M-PUFSH-BEIG-XL-BRIG,"DUNE PUFFERSH (Beige, XL, Briganti)",DUNE PUFFERSH,"Beige, XL, Briganti",BEIG,XL
2000000029542,1-CAMP-M-PUFSH-BEIG-S-BRIG,"DUNE PUFFERSH (Beige, S, Briganti)",DUNE PUFFERSH,"Beige, S, Briganti",BEIG,S
2000000029504,1-CAMP-M-PUFSH-BEIG-M-BRIG,"DUNE PUFFERSH (Beige, M, Briganti)",DUNE PUFFERSH,"Beige, M, Briganti",BEIG,M
2000000029467,1-CAMP-M-PUFSH-BEIG-L-BRIG,"DUNE PUFFERSH (Beige, L, Briganti)",DUNE PUFFERSH,"Beige, L, Briganti",BEIG,L
2000000029726,1-CAMP-M-PUFSH-BLCK-M-NOBR,"DUNE PUFFERSH (BLACK, M, nobrand)",DUNE PUFFERSH,"BLACK, M, nobrand",BLCK,M
2000000029764,1-CAMP-M-PUFSH-BLCK-S-NOBR,"DUNE PUFFERSH (BLACK, S, nobrand)",DUNE PUFFERSH,"BLACK, S, nobrand",BLCK,S
2000000029801,1-CAMP-M-PUFSH-BLCK-XL-NOBR,"DUNE PUFFERSH (BLACK, XL, nobrand)",DUNE PUFFERSH,"BLACK, XL, nobrand",BLCK,XL
2000000029849,1-CAMP-M-PUFSH-BLCK-XXL-NOBR,"DUNE PUFFERSH (BLACK, XXL, nobrand)",DUNE PUFFERSH,"BLACK, XXL, nobrand",BLCK,XXL
2000000029870,1-CAMP-M-PUFSH-GREN-L-BUDA,"DUNE PUFFERSH (Green, L, Budapestt)",DUNE PUFFERSH,"Green, L, Budapestt",GREN,L
2000000029955,1-CAMP-M-PUFSH-GREN-S-BUDA,"DUNE PUFFERSH (Green, S, Budapestt)",DUNE PUFFERSH,"Green, S, Budapestt",GREN,S
2000000029993,1-CAMP-M-PUFSH-GREN-XL-BUDA,"DUNE PUFFERSH (Green, XL, Budapestt)",DUNE PUFFERSH,"Green, XL, Budapestt",GREN,XL
2000000029610,1-CAMP-M-PUFSH-BEIG-XL-PARK,"DUNE PUFFERSH (Beige, XL, Parka)",DUNE PUFFERSH,"Beige, XL, Parka",BEIG,XL
2000000029573,1-CAMP-M-PUFSH-BEIG-S-PARK,"DUNE PUFFERSH (Beige, S, Parka)",DUNE PUFFERSH,"Beige, S, Parka",BEIG,S
2000000029535,1-CAMP-M-PUFSH-BEIG-M-PARK,"DUNE PUFFERSH (Beige, M, Parka)",DUNE PUFFERSH,"Beige, M, Parka",BEIG,M
2000000029498,1-CAMP-M-PUFSH-BEIG-L-PARK,"DUNE PUFFERSH (Beige, L, Parka)",DUNE PUFFERSH,"Beige, L, Parka",BEIG,L
2000000029696,1-CAMP-M-PUFSH-BLCK-L-PARK,"DUNE PUFFERSH (BLACK, L, Parka)",DUNE PUFFERSH,"BLACK, L, Parka",BLCK,L
2000000029733,1-CAMP-M-PUFSH-BLCK-M-PARK,"DUNE PUFFERSH (BLACK, M, Parka)",DUNE PUFFERSH,"BLACK, M, Parka",BLCK,M
2000000029771,1-CAMP-M-PUFSH-BLCK-S-PARK,"DUNE PUFFERSH (BLACK, S, Parka)",DUNE PUFFERSH,"BLACK, S, Parka",BLCK,S
2000000029818,1-CAMP-M-PUFSH-BLCK-XL-PARK,"DUNE PUFFERSH (BLACK, XL, Parka)",DUNE PUFFERSH,"BLACK, XL, Parka",BLCK,XL
2000000030050,1-CAMP-M-PUFSH-GREN-XXL-PARK,"DUNE PUFFERSH (Green, XXL, Parka)",DUNE PUFFERSH,"Green, XXL, Parka",GREN,XXL
2000000030043,1-CAMP-M-PUFSH-GREN-XXL-NOBR,"DUNE PUFFERSH (Green, XXL, nobrand)",DUNE PUFFERSH,"Green, XXL, nobrand",GREN,XXL
2000000029962,1-CAMP-M-PUFSH-GREN-S-NOBR,"DUNE PUFFERSH (Green, S, nobrand)",DUNE PUFFERSH,"Green, S, nobrand",GREN,S
2000000030005,1-CAMP-M-PUFSH-GREN-XL-NOBR,"DUNE PUFFERSH (Green, XL, nobrand)",DUNE PUFFERSH,"Green, XL, nobrand",GREN,XL
2000000029603,1-CAMP-M-PUFSH-BEIG-XL-NOBR,"DUNE PUFFERSH (Beige, XL, nobrand)",DUNE PUFFERSH,"Beige, XL, nobrand",BEIG,XL
2000000029566,1-CAMP-M-PUFSH-BEIG-S-NOBR,"DUNE PUFFERSH (Beige, S, nobrand)",DUNE PUFFERSH,"Beige, S, nobrand",BEIG,S
2000000029528,1-CAMP-M-PUFSH-BEIG-M-NOBR,"DUNE PUFFERSH (Beige, M, nobrand)",DUNE PUFFERSH,"Beige, M, nobrand",BEIG,M
2000000029481,1-CAMP-M-PUFSH-BEIG-L-NOBR,"DUNE PUFFERSH (Beige, L, nobrand)",DUNE PUFFERSH,"Beige, L, nobrand",BEIG,L
2000000029702,1-CAMP-M-PUFSH-BLCK-M-BRIG,"DUNE PUFFERSH (BLACK, M, Briganti)",DUNE PUFFERSH,"BLACK, M, Briganti",BLCK,M
2000000029740,1-CAMP-M-PUFSH-BLCK-S-BRIG,"DUNE PUFFERSH (BLACK, S, Briganti)",DUNE PUFFERSH,"BLACK, S, Briganti",BLCK,S
2000000029788,1-CAMP-M-PUFSH-BLCK-XL-BRIG,"DUNE PUFFERSH (BLACK, XL, Briganti)",DUNE PUFFERSH,"BLACK, XL, Briganti",BLCK,XL
2000000029825,1-CAMP-M-PUFSH-BLCK-XXL-BRIG,"DUNE PUFFERSH (BLACK, XXL, Briganti)",DUNE PUFFERSH,"BLACK, XXL, Briganti",BLCK,XXL
2000000029856,1-CAMP-M-PUFSH-BLCK-XXL-PARK,"DUNE PUFFERSH (BLACK, XXL, Parka)",DUNE PUFFERSH,"BLACK, XXL, Parka",BLCK,XXL
2000000030036,1-CAMP-M-PUFSH-GREN-XXL-BUDA,"DUNE PUFFERSH (Green, XXL, Budapestt)",DUNE PUFFERSH,"Green, XXL, Budapestt",GREN,XXL
2000000029979,1-CAMP-M-PUFSH-GREN-S-PARK,"DUNE PUFFERSH (Green, S, Parka)",DUNE PUFFERSH,"Green, S, Parka",GREN,S
2000000030012,1-CAMP-M-PUFSH-GREN-XL-PARK,"DUNE PUFFERSH (Green, XL, Parka)",DUNE PUFFERSH,"Green, XL, Parka",GREN,XL
2000000029597,1-CAMP-M-PUFSH-BEIG-XL-BUDA,"DUNE PUFFERSH (Beige, XL, Budapestt)",DUNE PUFFERSH,"Beige, XL, Budapestt",BEIG,XL
2000000029559,1-CAMP-M-PUFSH-BEIG-S-BUDA,"DUNE PUFFERSH (Beige, S, Budapestt)",DUNE PUFFERSH,"Beige, S, Budapestt",BEIG,S
2000000029511,1-CAMP-M-PUFSH-BEIG-M-BUDA,"DUNE PUFFERSH (Beige, M, Budapestt)",DUNE PUFFERSH,"Beige, M, Budapestt",BEIG,M
2000000029474,1-CAMP-M-PUFSH-BEIG-L-BUDA,"DUNE PUFFERSH (Beige, L, Budapestt)",DUNE PUFFERSH,"Beige, L, Budapestt",BEIG,L
2000000029719,1-CAMP-M-PUFSH-BLCK-M-BUDA,"DUNE PUFFERSH (BLACK, M, Budapestt)",DUNE PUFFERSH,"BLACK, M, Budapestt",BLCK,M
2000000029757,1-CAMP-M-PUFSH-BLCK-S-BUDA,"DUNE PUFFERSH (BLACK, S, Budapestt)",DUNE PUFFERSH,"BLACK, S, Budapestt",BLCK,S
2000000029795,1-CAMP-M-PUFSH-BLCK-XL-BUDA,"DUNE PUFFERSH (BLACK, XL, Budapestt)",DUNE PUFFERSH,"BLACK, XL, Budapestt",BLCK,XL
2000000029832,1-CAMP-M-PUFSH-BLCK-XXL-BUDA,"DUNE PUFFERSH (BLACK, XXL, Budapestt)",DUNE PUFFERSH,"BLACK, XXL, Budapestt",BLCK,XXL
2000000029863,1-CAMP-M-PUFSH-GREN-L-BRIG,"DUNE PUFFERSH (Green, L, Briganti)",DUNE PUFFERSH,"Green, L, Briganti",GREN,L
2000000030029,1-CAMP-M-PUFSH-GREN-XXL-BRIG,"DUNE PUFFERSH (Green, XXL, Briganti)",DUNE PUFFERSH,"Green, XXL, Briganti",GREN,XXL
2000000029986,1-CAMP-M-PUFSH-GREN-XL-BRIG,"DUNE PUFFERSH (Green, XL, Briganti)",DUNE PUFFERSH,"Green, XL, Briganti",GREN,XL
2000000008424,1-BUZO-M-PULOV-BLCK-L-NOBR,DUNE PULOVHOO (L),DUNE PULOVHOO,L,BLCK,L
2000000008448,1-BUZO-M-PULOV-BLCK-S-NOBR,DUNE PULOVHOO (S),DUNE PULOVHOO,S,BLCK,S
2000000043432,1-REME-M-RENOR-BLCK-L-BRIG,"DUNE REFITNOR (BLACK, L, Briganti)",DUNE REFITNOR,"BLACK, L, Briganti",BLCK,L
2000000043470,1-REME-M-RENOR-BLCK-M-BRIG,"DUNE REFITNOR (BLACK, M, Briganti)",DUNE REFITNOR,"BLACK, M, Briganti",BLCK,M
2000000043524,1-REME-M-RENOR-BLCK-S-CENI,"DUNE REFITNOR (BLACK, S, Cenidor)",DUNE REFITNOR,"BLACK, S, Cenidor",BLCK,S
2000000043562,1-REME-M-RENOR-BLCK-XL-CENI,"DUNE REFITNOR (BLACK, XL, Cenidor)",DUNE REFITNOR,"BLACK, XL, Cenidor",BLCK,XL
2000000043609,1-REME-M-RENOR-BLCK-XXL-CENI,"DUNE REFITNOR (BLACK, XXL, Cenidor)",DUNE REFITNOR,"BLACK, XXL, Cenidor",BLCK,XXL
2000000043647,1-REME-M-RENOR-OLIV-L-CENI,"DUNE REFITNOR (Olive, L, Cenidor)",DUNE REFITNOR,"Olive, L, Cenidor",OLIV,L
2000000043685,1-REME-M-RENOR-OLIV-M-CENI,"DUNE REFITNOR (Olive, M, Cenidor)",DUNE REFITNOR,"Olive, M, Cenidor",OLIV,M
2000000043722,1-REME-M-RENOR-OLIV-S-CENI,"DUNE REFITNOR (Olive, S, Cenidor)",DUNE REFITNOR,"Olive, S, Cenidor",OLIV,S
2000000043760,1-REME-M-RENOR-OLIV-XL-CENI,"DUNE REFITNOR (Olive, XL, Cenidor)",DUNE REFITNOR,"Olive, XL, Cenidor",OLIV,XL
2000000043807,1-REME-M-RENOR-OLIV-XXL-CENI,"DUNE REFITNOR (Olive, XXL, Cenidor)",DUNE REFITNOR,"Olive, XXL, Cenidor",OLIV,XXL
2000000043944,1-REME-M-RESOL-BLCK-XL-PARK,"DUNE REFITSOL (BLACK, XL, Parka)",DUNE REFITSOL,"BLACK, XL, Parka",BLCK,XL
2000000008455,1-BUZO-M-PULOV-BLCK-XL-NOBR,DUNE PULOVHOO (XL),DUNE PULOVHOO,XL,BLCK,XL
2000000043449,1-REME-M-RENOR-BLCK-L-CENI,"DUNE REFITNOR (BLACK, L, Cenidor)",DUNE REFITNOR,"BLACK, L, Cenidor",BLCK,L
2000000043487,1-REME-M-RENOR-BLCK-M-CENI,"DUNE REFITNOR (BLACK, M, Cenidor)",DUNE REFITNOR,"BLACK, M, Cenidor",BLCK,M
2000000043531,1-REME-M-RENOR-BLCK-S-NOBR,"DUNE REFITNOR (BLACK, S, nobrand)",DUNE REFITNOR,"BLACK, S, nobrand",BLCK,S
2000000043579,1-REME-M-RENOR-BLCK-XL-NOBR,"DUNE REFITNOR (BLACK, XL, nobrand)",DUNE REFITNOR,"BLACK, XL, nobrand",BLCK,XL
2000000043616,1-REME-M-RENOR-BLCK-XXL-NOBR,"DUNE REFITNOR (BLACK, XXL, nobrand)",DUNE REFITNOR,"BLACK, XXL, nobrand",BLCK,XXL
2000000043654,1-REME-M-RENOR-OLIV-L-NOBR,"DUNE REFITNOR (Olive, L, nobrand)",DUNE REFITNOR,"Olive, L, nobrand",OLIV,L
2000000043692,1-REME-M-RENOR-OLIV-M-NOBR,"DUNE REFITNOR (Olive, M, nobrand)",DUNE REFITNOR,"Olive, M, nobrand",OLIV,M
2000000043739,1-REME-M-RENOR-OLIV-S-NOBR,"DUNE REFITNOR (Olive, S, nobrand)",DUNE REFITNOR,"Olive, S, nobrand",OLIV,S
2000000043777,1-REME-M-RENOR-OLIV-XL-NOBR,"DUNE REFITNOR (Olive, XL, nobrand)",DUNE REFITNOR,"Olive, XL, nobrand",OLIV,XL
2000000043814,1-REME-M-RENOR-OLIV-XXL-NOBR,"DUNE REFITNOR (Olive, XXL, nobrand)",DUNE REFITNOR,"Olive, XXL, nobrand",OLIV,XXL
2000000043951,1-REME-M-RESOL-BLCK-XXL-BRIG,"DUNE REFITSOL (BLACK, XXL, Briganti)",DUNE REFITSOL,"BLACK, XXL, Briganti",BLCK,XXL
2000000008462,1-BUZO-M-PULOV-BLCK-XXL-NOBR,DUNE PULOVHOO (XXL),DUNE PULOVHOO,XXL,BLCK,XXL
2000000043456,1-REME-M-RENOR-BLCK-L-NOBR,"DUNE REFITNOR (BLACK, L, nobrand)",DUNE REFITNOR,"BLACK, L, nobrand",BLCK,L
2000000043500,1-REME-M-RENOR-BLCK-M-PARK,"DUNE REFITNOR (BLACK, M, Parka)",DUNE REFITNOR,"BLACK, M, Parka",BLCK,M
2000000043548,1-REME-M-RENOR-BLCK-S-PARK,"DUNE REFITNOR (BLACK, S, Parka)",DUNE REFITNOR,"BLACK, S, Parka",BLCK,S
2000000043586,1-REME-M-RENOR-BLCK-XL-PARK,"DUNE REFITNOR (BLACK, XL, Parka)",DUNE REFITNOR,"BLACK, XL, Parka",BLCK,XL
2000000043623,1-REME-M-RENOR-BLCK-XXL-PARK,"DUNE REFITNOR (BLACK, XXL, Parka)",DUNE REFITNOR,"BLACK, XXL, Parka",BLCK,XXL
2000000043661,1-REME-M-RENOR-OLIV-L-PARK,"DUNE REFITNOR (Olive, L, Parka)",DUNE REFITNOR,"Olive, L, Parka",OLIV,L
2000000043708,1-REME-M-RENOR-OLIV-M-PARK,"DUNE REFITNOR (Olive, M, Parka)",DUNE REFITNOR,"Olive, M, Parka",OLIV,M
2000000043746,1-REME-M-RENOR-OLIV-S-PARK,"DUNE REFITNOR (Olive, S, Parka)",DUNE REFITNOR,"Olive, S, Parka",OLIV,S
2000000043784,1-REME-M-RENOR-OLIV-XL-PARK,"DUNE REFITNOR (Olive, XL, Parka)",DUNE REFITNOR,"Olive, XL, Parka",OLIV,XL
2000000043821,1-REME-M-RENOR-OLIV-XXL-PARK,"DUNE REFITNOR (Olive, XXL, Parka)",DUNE REFITNOR,"Olive, XXL, Parka",OLIV,XXL
2000000043968,1-REME-M-RESOL-BLCK-XXL-NOBR,"DUNE REFITSOL (BLACK, XXL, nobrand)",DUNE REFITSOL,"BLACK, XXL, nobrand",BLCK,XXL
2000000008431,1-BUZO-M-PULOV-BLCK-M-NOBR,DUNE PULOVHOO (M),DUNE PULOVHOO,M,BLCK,M
2000000043463,1-REME-M-RENOR-BLCK-L-PARK,"DUNE REFITNOR (BLACK, L, Parka)",DUNE REFITNOR,"BLACK, L, Parka",BLCK,L
2000000043517,1-REME-M-RENOR-BLCK-S-BRIG,"DUNE REFITNOR (BLACK, S, Briganti)",DUNE REFITNOR,"BLACK, S, Briganti",BLCK,S
2000000043555,1-REME-M-RENOR-BLCK-XL-BRIG,"DUNE REFITNOR (BLACK, XL, Briganti)",DUNE REFITNOR,"BLACK, XL, Briganti",BLCK,XL
2000000043593,1-REME-M-RENOR-BLCK-XXL-BRIG,"DUNE REFITNOR (BLACK, XXL, Briganti)",DUNE REFITNOR,"BLACK, XXL, Briganti",BLCK,XXL
2000000043630,1-REME-M-RENOR-OLIV-L-BRIG,"DUNE REFITNOR (Olive, L, Briganti)",DUNE REFITNOR,"Olive, L, Briganti",OLIV,L
2000000043678,1-REME-M-RENOR-OLIV-M-BRIG,"DUNE REFITNOR (Olive, M, Briganti)",DUNE REFITNOR,"Olive, M, Briganti",OLIV,M
2000000043715,1-REME-M-RENOR-OLIV-S-BRIG,"DUNE REFITNOR (Olive, S, Briganti)",DUNE REFITNOR,"Olive, S, Briganti",OLIV,S
2000000043753,1-REME-M-RENOR-OLIV-XL-BRIG,"DUNE REFITNOR (Olive, XL, Briganti)",DUNE REFITNOR,"Olive, XL, Briganti",OLIV,XL
2000000043791,1-REME-M-RENOR-OLIV-XXL-BRIG,"DUNE REFITNOR (Olive, XXL, Briganti)",DUNE REFITNOR,"Olive, XXL, Briganti",OLIV,XXL
2000000043494,1-REME-M-RENOR-BLCK-M-NOBR,"DUNE REFITNOR (BLACK, M, nobrand)",DUNE REFITNOR,"BLACK, M, nobrand",BLCK,M
2000000043975,1-REME-M-RESOL-BLCK-XXL-PARK,"DUNE REFITSOL (BLACK, XXL, Parka)",DUNE REFITSOL,"BLACK, XXL, Parka",BLCK,XXL
2000000043982,1-REME-M-RESOL-WHIT-L-BRIG,"DUNE REFITSOL (White, L, Briganti)",DUNE REFITSOL,"White, L, Briganti",WHIT,L
2000000044026,1-REME-M-RESOL-WHIT-M-NOBR,"DUNE REFITSOL (White, M, nobrand)",DUNE REFITSOL,"White, M, nobrand",WHIT,M
2000000044064,1-REME-M-RESOL-WHIT-S-PARK,"DUNE REFITSOL (White, S, Parka)",DUNE REFITSOL,"White, S, Parka",WHIT,S
2000000043876,1-REME-M-RESOL-BLCK-M-NOBR,"DUNE REFITSOL (BLACK, M, nobrand)",DUNE REFITSOL,"BLACK, M, nobrand",BLCK,M
2000000043845,1-REME-M-RESOL-BLCK-L-NOBR,"DUNE REFITSOL (BLACK, L, nobrand)",DUNE REFITSOL,"BLACK, L, nobrand",BLCK,L
2000000043883,1-REME-M-RESOL-BLCK-M-PARK,"DUNE REFITSOL (BLACK, M, Parka)",DUNE REFITSOL,"BLACK, M, Parka",BLCK,M
2000000043920,1-REME-M-RESOL-BLCK-XL-BRIG,"DUNE REFITSOL (BLACK, XL, Briganti)",DUNE REFITSOL,"BLACK, XL, Briganti",BLCK,XL
2000000030197,1-CAMP-M-SHERP-BLCK-XXL-NOBR,"DUNE SHERPAHO (XXL, nobrand)",DUNE SHERPAHO,"XXL, nobrand",BLCK,XXL
2000000030098,1-CAMP-M-SHERP-BLCK-M-BRIG,"DUNE SHERPAHO (M, Briganti)",DUNE SHERPAHO,"M, Briganti",BLCK,M
2000000030142,1-CAMP-M-SHERP-BLCK-S-PARK,"DUNE SHERPAHO (S, Parka)",DUNE SHERPAHO,"S, Parka",BLCK,S
2000000030166,1-CAMP-M-SHERP-BLCK-XL-NOBR,"DUNE SHERPAHO (XL, nobrand)",DUNE SHERPAHO,"XL, nobrand",BLCK,XL
2000000039107,1-CAMP-W-02079-BLCK-L-PARK,"DYNAMO 02079 (BLACK, L, Parka)",DYNAMO 02079,"BLACK, L, Parka",BLCK,L
2000000043999,1-REME-M-RESOL-WHIT-L-NOBR,"DUNE REFITSOL (White, L, nobrand)",DUNE REFITSOL,"White, L, nobrand",WHIT,L
2000000044033,1-REME-M-RESOL-WHIT-M-PARK,"DUNE REFITSOL (White, M, Parka)",DUNE REFITSOL,"White, M, Parka",WHIT,M
2000000044071,1-REME-M-RESOL-WHIT-XL-BRIG,"DUNE REFITSOL (White, XL, Briganti)",DUNE REFITSOL,"White, XL, Briganti",WHIT,XL
2000000044118,1-REME-M-RESOL-WHIT-XXL-NOBR,"DUNE REFITSOL (White, XXL, nobrand)",DUNE REFITSOL,"White, XXL, nobrand",WHIT,XXL
2000000043852,1-REME-M-RESOL-BLCK-L-PARK,"DUNE REFITSOL (BLACK, L, Parka)",DUNE REFITSOL,"BLACK, L, Parka",BLCK,L
2000000043890,1-REME-M-RESOL-BLCK-S-BRIG,"DUNE REFITSOL (BLACK, S, Briganti)",DUNE REFITSOL,"BLACK, S, Briganti",BLCK,S
2000000043937,1-REME-M-RESOL-BLCK-XL-NOBR,"DUNE REFITSOL (BLACK, XL, nobrand)",DUNE REFITSOL,"BLACK, XL, nobrand",BLCK,XL
2000000030067,1-CAMP-M-SHERP-BLCK-L-BRIG,"DUNE SHERPAHO (L, Briganti)",DUNE SHERPAHO,"L, Briganti",BLCK,L
2000000030203,1-CAMP-M-SHERP-BLCK-XXL-PARK,"DUNE SHERPAHO (XXL, Parka)",DUNE SHERPAHO,"XXL, Parka",BLCK,XXL
2000000030135,1-CAMP-M-SHERP-BLCK-S-NOBR,"DUNE SHERPAHO (S, nobrand)",DUNE SHERPAHO,"S, nobrand",BLCK,S
2000000043012,1-PANT-M-STRIK-BLCK-VCP,DUNE STRIK (BLACK),DUNE STRIK,BLACK,,
2000000039114,1-CAMP-W-02079-BLCK-M-NOBR,"DYNAMO 02079 (BLACK, M, nobrand)",DYNAMO 02079,"BLACK, M, nobrand",BLCK,M
2000000044002,1-REME-M-RESOL-WHIT-L-PARK,"DUNE REFITSOL (White, L, Parka)",DUNE REFITSOL,"White, L, Parka",WHIT,L
2000000044040,1-REME-M-RESOL-WHIT-S-BRIG,"DUNE REFITSOL (White, S, Briganti)",DUNE REFITSOL,"White, S, Briganti",WHIT,S
2000000044088,1-REME-M-RESOL-WHIT-XL-NOBR,"DUNE REFITSOL (White, XL, nobrand)",DUNE REFITSOL,"White, XL, nobrand",WHIT,XL
2000000044125,1-REME-M-RESOL-WHIT-XXL-PARK,"DUNE REFITSOL (White, XXL, Parka)",DUNE REFITSOL,"White, XXL, Parka",WHIT,XXL
2000000043869,1-REME-M-RESOL-BLCK-M-BRIG,"DUNE REFITSOL (BLACK, M, Briganti)",DUNE REFITSOL,"BLACK, M, Briganti",BLCK,M
2000000043906,1-REME-M-RESOL-BLCK-S-NOBR,"DUNE REFITSOL (BLACK, S, nobrand)",DUNE REFITSOL,"BLACK, S, nobrand",BLCK,S
2000000030159,1-CAMP-M-SHERP-BLCK-XL-BRIG,"DUNE SHERPAHO (XL, Briganti)",DUNE SHERPAHO,"XL, Briganti",BLCK,XL
2000000030074,1-CAMP-M-SHERP-BLCK-L-NOBR,"DUNE SHERPAHO (L, nobrand)",DUNE SHERPAHO,"L, nobrand",BLCK,L
2000000030128,1-CAMP-M-SHERP-BLCK-S-BRIG,"DUNE SHERPAHO (S, Briganti)",DUNE SHERPAHO,"S, Briganti",BLCK,S
2000000030180,1-CAMP-M-SHERP-BLCK-XXL-BRIG,"DUNE SHERPAHO (XXL, Briganti)",DUNE SHERPAHO,"XXL, Briganti",BLCK,XXL
2000000043029,1-PANT-M-STRIK-MGRN-VCP,DUNE STRIK (Military green),DUNE STRIK,Military green,,
2000000039121,1-CAMP-W-02079-BLCK-M-PARK,"DYNAMO 02079 (BLACK, M, Parka)",DYNAMO 02079,"BLACK, M, Parka",BLCK,M
2000000044019,1-REME-M-RESOL-WHIT-M-BRIG,"DUNE REFITSOL (White, M, Briganti)",DUNE REFITSOL,"White, M, Briganti",WHIT,M
2000000044057,1-REME-M-RESOL-WHIT-S-NOBR,"DUNE REFITSOL (White, S, nobrand)",DUNE REFITSOL,"White, S, nobrand",WHIT,S
2000000044095,1-REME-M-RESOL-WHIT-XL-PARK,"DUNE REFITSOL (White, XL, Parka)",DUNE REFITSOL,"White, XL, Parka",WHIT,XL
2000000043838,1-REME-M-RESOL-BLCK-L-BRIG,"DUNE REFITSOL (BLACK, L, Briganti)",DUNE REFITSOL,"BLACK, L, Briganti",BLCK,L
2000000044101,1-REME-M-RESOL-WHIT-XXL-BRIG,"DUNE REFITSOL (White, XXL, Briganti)",DUNE REFITSOL,"White, XXL, Briganti",WHIT,XXL
2000000043913,1-REME-M-RESOL-BLCK-S-PARK,"DUNE REFITSOL (BLACK, S, Parka)",DUNE REFITSOL,"BLACK, S, Parka",BLCK,S
2000000030104,1-CAMP-M-SHERP-BLCK-M-NOBR,"DUNE SHERPAHO (M, nobrand)",DUNE SHERPAHO,"M, nobrand",BLCK,M
2000000030081,1-CAMP-M-SHERP-BLCK-L-PARK,"DUNE SHERPAHO (L, Parka)",DUNE SHERPAHO,"L, Parka",BLCK,L
2000000030111,1-CAMP-M-SHERP-BLCK-M-PARK,"DUNE SHERPAHO (M, Parka)",DUNE SHERPAHO,"M, Parka",BLCK,M
2000000030173,1-CAMP-M-SHERP-BLCK-XL-PARK,"DUNE SHERPAHO (XL, Parka)",DUNE SHERPAHO,"XL, Parka",BLCK,XL
2000000039091,1-CAMP-W-02079-BLCK-L-NOBR,"DYNAMO 02079 (BLACK, L, nobrand)",DYNAMO 02079,"BLACK, L, nobrand",BLCK,L
2000000039138,1-CAMP-W-02079-BLCK-S-NOBR,"DYNAMO 02079 (BLACK, S, nobrand)",DYNAMO 02079,"BLACK, S, nobrand",BLCK,S
2000000039145,1-CAMP-W-02079-BLCK-S-PARK,"DYNAMO 02079 (BLACK, S, Parka)",DYNAMO 02079,"BLACK, S, Parka",BLCK,S
2000000039183,1-CAMP-W-02079-OFWH-L-PARK,"DYNAMO 02079 (Off white, L, Parka)",DYNAMO 02079,"Off white, L, Parka",OFWH,L
2000000039237,1-CAMP-W-02079-OFWH-XL-NOBR,"DYNAMO 02079 (Off white, XL, nobrand)",DYNAMO 02079,"Off white, XL, nobrand",OFWH,XL
2000000036823,1-CAMP-W-02042-BLCK-L-PARK,"Darling 02042 (L, Parka)",Darling 02042,"L, Parka",BLCK,L
2000000036861,1-CAMP-W-02042-BLCK-S-PARK,"Darling 02042 (S, Parka)",Darling 02042,"S, Parka",BLCK,S
2000000005669,1-TRDB-M-DERBY-UNIC-L-NOBR,Derby DERBY (L),Derby DERBY,L,UNIC,L
2000000005720,1-TRDB-M-DINAS-UNIC-M-NOBR,Dinasty DINAS (M),Dinasty DINAS,M,UNIC,M
2000000005768,1-TRDB-M-DOCTO-UNIC-L-NOBR,Doctors Cave DOCTO (L),Doctors Cave DOCTO,L,UNIC,L
2000000005850,1-TRDB-M-DORTM-UNIC-XXL-NOBR,Dortmund DORTM (XXL),Dortmund DORTM,XXL,UNIC,XXL
2000000005836,1-TRDB-M-DORTM-UNIC-S-NOBR,Dortmund DORTM (S),Dortmund DORTM,S,UNIC,S
2000000005904,1-TRDB-M-DRAGO-UNIC-XXL-NOBR,Dragon Breath DRAGO (XXL),Dragon Breath DRAGO,XXL,UNIC,XXL
2000000039152,1-CAMP-W-02079-BLCK-XL-NOBR,"DYNAMO 02079 (BLACK, XL, nobrand)",DYNAMO 02079,"BLACK, XL, nobrand",BLCK,XL
2000000039190,1-CAMP-W-02079-OFWH-M-NOBR,"DYNAMO 02079 (Off white, M, nobrand)",DYNAMO 02079,"Off white, M, nobrand",OFWH,M
2000000039244,1-CAMP-W-02079-OFWH-XL-PARK,"DYNAMO 02079 (Off white, XL, Parka)",DYNAMO 02079,"Off white, XL, Parka",OFWH,XL
2000000036816,1-CAMP-W-02042-BLCK-L-NOBR,"Darling 02042 (L, nobrand)",Darling 02042,"L, nobrand",BLCK,L
2000000036854,1-CAMP-W-02042-BLCK-S-NOBR,"Darling 02042 (S, nobrand)",Darling 02042,"S, nobrand",BLCK,S
2000000005690,1-TRDB-M-DERBY-UNIC-XL-NOBR,Derby DERBY (XL),Derby DERBY,XL,UNIC,XL
2000000005713,1-TRDB-M-DINAS-UNIC-L-NOBR,Dinasty DINAS (L),Dinasty DINAS,L,UNIC,L
2000000005775,1-TRDB-M-DOCTO-UNIC-M-NOBR,Doctors Cave DOCTO (M),Doctors Cave DOCTO,M,UNIC,M
2000000005843,1-TRDB-M-DORTM-UNIC-XL-NOBR,Dortmund DORTM (XL),Dortmund DORTM,XL,UNIC,XL
2000000005874,1-TRDB-M-DRAGO-UNIC-M-NOBR,Dragon Breath DRAGO (M),Dragon Breath DRAGO,M,UNIC,M
2000000005881,1-TRDB-M-DRAGO-UNIC-S-NOBR,Dragon Breath DRAGO (S),Dragon Breath DRAGO,S,UNIC,S
2000000039169,1-CAMP-W-02079-BLCK-XL-PARK,"DYNAMO 02079 (BLACK, XL, Parka)",DYNAMO 02079,"BLACK, XL, Parka",BLCK,XL
2000000039213,1-CAMP-W-02079-OFWH-S-NOBR,"DYNAMO 02079 (Off white, S, nobrand)",DYNAMO 02079,"Off white, S, nobrand",OFWH,S
2000000039206,1-CAMP-W-02079-OFWH-M-PARK,"DYNAMO 02079 (Off white, M, Parka)",DYNAMO 02079,"Off white, M, Parka",OFWH,M
2000000036885,1-CAMP-W-02042-BLCK-XL-PARK,"Darling 02042 (XL, Parka)",Darling 02042,"XL, Parka",BLCK,XL
2000000036830,1-CAMP-W-02042-BLCK-M-NOBR,"Darling 02042 (M, nobrand)",Darling 02042,"M, nobrand",BLCK,M
2000000005683,1-TRDB-M-DERBY-UNIC-S-NOBR,Derby DERBY (S),Derby DERBY,S,UNIC,S
2000000005744,1-TRDB-M-DINAS-UNIC-XL-NOBR,Dinasty DINAS (XL),Dinasty DINAS,XL,UNIC,XL
2000000005751,1-TRDB-M-DINAS-UNIC-XXL-NOBR,Dinasty DINAS (XXL),Dinasty DINAS,XXL,UNIC,XXL
2000000005805,1-TRDB-M-DOCTO-UNIC-XXL-NOBR,Doctors Cave DOCTO (XXL),Doctors Cave DOCTO,XXL,UNIC,XXL
2000000005829,1-TRDB-M-DORTM-UNIC-M-NOBR,Dortmund DORTM (M),Dortmund DORTM,M,UNIC,M
2000000005867,1-TRDB-M-DRAGO-UNIC-L-NOBR,Dragon Breath DRAGO (L),Dragon Breath DRAGO,L,UNIC,L
2000000005959,1-TRDB-M-DUBLI-UNIC-XXL-NOBR,Dublin DUBLI (XXL),Dublin DUBLI,XXL,UNIC,XXL
2000000039176,1-CAMP-W-02079-OFWH-L-NOBR,"DYNAMO 02079 (Off white, L, nobrand)",DYNAMO 02079,"Off white, L, nobrand",OFWH,L
2000000039220,1-CAMP-W-02079-OFWH-S-PARK,"DYNAMO 02079 (Off white, S, Parka)",DYNAMO 02079,"Off white, S, Parka",OFWH,S
2000000036847,1-CAMP-W-02042-BLCK-M-PARK,"Darling 02042 (M, Parka)",Darling 02042,"M, Parka",BLCK,M
2000000036878,1-CAMP-W-02042-BLCK-XL-NOBR,"Darling 02042 (XL, nobrand)",Darling 02042,"XL, nobrand",BLCK,XL
2000000005706,1-TRDB-M-DERBY-UNIC-XXL-NOBR,Derby DERBY (XXL),Derby DERBY,XXL,UNIC,XXL
2000000005676,1-TRDB-M-DERBY-UNIC-M-NOBR,Derby DERBY (M),Derby DERBY,M,UNIC,M
2000000005737,1-TRDB-M-DINAS-UNIC-S-NOBR,Dinasty DINAS (S),Dinasty DINAS,S,UNIC,S
2000000005782,1-TRDB-M-DOCTO-UNIC-S-NOBR,Doctors Cave DOCTO (S),Doctors Cave DOCTO,S,UNIC,S
2000000005799,1-TRDB-M-DOCTO-UNIC-XL-NOBR,Doctors Cave DOCTO (XL),Doctors Cave DOCTO,XL,UNIC,XL
2000000005812,1-TRDB-M-DORTM-UNIC-L-NOBR,Dortmund DORTM (L),Dortmund DORTM,L,UNIC,L
2000000005898,1-TRDB-M-DRAGO-UNIC-XL-NOBR,Dragon Breath DRAGO (XL),Dragon Breath DRAGO,XL,UNIC,XL
2000000005935,1-TRDB-M-DUBLI-UNIC-S-NOBR,Dublin DUBLI (S),Dublin DUBLI,S,UNIC,S
2000000005911,1-TRDB-M-DUBLI-UNIC-L-NOBR,Dublin DUBLI (L),Dublin DUBLI,L,UNIC,L
2000000055305,2-BI-U-ECLIP-UNIC-M-0PRK-10V,"ECLIPSE (M, 10V)",ECLIPSE,"M, 10V",UNIC,M
2000000055282,2-BI-U-ECLIP-UNIC-S-0PRK-10V,"ECLIPSE (S, 10V)",ECLIPSE,"S, 10V",UNIC,S
2000000030906,1-CAMP-W-00005-TRCT-S-PARK,"EDNA 00005 (Terracota, S, Parka)",EDNA 00005,"Terracota, S, Parka",TRCT,S
2000000030425,1-CAMP-W-00005-BLCK-S-PARK,"EDNA 00005 (BLACK, S, Parka)",EDNA 00005,"BLACK, S, Parka",BLCK,S
2000000030463,1-CAMP-W-00005-BLUE-L-PARK,"EDNA 00005 (Blue, L, Parka)",EDNA 00005,"Blue, L, Parka",BLUE,L
2000000030500,1-CAMP-W-00005-BLUE-S-PARK,"EDNA 00005 (Blue, S, Parka)",EDNA 00005,"Blue, S, Parka",BLUE,S
2000000030548,1-CAMP-W-00005-GREN-L-PARK,"EDNA 00005 (Green, L, Parka)",EDNA 00005,"Green, L, Parka",GREN,L
2000000030586,1-CAMP-W-00005-GREN-S-PARK,"EDNA 00005 (Green, S, Parka)",EDNA 00005,"Green, S, Parka",GREN,S
2000000030623,1-CAMP-W-00005-GREY-L-PARK,"EDNA 00005 (grey, L, Parka)",EDNA 00005,"grey, L, Parka",GREY,L
2000000030661,1-CAMP-W-00005-GREY-S-PARK,"EDNA 00005 (grey, S, Parka)",EDNA 00005,"grey, S, Parka",GREY,S
2000000030708,1-CAMP-W-00005-PINK-L-PARK,"EDNA 00005 (Pink, L, Parka)",EDNA 00005,"Pink, L, Parka",PINK,L
2000000005928,1-TRDB-M-DUBLI-UNIC-M-NOBR,Dublin DUBLI (M),Dublin DUBLI,M,UNIC,M
2000000055312,2-BI-U-ECLIP-UNIC-M-0PRK-24V,"ECLIPSE (M, 24V)",ECLIPSE,"M, 24V",UNIC,M
2000000030876,1-CAMP-W-00005-TRCT-M-NOBR,"EDNA 00005 (Terracota, M, nobrand)",EDNA 00005,"Terracota, M, nobrand",TRCT,M
2000000030913,1-CAMP-W-00005-TRCT-XL-NOBR,"EDNA 00005 (Terracota, XL, nobrand)",EDNA 00005,"Terracota, XL, nobrand",TRCT,XL
2000000030432,1-CAMP-W-00005-BLCK-XL-NOBR,"EDNA 00005 (BLACK, XL, nobrand)",EDNA 00005,"BLACK, XL, nobrand",BLCK,XL
2000000030470,1-CAMP-W-00005-BLUE-M-NOBR,"EDNA 00005 (Blue, M, nobrand)",EDNA 00005,"Blue, M, nobrand",BLUE,M
2000000030517,1-CAMP-W-00005-BLUE-XL-NOBR,"EDNA 00005 (Blue, XL, nobrand)",EDNA 00005,"Blue, XL, nobrand",BLUE,XL
2000000030555,1-CAMP-W-00005-GREN-M-NOBR,"EDNA 00005 (Green, M, nobrand)",EDNA 00005,"Green, M, nobrand",GREN,M
2000000030593,1-CAMP-W-00005-GREN-XL-NOBR,"EDNA 00005 (Green, XL, nobrand)",EDNA 00005,"Green, XL, nobrand",GREN,XL
2000000030630,1-CAMP-W-00005-GREY-M-NOBR,"EDNA 00005 (grey, M, nobrand)",EDNA 00005,"grey, M, nobrand",GREY,M
2000000030678,1-CAMP-W-00005-GREY-XL-NOBR,"EDNA 00005 (grey, XL, nobrand)",EDNA 00005,"grey, XL, nobrand",GREY,XL
2000000030715,1-CAMP-W-00005-PINK-M-NOBR,"EDNA 00005 (Pink, M, nobrand)",EDNA 00005,"Pink, M, nobrand",PINK,M
2000000005942,1-TRDB-M-DUBLI-UNIC-XL-NOBR,Dublin DUBLI (XL),Dublin DUBLI,XL,UNIC,XL
2000000055329,2-BI-U-ECLIP-UNIC-L-0PRK-10V,"ECLIPSE (L, 10V)",ECLIPSE,"L, 10V",UNIC,L
2000000030883,1-CAMP-W-00005-TRCT-M-PARK,"EDNA 00005 (Terracota, M, Parka)",EDNA 00005,"Terracota, M, Parka",TRCT,M
2000000030920,1-CAMP-W-00005-TRCT-XL-PARK,"EDNA 00005 (Terracota, XL, Parka)",EDNA 00005,"Terracota, XL, Parka",TRCT,XL
2000000030449,1-CAMP-W-00005-BLCK-XL-PARK,"EDNA 00005 (BLACK, XL, Parka)",EDNA 00005,"BLACK, XL, Parka",BLCK,XL
2000000030487,1-CAMP-W-00005-BLUE-M-PARK,"EDNA 00005 (Blue, M, Parka)",EDNA 00005,"Blue, M, Parka",BLUE,M
2000000030524,1-CAMP-W-00005-BLUE-XL-PARK,"EDNA 00005 (Blue, XL, Parka)",EDNA 00005,"Blue, XL, Parka",BLUE,XL
2000000030562,1-CAMP-W-00005-GREN-M-PARK,"EDNA 00005 (Green, M, Parka)",EDNA 00005,"Green, M, Parka",GREN,M
2000000030609,1-CAMP-W-00005-GREN-XL-PARK,"EDNA 00005 (Green, XL, Parka)",EDNA 00005,"Green, XL, Parka",GREN,XL
2000000030647,1-CAMP-W-00005-GREY-M-PARK,"EDNA 00005 (grey, M, Parka)",EDNA 00005,"grey, M, Parka",GREY,M
2000000030685,1-CAMP-W-00005-GREY-XL-PARK,"EDNA 00005 (grey, XL, Parka)",EDNA 00005,"grey, XL, Parka",GREY,XL
2000000030722,1-CAMP-W-00005-PINK-M-PARK,"EDNA 00005 (Pink, M, Parka)",EDNA 00005,"Pink, M, Parka",PINK,M
2000000055299,2-BI-U-ECLIP-UNIC-S-0PRK-24V,"ECLIPSE (S, 24V)",ECLIPSE,"S, 24V",UNIC,S
2000000055336,2-BI-U-ECLIP-UNIC-L-0PRK-24V,"ECLIPSE (L, 24V)",ECLIPSE,"L, 24V",UNIC,L
2000000030890,1-CAMP-W-00005-TRCT-S-NOBR,"EDNA 00005 (Terracota, S, nobrand)",EDNA 00005,"Terracota, S, nobrand",TRCT,S
2000000030418,1-CAMP-W-00005-BLCK-S-NOBR,"EDNA 00005 (BLACK, S, nobrand)",EDNA 00005,"BLACK, S, nobrand",BLCK,S
2000000030456,1-CAMP-W-00005-BLUE-L-NOBR,"EDNA 00005 (Blue, L, nobrand)",EDNA 00005,"Blue, L, nobrand",BLUE,L
2000000030494,1-CAMP-W-00005-BLUE-S-NOBR,"EDNA 00005 (Blue, S, nobrand)",EDNA 00005,"Blue, S, nobrand",BLUE,S
2000000030531,1-CAMP-W-00005-GREN-L-NOBR,"EDNA 00005 (Green, L, nobrand)",EDNA 00005,"Green, L, nobrand",GREN,L
2000000030579,1-CAMP-W-00005-GREN-S-NOBR,"EDNA 00005 (Green, S, nobrand)",EDNA 00005,"Green, S, nobrand",GREN,S
2000000030616,1-CAMP-W-00005-GREY-L-NOBR,"EDNA 00005 (grey, L, nobrand)",EDNA 00005,"grey, L, nobrand",GREY,L
2000000030654,1-CAMP-W-00005-GREY-S-NOBR,"EDNA 00005 (grey, S, nobrand)",EDNA 00005,"grey, S, nobrand",GREY,S
2000000030692,1-CAMP-W-00005-PINK-L-NOBR,"EDNA 00005 (Pink, L, nobrand)",EDNA 00005,"Pink, L, nobrand",PINK,L
2000000030739,1-CAMP-W-00005-PINK-S-NOBR,"EDNA 00005 (Pink, S, nobrand)",EDNA 00005,"Pink, S, nobrand",PINK,S
2000000030746,1-CAMP-W-00005-PINK-S-PARK,"EDNA 00005 (Pink, S, Parka)",EDNA 00005,"Pink, S, Parka",PINK,S
2000000030784,1-CAMP-W-00005-PRPL-L-PARK,"EDNA 00005 (Purple, L, Parka)",EDNA 00005,"Purple, L, Parka",PRPL,L
2000000030395,1-CAMP-W-00005-BLCK-M-NOBR,"EDNA 00005 (BLACK, M, nobrand)",EDNA 00005,"BLACK, M, nobrand",BLCK,M
2000000030821,1-CAMP-W-00005-PRPL-S-PARK,"EDNA 00005 (Purple, S, Parka)",EDNA 00005,"Purple, S, Parka",PRPL,S
2000000030777,1-CAMP-W-00005-PRPL-L-NOBR,"EDNA 00005 (Purple, L, nobrand)",EDNA 00005,"Purple, L, nobrand",PRPL,L
2000000032894,1-CAMP-W-00010-BLCK-M-PUFE,"EDNA 00010 (BLACK, M, Puffers)",EDNA 00010,"BLACK, M, Puffers",BLCK,M
2000000032863,1-CAMP-W-00010-BLCK-L-PUFE,"EDNA 00010 (BLACK, L, Puffers)",EDNA 00010,"BLACK, L, Puffers",BLCK,L
2000000033174,1-CAMP-W-00010-TRCT-XL-NOBR,"EDNA 00010 (Terracota, XL, nobrand)",EDNA 00010,"Terracota, XL, nobrand",TRCT,XL
2000000033099,1-CAMP-W-00010-TRCT-L-PARK,"EDNA 00010 (Terracota, L, Parka)",EDNA 00010,"Terracota, L, Parka",TRCT,L
2000000033136,1-CAMP-W-00010-TRCT-M-PUFE,"EDNA 00010 (Terracota, M, Puffers)",EDNA 00010,"Terracota, M, Puffers",TRCT,M
2000000033051,1-CAMP-W-00010-GREY-XL-NOBR,"EDNA 00010 (grey, XL, nobrand)",EDNA 00010,"grey, XL, nobrand",GREY,XL
2000000033013,1-CAMP-W-00010-GREY-M-PUFE,"EDNA 00010 (grey, M, Puffers)",EDNA 00010,"grey, M, Puffers",GREY,M
2000000030753,1-CAMP-W-00005-PINK-XL-NOBR,"EDNA 00005 (Pink, XL, nobrand)",EDNA 00005,"Pink, XL, nobrand",PINK,XL
2000000030791,1-CAMP-W-00005-PRPL-M-NOBR,"EDNA 00005 (Purple, M, nobrand)",EDNA 00005,"Purple, M, nobrand",PRPL,M
2000000030388,1-CAMP-W-00005-BLCK-L-PARK,"EDNA 00005 (BLACK, L, Parka)",EDNA 00005,"BLACK, L, Parka",BLCK,L
2000000030838,1-CAMP-W-00005-PRPL-XL-NOBR,"EDNA 00005 (Purple, XL, nobrand)",EDNA 00005,"Purple, XL, nobrand",PRPL,XL
2000000032924,1-CAMP-W-00010-BLCK-S-PUFE,"EDNA 00010 (BLACK, S, Puffers)",EDNA 00010,"BLACK, S, Puffers",BLCK,S
2000000032887,1-CAMP-W-00010-BLCK-M-PARK,"EDNA 00010 (BLACK, M, Parka)",EDNA 00010,"BLACK, M, Parka",BLCK,M
2000000032856,1-CAMP-W-00010-BLCK-L-PARK,"EDNA 00010 (BLACK, L, Parka)",EDNA 00010,"BLACK, L, Parka",BLCK,L
2000000033181,1-CAMP-W-00010-TRCT-XL-PARK,"EDNA 00010 (Terracota, XL, Parka)",EDNA 00010,"Terracota, XL, Parka",TRCT,XL
2000000033105,1-CAMP-W-00010-TRCT-L-PUFE,"EDNA 00010 (Terracota, L, Puffers)",EDNA 00010,"Terracota, L, Puffers",TRCT,L
2000000033143,1-CAMP-W-00010-TRCT-S-NOBR,"EDNA 00010 (Terracota, S, nobrand)",EDNA 00010,"Terracota, S, nobrand",TRCT,S
2000000033044,1-CAMP-W-00010-GREY-S-PUFE,"EDNA 00010 (grey, S, Puffers)",EDNA 00010,"grey, S, Puffers",GREY,S
2000000033006,1-CAMP-W-00010-GREY-M-PARK,"EDNA 00010 (grey, M, Parka)",EDNA 00010,"grey, M, Parka",GREY,M
2000000030760,1-CAMP-W-00005-PINK-XL-PARK,"EDNA 00005 (Pink, XL, Parka)",EDNA 00005,"Pink, XL, Parka",PINK,XL
2000000030807,1-CAMP-W-00005-PRPL-M-PARK,"EDNA 00005 (Purple, M, Parka)",EDNA 00005,"Purple, M, Parka",PRPL,M
2000000030371,1-CAMP-W-00005-BLCK-L-NOBR,"EDNA 00005 (BLACK, L, nobrand)",EDNA 00005,"BLACK, L, nobrand",BLCK,L
2000000030845,1-CAMP-W-00005-PRPL-XL-PARK,"EDNA 00005 (Purple, XL, Parka)",EDNA 00005,"Purple, XL, Parka",PRPL,XL
2000000032917,1-CAMP-W-00010-BLCK-S-PARK,"EDNA 00010 (BLACK, S, Parka)",EDNA 00010,"BLACK, S, Parka",BLCK,S
2000000032870,1-CAMP-W-00010-BLCK-M-NOBR,"EDNA 00010 (BLACK, M, nobrand)",EDNA 00010,"BLACK, M, nobrand",BLCK,M
2000000032849,1-CAMP-W-00010-BLCK-L-NOBR,"EDNA 00010 (BLACK, L, nobrand)",EDNA 00010,"BLACK, L, nobrand",BLCK,L
2000000033198,1-CAMP-W-00010-TRCT-XL-PUFE,"EDNA 00010 (Terracota, XL, Puffers)",EDNA 00010,"Terracota, XL, Puffers",TRCT,XL
2000000033129,1-CAMP-W-00010-TRCT-M-PARK,"EDNA 00010 (Terracota, M, Parka)",EDNA 00010,"Terracota, M, Parka",TRCT,M
2000000033150,1-CAMP-W-00010-TRCT-S-PARK,"EDNA 00010 (Terracota, S, Parka)",EDNA 00010,"Terracota, S, Parka",TRCT,S
2000000033037,1-CAMP-W-00010-GREY-S-PARK,"EDNA 00010 (grey, S, Parka)",EDNA 00010,"grey, S, Parka",GREY,S
2000000032993,1-CAMP-W-00010-GREY-M-NOBR,"EDNA 00010 (grey, M, nobrand)",EDNA 00010,"grey, M, nobrand",GREY,M
2000000030869,1-CAMP-W-00005-TRCT-L-PARK,"EDNA 00005 (Terracota, L, Parka)",EDNA 00005,"Terracota, L, Parka",TRCT,L
2000000030401,1-CAMP-W-00005-BLCK-M-PARK,"EDNA 00005 (BLACK, M, Parka)",EDNA 00005,"BLACK, M, Parka",BLCK,M
2000000030814,1-CAMP-W-00005-PRPL-S-NOBR,"EDNA 00005 (Purple, S, nobrand)",EDNA 00005,"Purple, S, nobrand",PRPL,S
2000000030852,1-CAMP-W-00005-TRCT-L-NOBR,"EDNA 00005 (Terracota, L, nobrand)",EDNA 00005,"Terracota, L, nobrand",TRCT,L
2000000032900,1-CAMP-W-00010-BLCK-S-NOBR,"EDNA 00010 (BLACK, S, nobrand)",EDNA 00010,"BLACK, S, nobrand",BLCK,S
2000000033167,1-CAMP-W-00010-TRCT-S-PUFE,"EDNA 00010 (Terracota, S, Puffers)",EDNA 00010,"Terracota, S, Puffers",TRCT,S
2000000033075,1-CAMP-W-00010-GREY-XL-PUFE,"EDNA 00010 (grey, XL, Puffers)",EDNA 00010,"grey, XL, Puffers",GREY,XL
2000000033082,1-CAMP-W-00010-TRCT-L-NOBR,"EDNA 00010 (Terracota, L, nobrand)",EDNA 00010,"Terracota, L, nobrand",TRCT,L
2000000033112,1-CAMP-W-00010-TRCT-M-NOBR,"EDNA 00010 (Terracota, M, nobrand)",EDNA 00010,"Terracota, M, nobrand",TRCT,M
2000000033068,1-CAMP-W-00010-GREY-XL-PARK,"EDNA 00010 (grey, XL, Parka)",EDNA 00010,"grey, XL, Parka",GREY,XL
2000000033020,1-CAMP-W-00010-GREY-S-NOBR,"EDNA 00010 (grey, S, nobrand)",EDNA 00010,"grey, S, nobrand",GREY,S
2000000032986,1-CAMP-W-00010-GREY-L-PUFE,"EDNA 00010 (grey, L, Puffers)",EDNA 00010,"grey, L, Puffers",GREY,L
2000000032979,1-CAMP-W-00010-GREY-L-PARK,"EDNA 00010 (grey, L, Parka)",EDNA 00010,"grey, L, Parka",GREY,L
2000000032931,1-CAMP-W-00010-BLCK-XL-NOBR,"EDNA 00010 (BLACK, XL, nobrand)",EDNA 00010,"BLACK, XL, nobrand",BLCK,XL
2000000053325,2-BI-W-ELECT-UNIC-S-0PRK-21V,ELECTRA,ELECTRA,,UNIC,S
2000000005997,1-TRDB-M-EAGLE-UNIC-XL-NOBR,Eagle EAGLE (XL),Eagle EAGLE,XL,UNIC,XL
2000000052953,2-BI-U-EARTH-UNIC-S-0PRK-21V,Earthquake (S),Earthquake,S,UNIC,S
2000000053035,2-BI-U-EMBER-UNIC-M-0PRK-21V,Ember (M),Ember,M,UNIC,M
2000000037356,1-CAMP-W-02047-MGRN-XL-NOBR,"Ember 02047 (Military green, XL, nobrand)",Ember 02047,"Military green, XL, nobrand",MGRN,XL
2000000037318,1-CAMP-W-02047-MGRN-M-NOBR,"Ember 02047 (Military green, M, nobrand)",Ember 02047,"Military green, M, nobrand",MGRN,M
2000000037271,1-CAMP-W-02047-GREY-XL-NOBR,"Ember 02047 (grey, XL, nobrand)",Ember 02047,"grey, XL, nobrand",GREY,XL
2000000037233,1-CAMP-W-02047-GREY-M-NOBR,"Ember 02047 (grey, M, nobrand)",Ember 02047,"grey, M, nobrand",GREY,M
2000000037196,1-CAMP-W-02047-CHOC-XL-NOBR,"Ember 02047 (Chocolate, XL, nobrand)",Ember 02047,"Chocolate, XL, nobrand",CHOC,XL
2000000037141,1-CAMP-W-02047-CHOC-L-PUFE,"Ember 02047 (Chocolate, L, Puffers)",Ember 02047,"Chocolate, L, Puffers",CHOC,L
2000000032962,1-CAMP-W-00010-GREY-L-NOBR,"EDNA 00010 (grey, L, nobrand)",EDNA 00010,"grey, L, nobrand",GREY,L
2000000052823,4-MOCH-U-03002-BEIG-PARK,EDVITTA 03002 (Beige),EDVITTA 03002,Beige,,
2000000052854,4-MOCH-U-03003-BLCK-PARK,ENERGY 03003,ENERGY 03003,,,
2000000006000,1-TRDB-M-EAGLE-UNIC-XXL-NOBR,Eagle EAGLE (XXL),Eagle EAGLE,XXL,UNIC,XXL
2000000052960,2-BI-U-EARTH-UNIC-M-0PRK-21V,Earthquake (M),Earthquake,M,UNIC,M
2000000053042,2-BI-U-EMBER-UNIC-L-0PRK-21V,Ember (L),Ember,L,UNIC,L
2000000037349,1-CAMP-W-02047-MGRN-S-PUFE,"Ember 02047 (Military green, S, Puffers)",Ember 02047,"Military green, S, Puffers",MGRN,S
2000000037301,1-CAMP-W-02047-MGRN-L-PUFE,"Ember 02047 (Military green, L, Puffers)",Ember 02047,"Military green, L, Puffers",MGRN,L
2000000037264,1-CAMP-W-02047-GREY-S-PUFE,"Ember 02047 (grey, S, Puffers)",Ember 02047,"grey, S, Puffers",GREY,S
2000000037226,1-CAMP-W-02047-GREY-L-PUFE,"Ember 02047 (grey, L, Puffers)",Ember 02047,"grey, L, Puffers",GREY,L
2000000037189,1-CAMP-W-02047-CHOC-S-PUFE,"Ember 02047 (Chocolate, S, Puffers)",Ember 02047,"Chocolate, S, Puffers",CHOC,S
2000000037134,1-CAMP-W-02047-CHOC-L-NOBR,"Ember 02047 (Chocolate, L, nobrand)",Ember 02047,"Chocolate, L, nobrand",CHOC,L
2000000032955,1-CAMP-W-00010-BLCK-XL-PUFE,"EDNA 00010 (BLACK, XL, Puffers)",EDNA 00010,"BLACK, XL, Puffers",BLCK,XL
2000000052830,4-MOCH-U-03002-BLCK-PARK,EDVITTA 03002 (BLACK),EDVITTA 03002,BLACK,,
,CURVA-ESTAM-UNIC-NOBR,ESTAMBUL — Curva 8u (1S/2M/2L/2XL/1XXL),ESTAMBUL — Curva 8u,1S/2M/2L/2XL/1XXL,,
2000000005966,1-TRDB-M-EAGLE-UNIC-L-NOBR,Eagle EAGLE (L),Eagle EAGLE,L,UNIC,L
2000000052977,2-BI-U-EARTH-UNIC-L-0PRK-21V,Earthquake (L),Earthquake,L,UNIC,L
2000000053028,2-BI-U-EMBER-UNIC-S-0PRK-21V,Ember (S),Ember,S,UNIC,S
2000000037332,1-CAMP-W-02047-MGRN-S-NOBR,"Ember 02047 (Military green, S, nobrand)",Ember 02047,"Military green, S, nobrand",MGRN,S
2000000037295,1-CAMP-W-02047-MGRN-L-NOBR,"Ember 02047 (Military green, L, nobrand)",Ember 02047,"Military green, L, nobrand",MGRN,L
2000000037257,1-CAMP-W-02047-GREY-S-NOBR,"Ember 02047 (grey, S, nobrand)",Ember 02047,"grey, S, nobrand",GREY,S
2000000037219,1-CAMP-W-02047-GREY-L-NOBR,"Ember 02047 (grey, L, nobrand)",Ember 02047,"grey, L, nobrand",GREY,L
2000000037165,1-CAMP-W-02047-CHOC-M-PUFE,"Ember 02047 (Chocolate, M, Puffers)",Ember 02047,"Chocolate, M, Puffers",CHOC,M
2000000037127,1-CAMP-W-02047-BLCK-XL-PUFE,"Ember 02047 (BLACK, XL, Puffers)",Ember 02047,"BLACK, XL, Puffers",BLCK,XL
2000000032948,1-CAMP-W-00010-BLCK-XL-PARK,"EDNA 00010 (BLACK, XL, Parka)",EDNA 00010,"BLACK, XL, Parka",BLCK,XL
2000000052847,4-MOCH-U-03002-WHIT-PARK,EDVITTA 03002 (White),EDVITTA 03002,White,,
2000000005980,1-TRDB-M-EAGLE-UNIC-S-NOBR,Eagle EAGLE (S),Eagle EAGLE,S,UNIC,S
2000000005973,1-TRDB-M-EAGLE-UNIC-M-NOBR,Eagle EAGLE (M),Eagle EAGLE,M,UNIC,M
2000000052984,2-BI-U-EARTH-UNIC-XL-0PRK-21V,Earthquake (XL),Earthquake,XL,UNIC,XL
2000000037363,1-CAMP-W-02047-MGRN-XL-PUFE,"Ember 02047 (Military green, XL, Puffers)",Ember 02047,"Military green, XL, Puffers",MGRN,XL
2000000037325,1-CAMP-W-02047-MGRN-M-PUFE,"Ember 02047 (Military green, M, Puffers)",Ember 02047,"Military green, M, Puffers",MGRN,M
2000000037288,1-CAMP-W-02047-GREY-XL-PUFE,"Ember 02047 (grey, XL, Puffers)",Ember 02047,"grey, XL, Puffers",GREY,XL
2000000037240,1-CAMP-W-02047-GREY-M-PUFE,"Ember 02047 (grey, M, Puffers)",Ember 02047,"grey, M, Puffers",GREY,M
2000000037202,1-CAMP-W-02047-CHOC-XL-PUFE,"Ember 02047 (Chocolate, XL, Puffers)",Ember 02047,"Chocolate, XL, Puffers",CHOC,XL
2000000037158,1-CAMP-W-02047-CHOC-M-NOBR,"Ember 02047 (Chocolate, M, nobrand)",Ember 02047,"Chocolate, M, nobrand",CHOC,M
2000000037110,1-CAMP-W-02047-BLCK-XL-NOBR,"Ember 02047 (BLACK, XL, nobrand)",Ember 02047,"BLACK, XL, nobrand",BLCK,XL
2000000037103,1-CAMP-W-02047-BLCK-S-PUFE,"Ember 02047 (BLACK, S, Puffers)",Ember 02047,"BLACK, S, Puffers",BLCK,S
2000000037066,1-CAMP-W-02047-BLCK-L-PUFE,"Ember 02047 (BLACK, L, Puffers)",Ember 02047,"BLACK, L, Puffers",BLCK,L
2000000006031,1-TRDB-M-ESSEN-UNIC-S-NOBR,Essen ESSEN (S),Essen ESSEN,S,UNIC,S
2000000006109,1-TRDB-M-ESTAM-UNIC-XXL-NOBR,Estambul ESTAM (XXL),Estambul ESTAM,XXL,UNIC,XXL
2000000013336,1-CAMP-M-00030-GREN-L-PARK,"Explorer 00030 (Green, L, Parka)",Explorer 00030,"Green, L, Parka",GREN,L
2000000013466,1-CAMP-M-00030-KHAK-S-NOBR,"Explorer 00030 (Khaki, S, nobrand)",Explorer 00030,"Khaki, S, nobrand",KHAK,S
2000000013503,1-CAMP-M-00030-KHAK-XXL-NOBR,"Explorer 00030 (Khaki, XXL, nobrand)",Explorer 00030,"Khaki, XXL, nobrand",KHAK,XXL
2000000013237,1-CAMP-M-00030-BLCK-L-PARK,"Explorer 00030 (BLACK, L, Parka)",Explorer 00030,"BLACK, L, Parka",BLCK,L
2000000013299,1-CAMP-M-00030-BLCK-XL-PARK,"Explorer 00030 (BLACK, XL, Parka)",Explorer 00030,"BLACK, XL, Parka",BLCK,XL
2000000013374,1-CAMP-M-00030-GREN-S-PARK,"Explorer 00030 (Green, S, Parka)",Explorer 00030,"Green, S, Parka",GREN,S
2000000013411,1-CAMP-M-00030-GREN-XXL-PARK,"Explorer 00030 (Green, XXL, Parka)",Explorer 00030,"Green, XXL, Parka",GREN,XXL
2000000037097,1-CAMP-W-02047-BLCK-S-NOBR,"Ember 02047 (BLACK, S, nobrand)",Ember 02047,"BLACK, S, nobrand",BLCK,S
2000000037059,1-CAMP-W-02047-BLCK-L-NOBR,"Ember 02047 (BLACK, L, nobrand)",Ember 02047,"BLACK, L, nobrand",BLCK,L
2000000006024,1-TRDB-M-ESSEN-UNIC-M-NOBR,Essen ESSEN (M),Essen ESSEN,M,UNIC,M
2000000006017,1-TRDB-M-ESSEN-UNIC-L-NOBR,Essen ESSEN (L),Essen ESSEN,L,UNIC,L
2000000006086,1-TRDB-M-ESTAM-UNIC-S-NOBR,Estambul ESTAM (S),Estambul ESTAM,S,UNIC,S
2000000013343,1-CAMP-M-00030-GREN-M-NOBR,"Explorer 00030 (Green, M, nobrand)",Explorer 00030,"Green, M, nobrand",GREN,M
2000000013473,1-CAMP-M-00030-KHAK-S-PARK,"Explorer 00030 (Khaki, S, Parka)",Explorer 00030,"Khaki, S, Parka",KHAK,S
2000000013510,1-CAMP-M-00030-KHAK-XXL-PARK,"Explorer 00030 (Khaki, XXL, Parka)",Explorer 00030,"Khaki, XXL, Parka",KHAK,XXL
2000000013220,1-CAMP-M-00030-BLCK-L-NOBR,"Explorer 00030 (BLACK, L, nobrand)",Explorer 00030,"BLACK, L, nobrand",BLCK,L
2000000013305,1-CAMP-M-00030-BLCK-XXL-NOBR,"Explorer 00030 (BLACK, XXL, nobrand)",Explorer 00030,"BLACK, XXL, nobrand",BLCK,XXL
2000000013381,1-CAMP-M-00030-GREN-XL-NOBR,"Explorer 00030 (Green, XL, nobrand)",Explorer 00030,"Green, XL, nobrand",GREN,XL
2000000013428,1-CAMP-M-00030-KHAK-L-NOBR,"Explorer 00030 (Khaki, L, nobrand)",Explorer 00030,"Khaki, L, nobrand",KHAK,L
2000000037080,1-CAMP-W-02047-BLCK-M-PUFE,"Ember 02047 (BLACK, M, Puffers)",Ember 02047,"BLACK, M, Puffers",BLCK,M
2000000037172,1-CAMP-W-02047-CHOC-S-NOBR,"Ember 02047 (Chocolate, S, nobrand)",Ember 02047,"Chocolate, S, nobrand",CHOC,S
2000000006055,1-TRDB-M-ESSEN-UNIC-XXL-NOBR,Essen ESSEN (XXL),Essen ESSEN,XXL,UNIC,XXL
2000000006062,1-TRDB-M-ESTAM-UNIC-L-NOBR,Estambul ESTAM (L),Estambul ESTAM,L,UNIC,L
2000000006079,1-TRDB-M-ESTAM-UNIC-M-NOBR,Estambul ESTAM (M),Estambul ESTAM,M,UNIC,M
2000000013350,1-CAMP-M-00030-GREN-M-PARK,"Explorer 00030 (Green, M, Parka)",Explorer 00030,"Green, M, Parka",GREN,M
2000000013480,1-CAMP-M-00030-KHAK-XL-NOBR,"Explorer 00030 (Khaki, XL, nobrand)",Explorer 00030,"Khaki, XL, nobrand",KHAK,XL
2000000013251,1-CAMP-M-00030-BLCK-M-PARK,"Explorer 00030 (BLACK, M, Parka)",Explorer 00030,"BLACK, M, Parka",BLCK,M
2000000013275,1-CAMP-M-00030-BLCK-S-PARK,"Explorer 00030 (BLACK, S, Parka)",Explorer 00030,"BLACK, S, Parka",BLCK,S
2000000013312,1-CAMP-M-00030-BLCK-XXL-PARK,"Explorer 00030 (BLACK, XXL, Parka)",Explorer 00030,"BLACK, XXL, Parka",BLCK,XXL
2000000013398,1-CAMP-M-00030-GREN-XL-PARK,"Explorer 00030 (Green, XL, Parka)",Explorer 00030,"Green, XL, Parka",GREN,XL
2000000013435,1-CAMP-M-00030-KHAK-L-PARK,"Explorer 00030 (Khaki, L, Parka)",Explorer 00030,"Khaki, L, Parka",KHAK,L
2000000037073,1-CAMP-W-02047-BLCK-M-NOBR,"Ember 02047 (BLACK, M, nobrand)",Ember 02047,"BLACK, M, nobrand",BLCK,M
2000000006048,1-TRDB-M-ESSEN-UNIC-XL-NOBR,Essen ESSEN (XL),Essen ESSEN,XL,UNIC,XL
2000000006093,1-TRDB-M-ESTAM-UNIC-XL-NOBR,Estambul ESTAM (XL),Estambul ESTAM,XL,UNIC,XL
2000000013329,1-CAMP-M-00030-GREN-L-NOBR,"Explorer 00030 (Green, L, nobrand)",Explorer 00030,"Green, L, nobrand",GREN,L
2000000013367,1-CAMP-M-00030-GREN-S-NOBR,"Explorer 00030 (Green, S, nobrand)",Explorer 00030,"Green, S, nobrand",GREN,S
2000000013497,1-CAMP-M-00030-KHAK-XL-PARK,"Explorer 00030 (Khaki, XL, Parka)",Explorer 00030,"Khaki, XL, Parka",KHAK,XL
2000000013244,1-CAMP-M-00030-BLCK-M-NOBR,"Explorer 00030 (BLACK, M, nobrand)",Explorer 00030,"BLACK, M, nobrand",BLCK,M
2000000013282,1-CAMP-M-00030-BLCK-XL-NOBR,"Explorer 00030 (BLACK, XL, nobrand)",Explorer 00030,"BLACK, XL, nobrand",BLCK,XL
2000000013268,1-CAMP-M-00030-BLCK-S-NOBR,"Explorer 00030 (BLACK, S, nobrand)",Explorer 00030,"BLACK, S, nobrand",BLCK,S
2000000013404,1-CAMP-M-00030-GREN-XXL-NOBR,"Explorer 00030 (Green, XXL, nobrand)",Explorer 00030,"Green, XXL, nobrand",GREN,XXL
2000000013442,1-CAMP-M-00030-KHAK-M-NOBR,"Explorer 00030 (Khaki, M, nobrand)",Explorer 00030,"Khaki, M, nobrand",KHAK,M
2000000013459,1-CAMP-M-00030-KHAK-M-PARK,"Explorer 00030 (Khaki, M, Parka)",Explorer 00030,"Khaki, M, Parka",KHAK,M
2000000014944,1-CAMP-M-00086-BLCK-M-NOBR,"Explorer 00086 (M, nobrand)",Explorer 00086,"M, nobrand",BLCK,M
2000000014982,1-CAMP-M-00086-BLCK-XL-NOBR,"Explorer 00086 (XL, nobrand)",Explorer 00086,"XL, nobrand",BLCK,XL
2000000006116,1-TRDB-M-EXUMA-UNIC-L-NOBR,Exuma EXUMA (L),Exuma EXUMA,L,UNIC,L
,CURVA-FEATH-UNIC-NOBR,FEATHERS — Curva 8u (1S/2M/2L/2XL/1XXL),FEATHERS — Curva 8u,1S/2M/2L/2XL/1XXL,,
2000000046167,1-SWEA-M-01013-GREY-XL-NOBR,"FLOW 01013 (grey, XL)",FLOW 01013,"grey, XL",GREY,XL
2000000046204,1-SWEA-M-01013-NAVY-S-NOBR,"FLOW 01013 (Navy, S)",FLOW 01013,"Navy, S",NAVY,S
2000000046259,1-SWEA-M-01013-OFWH-S-NOBR,"FLOW 01013 (Off white, S)",FLOW 01013,"Off white, S",OFWH,S
2000000046334,1-SWEA-M-01014-BRWN-L-NOBR,"FLOW 01014 (Brown, L)",FLOW 01014,"Brown, L",BRWN,L
2000000046372,1-SWEA-M-01014-BRWN-XXL-NOBR,"FLOW 01014 (Brown, XXL)",FLOW 01014,"Brown, XXL",BRWN,XXL
2000000046402,1-SWEA-M-01014-OLIV-S-NOBR,"FLOW 01014 (Olive, S)",FLOW 01014,"Olive, S",OLIV,S
2000000046310,1-SWEA-M-01014-BLCK-XL-NOBR,"FLOW 01014 (BLACK, XL)",FLOW 01014,"BLACK, XL",BLCK,XL
2000000015019,1-CAMP-M-00086-BLCK-XXL-PARK,"Explorer 00086 (XXL, Parka)",Explorer 00086,"XXL, Parka",BLCK,XXL
2000000014951,1-CAMP-M-00086-BLCK-M-PARK,"Explorer 00086 (M, Parka)",Explorer 00086,"M, Parka",BLCK,M
2000000014968,1-CAMP-M-00086-BLCK-S-NOBR,"Explorer 00086 (S, nobrand)",Explorer 00086,"S, nobrand",BLCK,S
2000000006130,1-TRDB-M-EXUMA-UNIC-S-NOBR,Exuma EXUMA (S),Exuma EXUMA,S,UNIC,S
2000000046136,1-SWEA-M-01013-GREY-L-NOBR,"FLOW 01013 (grey, L)",FLOW 01013,"grey, L",GREY,L
2000000046174,1-SWEA-M-01013-GREY-XXL-NOBR,"FLOW 01013 (grey, XXL)",FLOW 01013,"grey, XXL",GREY,XXL
2000000046211,1-SWEA-M-01013-NAVY-XL-NOBR,"FLOW 01013 (Navy, XL)",FLOW 01013,"Navy, XL",NAVY,XL
2000000046266,1-SWEA-M-01013-OFWH-XL-NOBR,"FLOW 01013 (Off white, XL)",FLOW 01013,"Off white, XL",OFWH,XL
2000000046341,1-SWEA-M-01014-BRWN-M-NOBR,"FLOW 01014 (Brown, M)",FLOW 01014,"Brown, M",BRWN,M
2000000046297,1-SWEA-M-01014-BLCK-M-NOBR,"FLOW 01014 (BLACK, M)",FLOW 01014,"BLACK, M",BLCK,M
2000000046419,1-SWEA-M-01014-OLIV-XL-NOBR,"FLOW 01014 (Olive, XL)",FLOW 01014,"Olive, XL",OLIV,XL
2000000046327,1-SWEA-M-01014-BLCK-XXL-NOBR,"FLOW 01014 (BLACK, XXL)",FLOW 01014,"BLACK, XXL",BLCK,XXL
2000000014920,1-CAMP-M-00086-BLCK-L-NOBR,"Explorer 00086 (L, nobrand)",Explorer 00086,"L, nobrand",BLCK,L
2000000014999,1-CAMP-M-00086-BLCK-XL-PARK,"Explorer 00086 (XL, Parka)",Explorer 00086,"XL, Parka",BLCK,XL
2000000015002,1-CAMP-M-00086-BLCK-XXL-NOBR,"Explorer 00086 (XXL, nobrand)",Explorer 00086,"XXL, nobrand",BLCK,XXL
2000000006147,1-TRDB-M-EXUMA-UNIC-XL-NOBR,Exuma EXUMA (XL),Exuma EXUMA,XL,UNIC,XL
2000000046143,1-SWEA-M-01013-GREY-M-NOBR,"FLOW 01013 (grey, M)",FLOW 01013,"grey, M",GREY,M
2000000046181,1-SWEA-M-01013-NAVY-L-NOBR,"FLOW 01013 (Navy, L)",FLOW 01013,"Navy, L",NAVY,L
2000000046228,1-SWEA-M-01013-NAVY-XXL-NOBR,"FLOW 01013 (Navy, XXL)",FLOW 01013,"Navy, XXL",NAVY,XXL
2000000046273,1-SWEA-M-01013-OFWH-XXL-NOBR,"FLOW 01013 (Off white, XXL)",FLOW 01013,"Off white, XXL",OFWH,XXL
2000000046358,1-SWEA-M-01014-BRWN-S-NOBR,"FLOW 01014 (Brown, S)",FLOW 01014,"Brown, S",BRWN,S
2000000046389,1-SWEA-M-01014-OLIV-L-NOBR,"FLOW 01014 (Olive, L)",FLOW 01014,"Olive, L",OLIV,L
2000000046426,1-SWEA-M-01014-OLIV-XXL-NOBR,"FLOW 01014 (Olive, XXL)",FLOW 01014,"Olive, XXL",OLIV,XXL
2000000046280,1-SWEA-M-01014-BLCK-L-NOBR,"FLOW 01014 (BLACK, L)",FLOW 01014,"BLACK, L",BLCK,L
2000000014937,1-CAMP-M-00086-BLCK-L-PARK,"Explorer 00086 (L, Parka)",Explorer 00086,"L, Parka",BLCK,L
2000000014975,1-CAMP-M-00086-BLCK-S-PARK,"Explorer 00086 (S, Parka)",Explorer 00086,"S, Parka",BLCK,S
2000000006123,1-TRDB-M-EXUMA-UNIC-M-NOBR,Exuma EXUMA (M),Exuma EXUMA,M,UNIC,M
2000000006154,1-TRDB-M-EXUMA-UNIC-XXL-NOBR,Exuma EXUMA (XXL),Exuma EXUMA,XXL,UNIC,XXL
2000000046150,1-SWEA-M-01013-GREY-S-NOBR,"FLOW 01013 (grey, S)",FLOW 01013,"grey, S",GREY,S
2000000046198,1-SWEA-M-01013-NAVY-M-NOBR,"FLOW 01013 (Navy, M)",FLOW 01013,"Navy, M",NAVY,M
2000000046242,1-SWEA-M-01013-OFWH-M-NOBR,"FLOW 01013 (Off white, M)",FLOW 01013,"Off white, M",OFWH,M
2000000046235,1-SWEA-M-01013-OFWH-L-NOBR,"FLOW 01013 (Off white, L)",FLOW 01013,"Off white, L",OFWH,L
2000000046365,1-SWEA-M-01014-BRWN-XL-NOBR,"FLOW 01014 (Brown, XL)",FLOW 01014,"Brown, XL",BRWN,XL
2000000046396,1-SWEA-M-01014-OLIV-M-NOBR,"FLOW 01014 (Olive, M)",FLOW 01014,"Olive, M",OLIV,M
2000000046303,1-SWEA-M-01014-BLCK-S-NOBR,"FLOW 01014 (BLACK, S)",FLOW 01014,"BLACK, S",BLCK,S
2000000046587,1-SWEA-M-01015-OFWH-L-NOBR,"FLOW 01015 (Off white, L)",FLOW 01015,"Off white, L",OFWH,L
2000000046594,1-SWEA-M-01015-OFWH-M-NOBR,"FLOW 01015 (Off white, M)",FLOW 01015,"Off white, M",OFWH,M
2000000046631,1-SWEA-M-01015-OLIV-L-NOBR,"FLOW 01015 (Olive, L)",FLOW 01015,"Olive, L",OLIV,L
2000000046686,1-SWEA-M-01015-SKYB-L-NOBR,"FLOW 01015 (Sky blue, L)",FLOW 01015,"Sky blue, L",SKYB,L
2000000046723,1-SWEA-M-01015-SKYB-XXL-NOBR,"FLOW 01015 (Sky blue, XXL)",FLOW 01015,"Sky blue, XXL",SKYB,XXL
2000000046464,1-SWEA-M-01015-BLCK-XL-NOBR,"FLOW 01015 (BLACK, XL)",FLOW 01015,"BLACK, XL",BLCK,XL
2000000046501,1-SWEA-M-01015-CAFE-S-NOBR,"FLOW 01015 (Coffee, S)",FLOW 01015,"Coffee, S",CAFE,S
2000000046549,1-SWEA-M-01015-DKGR-M-NOBR,"FLOW 01015 (Dark grey, M)",FLOW 01015,"Dark grey, M",DKGR,M
2000000046648,1-SWEA-M-01015-OLIV-M-NOBR,"FLOW 01015 (Olive, M)",FLOW 01015,"Olive, M",OLIV,M
2000000046846,1-SWEA-M-01016-WHIT-M-NOBR,"FLOW 01016 (White, M)",FLOW 01016,"White, M",WHIT,M
2000000046792,1-SWEA-M-01016-GREY-M-NOBR,"FLOW 01016 (grey, M)",FLOW 01016,"grey, M",GREY,M
2000000046754,1-SWEA-M-01016-BLCK-S-NOBR,"FLOW 01016 (BLACK, S)",FLOW 01016,"BLACK, S",BLCK,S
2000000006277,1-TRDB-M-FREEP-UNIC-M-NOBR,FREEPORT FREEP (M),FREEPORT FREEP,M,UNIC,M
2000000046600,1-SWEA-M-01015-OFWH-S-NOBR,"FLOW 01015 (Off white, S)",FLOW 01015,"Off white, S",OFWH,S
2000000046655,1-SWEA-M-01015-OLIV-S-NOBR,"FLOW 01015 (Olive, S)",FLOW 01015,"Olive, S",OLIV,S
2000000046693,1-SWEA-M-01015-SKYB-M-NOBR,"FLOW 01015 (Sky blue, M)",FLOW 01015,"Sky blue, M",SKYB,M
2000000046433,1-SWEA-M-01015-BLCK-L-NOBR,"FLOW 01015 (BLACK, L)",FLOW 01015,"BLACK, L",BLCK,L
2000000046471,1-SWEA-M-01015-BLCK-XXL-NOBR,"FLOW 01015 (BLACK, XXL)",FLOW 01015,"BLACK, XXL",BLCK,XXL
2000000046518,1-SWEA-M-01015-CAFE-XL-NOBR,"FLOW 01015 (Coffee, XL)",FLOW 01015,"Coffee, XL",CAFE,XL
2000000046556,1-SWEA-M-01015-DKGR-S-NOBR,"FLOW 01015 (Dark grey, S)",FLOW 01015,"Dark grey, S",DKGR,S
2000000046877,1-SWEA-M-01016-WHIT-XXL-NOBR,"FLOW 01016 (White, XXL)",FLOW 01016,"White, XXL",WHIT,XXL
2000000046839,1-SWEA-M-01016-WHIT-L-NOBR,"FLOW 01016 (White, L)",FLOW 01016,"White, L",WHIT,L
2000000046785,1-SWEA-M-01016-GREY-L-NOBR,"FLOW 01016 (grey, L)",FLOW 01016,"grey, L",GREY,L
2000000046747,1-SWEA-M-01016-BLCK-M-NOBR,"FLOW 01016 (BLACK, M)",FLOW 01016,"BLACK, M",BLCK,M
2000000006307,1-TRDB-M-FREEP-UNIC-XXL-NOBR,FREEPORT FREEP (XXL),FREEPORT FREEP,XXL,UNIC,XXL
2000000046617,1-SWEA-M-01015-OFWH-XL-NOBR,"FLOW 01015 (Off white, XL)",FLOW 01015,"Off white, XL",OFWH,XL
2000000046662,1-SWEA-M-01015-OLIV-XL-NOBR,"FLOW 01015 (Olive, XL)",FLOW 01015,"Olive, XL",OLIV,XL
2000000046709,1-SWEA-M-01015-SKYB-S-NOBR,"FLOW 01015 (Sky blue, S)",FLOW 01015,"Sky blue, S",SKYB,S
2000000046440,1-SWEA-M-01015-BLCK-M-NOBR,"FLOW 01015 (BLACK, M)",FLOW 01015,"BLACK, M",BLCK,M
2000000046488,1-SWEA-M-01015-CAFE-L-NOBR,"FLOW 01015 (Coffee, L)",FLOW 01015,"Coffee, L",CAFE,L
2000000046525,1-SWEA-M-01015-CAFE-XXL-NOBR,"FLOW 01015 (Coffee, XXL)",FLOW 01015,"Coffee, XXL",CAFE,XXL
2000000046563,1-SWEA-M-01015-DKGR-XL-NOBR,"FLOW 01015 (Dark grey, XL)",FLOW 01015,"Dark grey, XL",DKGR,XL
2000000046860,1-SWEA-M-01016-WHIT-XL-NOBR,"FLOW 01016 (White, XL)",FLOW 01016,"White, XL",WHIT,XL
2000000046822,1-SWEA-M-01016-GREY-XXL-NOBR,"FLOW 01016 (grey, XXL)",FLOW 01016,"grey, XXL",GREY,XXL
2000000046778,1-SWEA-M-01016-BLCK-XXL-NOBR,"FLOW 01016 (BLACK, XXL)",FLOW 01016,"BLACK, XXL",BLCK,XXL
2000000046730,1-SWEA-M-01016-BLCK-L-NOBR,"FLOW 01016 (BLACK, L)",FLOW 01016,"BLACK, L",BLCK,L
2000000006291,1-TRDB-M-FREEP-UNIC-XL-NOBR,FREEPORT FREEP (XL),FREEPORT FREEP,XL,UNIC,XL
2000000046624,1-SWEA-M-01015-OFWH-XXL-NOBR,"FLOW 01015 (Off white, XXL)",FLOW 01015,"Off white, XXL",OFWH,XXL
2000000046679,1-SWEA-M-01015-OLIV-XXL-NOBR,"FLOW 01015 (Olive, XXL)",FLOW 01015,"Olive, XXL",OLIV,XXL
2000000046716,1-SWEA-M-01015-SKYB-XL-NOBR,"FLOW 01015 (Sky blue, XL)",FLOW 01015,"Sky blue, XL",SKYB,XL
2000000046457,1-SWEA-M-01015-BLCK-S-NOBR,"FLOW 01015 (BLACK, S)",FLOW 01015,"BLACK, S",BLCK,S
2000000046495,1-SWEA-M-01015-CAFE-M-NOBR,"FLOW 01015 (Coffee, M)",FLOW 01015,"Coffee, M",CAFE,M
2000000046532,1-SWEA-M-01015-DKGR-L-NOBR,"FLOW 01015 (Dark grey, L)",FLOW 01015,"Dark grey, L",DKGR,L
2000000046570,1-SWEA-M-01015-DKGR-XXL-NOBR,"FLOW 01015 (Dark grey, XXL)",FLOW 01015,"Dark grey, XXL",DKGR,XXL
2000000046853,1-SWEA-M-01016-WHIT-S-NOBR,"FLOW 01016 (White, S)",FLOW 01016,"White, S",WHIT,S
2000000046808,1-SWEA-M-01016-GREY-S-NOBR,"FLOW 01016 (grey, S)",FLOW 01016,"grey, S",GREY,S
2000000046761,1-SWEA-M-01016-BLCK-XL-NOBR,"FLOW 01016 (BLACK, XL)",FLOW 01016,"BLACK, XL",BLCK,XL
2000000046815,1-SWEA-M-01016-GREY-XL-NOBR,"FLOW 01016 (grey, XL)",FLOW 01016,"grey, XL",GREY,XL
2000000006284,1-TRDB-M-FREEP-UNIC-S-NOBR,FREEPORT FREEP (S),FREEPORT FREEP,S,UNIC,S
2000000006260,1-TRDB-M-FREEP-UNIC-L-NOBR,FREEPORT FREEP (L),FREEPORT FREEP,L,UNIC,L
2000000001487,1-CAMI-M-FRODO-BLCK-S-NOBR,"FRODO (BLACK, S)",FRODO,"BLACK, S",BLCK,S
2000000001531,1-CAMI-M-FRODO-ECRU-S-NOBR,"FRODO (Ecru, S)",FRODO,"Ecru, S",ECRU,S
2000000006161,1-TRDB-M-FEATH-UNIC-L-NOBR,Feather FEATH (L),Feather FEATH,L,UNIC,L
2000000006246,1-TRDB-M-FIDJI-UNIC-XL-NOBR,Fidji FIDJI (XL),Fidji FIDJI,XL,UNIC,XL
2000000006239,1-TRDB-M-FIDJI-UNIC-S-NOBR,Fidji FIDJI (S),Fidji FIDJI,S,UNIC,S
2000000023717,1-CAMP-M-01161-BLCK-XL-PARK,"Foggerty 01161 (XL, Parka)",Foggerty 01161,"XL, Parka",BLCK,XL
2000000023663,1-CAMP-M-01161-BLCK-M-NOBR,"Foggerty 01161 (M, nobrand)",Foggerty 01161,"M, nobrand",BLCK,M
2000000023816,1-CAMP-M-01162-BLCK-XL-PARK,"Foggerty 01162 (XL, Parka)",Foggerty 01162,"XL, Parka",BLCK,XL
2000000023830,1-CAMP-M-01162-BLCK-XXL-PARK,"Foggerty 01162 (XXL, Parka)",Foggerty 01162,"XXL, Parka",BLCK,XXL
2000000023793,1-CAMP-M-01162-BLCK-S-PARK,"Foggerty 01162 (S, Parka)",Foggerty 01162,"S, Parka",BLCK,S
2000000024172,1-CAMP-M-01166-BLCK-M-PUFE,"Fox 01166 (M, Puffers)",Fox 01166,"M, Puffers",BLCK,M
2000000001517,1-CAMI-M-FRODO-ECRU-L-NOBR,"FRODO (Ecru, L)",FRODO,"Ecru, L",ECRU,L
2000000001470,1-CAMI-M-FRODO-BLCK-M-NOBR,"FRODO (BLACK, M)",FRODO,"BLACK, M",BLCK,M
2000000001548,1-CAMI-M-FRODO-ECRU-XL-NOBR,"FRODO (Ecru, XL)",FRODO,"Ecru, XL",ECRU,XL
2000000006192,1-TRDB-M-FEATH-UNIC-XL-NOBR,Feather FEATH (XL),Feather FEATH,XL,UNIC,XL
2000000006253,1-TRDB-M-FIDJI-UNIC-XXL-NOBR,Fidji FIDJI (XXL),Fidji FIDJI,XXL,UNIC,XXL
2000000023694,1-CAMP-M-01161-BLCK-S-PARK,"Foggerty 01161 (S, Parka)",Foggerty 01161,"S, Parka",BLCK,S
2000000023656,1-CAMP-M-01161-BLCK-L-PARK,"Foggerty 01161 (L, Parka)",Foggerty 01161,"L, Parka",BLCK,L
2000000023786,1-CAMP-M-01162-BLCK-S-NOBR,"Foggerty 01162 (S, nobrand)",Foggerty 01162,"S, nobrand",BLCK,S
2000000023755,1-CAMP-M-01162-BLCK-L-PARK,"Foggerty 01162 (L, Parka)",Foggerty 01162,"L, Parka",BLCK,L
2000000023823,1-CAMP-M-01162-BLCK-XXL-NOBR,"Foggerty 01162 (XXL, nobrand)",Foggerty 01162,"XXL, nobrand",BLCK,XXL
2000000024189,1-CAMP-M-01166-BLCK-S-NOBR,"Fox 01166 (S, nobrand)",Fox 01166,"S, nobrand",BLCK,S
2000000001500,1-CAMI-M-FRODO-BLCK-XXL-NOBR,"FRODO (BLACK, XXL)",FRODO,"BLACK, XXL",BLCK,XXL
2000000001463,1-CAMI-M-FRODO-BLCK-L-NOBR,"FRODO (BLACK, L)",FRODO,"BLACK, L",BLCK,L
2000000001555,1-CAMI-M-FRODO-ECRU-XXL-NOBR,"FRODO (Ecru, XXL)",FRODO,"Ecru, XXL",ECRU,XXL
2000000006208,1-TRDB-M-FEATH-UNIC-XXL-NOBR,Feather FEATH (XXL),Feather FEATH,XXL,UNIC,XXL
2000000006215,1-TRDB-M-FIDJI-UNIC-L-NOBR,Fidji FIDJI (L),Fidji FIDJI,L,UNIC,L
2000000023731,1-CAMP-M-01161-BLCK-XXL-PARK,"Foggerty 01161 (XXL, Parka)",Foggerty 01161,"XXL, Parka",BLCK,XXL
2000000023687,1-CAMP-M-01161-BLCK-S-NOBR,"Foggerty 01161 (S, nobrand)",Foggerty 01161,"S, nobrand",BLCK,S
2000000023649,1-CAMP-M-01161-BLCK-L-NOBR,"Foggerty 01161 (L, nobrand)",Foggerty 01161,"L, nobrand",BLCK,L
2000000023779,1-CAMP-M-01162-BLCK-M-PARK,"Foggerty 01162 (M, Parka)",Foggerty 01162,"M, Parka",BLCK,M
2000000023748,1-CAMP-M-01162-BLCK-L-NOBR,"Foggerty 01162 (L, nobrand)",Foggerty 01162,"L, nobrand",BLCK,L
2000000024158,1-CAMP-M-01166-BLCK-L-PUFE,"Fox 01166 (L, Puffers)",Fox 01166,"L, Puffers",BLCK,L
2000000024196,1-CAMP-M-01166-BLCK-S-PUFE,"Fox 01166 (S, Puffers)",Fox 01166,"S, Puffers",BLCK,S
2000000001494,1-CAMI-M-FRODO-BLCK-XL-NOBR,"FRODO (BLACK, XL)",FRODO,"BLACK, XL",BLCK,XL
2000000001524,1-CAMI-M-FRODO-ECRU-M-NOBR,"FRODO (Ecru, M)",FRODO,"Ecru, M",ECRU,M
2000000006178,1-TRDB-M-FEATH-UNIC-M-NOBR,Feather FEATH (M),Feather FEATH,M,UNIC,M
2000000006185,1-TRDB-M-FEATH-UNIC-S-NOBR,Feather FEATH (S),Feather FEATH,S,UNIC,S
2000000006222,1-TRDB-M-FIDJI-UNIC-M-NOBR,Fidji FIDJI (M),Fidji FIDJI,M,UNIC,M
2000000023724,1-CAMP-M-01161-BLCK-XXL-NOBR,"Foggerty 01161 (XXL, nobrand)",Foggerty 01161,"XXL, nobrand",BLCK,XXL
2000000023670,1-CAMP-M-01161-BLCK-M-PARK,"Foggerty 01161 (M, Parka)",Foggerty 01161,"M, Parka",BLCK,M
2000000023700,1-CAMP-M-01161-BLCK-XL-NOBR,"Foggerty 01161 (XL, nobrand)",Foggerty 01161,"XL, nobrand",BLCK,XL
2000000023762,1-CAMP-M-01162-BLCK-M-NOBR,"Foggerty 01162 (M, nobrand)",Foggerty 01162,"M, nobrand",BLCK,M
2000000023809,1-CAMP-M-01162-BLCK-XL-NOBR,"Foggerty 01162 (XL, nobrand)",Foggerty 01162,"XL, nobrand",BLCK,XL
2000000024165,1-CAMP-M-01166-BLCK-M-NOBR,"Fox 01166 (M, nobrand)",Fox 01166,"M, nobrand",BLCK,M
2000000024233,1-CAMP-M-01166-BLCK-XXL-PUFE,"Fox 01166 (XXL, Puffers)",Fox 01166,"XXL, Puffers",BLCK,XXL
2000000024202,1-CAMP-M-01166-BLCK-XL-NOBR,"Fox 01166 (XL, nobrand)",Fox 01166,"XL, nobrand",BLCK,XL
2000000033556,1-CAMP-W-00013-BEIG-M-PARK,"GEMINI 00013 (Beige, M, Parka)",GEMINI 00013,"Beige, M, Parka",BEIG,M
2000000033594,1-CAMP-W-00013-BEIG-XL-PARK,"GEMINI 00013 (Beige, XL, Parka)",GEMINI 00013,"Beige, XL, Parka",BEIG,XL
2000000033648,1-CAMP-W-00013-BLCK-S-NOBR,"GEMINI 00013 (BLACK, S, nobrand)",GEMINI 00013,"BLACK, S, nobrand",BLCK,S
2000000033686,1-CAMP-W-00013-PINK-L-NOBR,"GEMINI 00013 (Pink, L, nobrand)",GEMINI 00013,"Pink, L, nobrand",PINK,L
2000000033723,1-CAMP-W-00013-PINK-S-NOBR,"GEMINI 00013 (Pink, S, nobrand)",GEMINI 00013,"Pink, S, nobrand",PINK,S
2000000033525,1-CAMP-W-00013-BEIG-L-NOBR,"GEMINI 00013 (Beige, L, nobrand)",GEMINI 00013,"Beige, L, nobrand",BEIG,L
2000000001609,1-CAMI-M-GENIE-GREN-XXL-NOBR,"GENIE (Green, XXL)",GENIE,"Green, XXL",GREN,XXL
2000000001562,1-CAMI-M-GENIE-GREN-L-NOBR,"GENIE (Green, L)",GENIE,"Green, L",GREN,L
,CURVA-GIJON-UNIC-NOBR,GIJON — Curva 8u (1S/2M/2L/2XL/1XXL),GIJON — Curva 8u,1S/2M/2L/2XL/1XXL,,
2000000024141,1-CAMP-M-01166-BLCK-L-NOBR,"Fox 01166 (L, nobrand)",Fox 01166,"L, nobrand",BLCK,L
2000000033563,1-CAMP-W-00013-BEIG-S-NOBR,"GEMINI 00013 (Beige, S, nobrand)",GEMINI 00013,"Beige, S, nobrand",BEIG,S
2000000033600,1-CAMP-W-00013-BLCK-L-NOBR,"GEMINI 00013 (BLACK, L, nobrand)",GEMINI 00013,"BLACK, L, nobrand",BLCK,L
2000000033655,1-CAMP-W-00013-BLCK-S-PARK,"GEMINI 00013 (BLACK, S, Parka)",GEMINI 00013,"BLACK, S, Parka",BLCK,S
2000000033693,1-CAMP-W-00013-PINK-L-PARK,"GEMINI 00013 (Pink, L, Parka)",GEMINI 00013,"Pink, L, Parka",PINK,L
2000000033730,1-CAMP-W-00013-PINK-S-PARK,"GEMINI 00013 (Pink, S, Parka)",GEMINI 00013,"Pink, S, Parka",PINK,S
2000000033631,1-CAMP-W-00013-BLCK-M-PARK,"GEMINI 00013 (BLACK, M, Parka)",GEMINI 00013,"BLACK, M, Parka",BLCK,M
2000000001593,1-CAMI-M-GENIE-GREN-XL-NOBR,"GENIE (Green, XL)",GENIE,"Green, XL",GREN,XL
2000000001616,1-CAMI-M-GENIE-NAVY-L-NOBR,"GENIE (Navy, L)",GENIE,"Navy, L",NAVY,L
2000000013961,1-CAMP-M-00071-NAVY-S-NOBR,"GIMLI 00071 (Navy, S, nobrand)",GIMLI 00071,"Navy, S, nobrand",NAVY,S
2000000024219,1-CAMP-M-01166-BLCK-XL-PUFE,"Fox 01166 (XL, Puffers)",Fox 01166,"XL, Puffers",BLCK,XL
2000000033532,1-CAMP-W-00013-BEIG-L-PARK,"GEMINI 00013 (Beige, L, Parka)",GEMINI 00013,"Beige, L, Parka",BEIG,L
2000000033570,1-CAMP-W-00013-BEIG-S-PARK,"GEMINI 00013 (Beige, S, Parka)",GEMINI 00013,"Beige, S, Parka",BEIG,S
2000000033617,1-CAMP-W-00013-BLCK-L-PARK,"GEMINI 00013 (BLACK, L, Parka)",GEMINI 00013,"BLACK, L, Parka",BLCK,L
2000000033662,1-CAMP-W-00013-BLCK-XL-NOBR,"GEMINI 00013 (BLACK, XL, nobrand)",GEMINI 00013,"BLACK, XL, nobrand",BLCK,XL
2000000033709,1-CAMP-W-00013-PINK-M-NOBR,"GEMINI 00013 (Pink, M, nobrand)",GEMINI 00013,"Pink, M, nobrand",PINK,M
2000000033747,1-CAMP-W-00013-PINK-XL-NOBR,"GEMINI 00013 (Pink, XL, nobrand)",GEMINI 00013,"Pink, XL, nobrand",PINK,XL
2000000001579,1-CAMI-M-GENIE-GREN-M-NOBR,"GENIE (Green, M)",GENIE,"Green, M",GREN,M
2000000001586,1-CAMI-M-GENIE-GREN-S-NOBR,"GENIE (Green, S)",GENIE,"Green, S",GREN,S
2000000001630,1-CAMI-M-GENIE-NAVY-S-NOBR,"GENIE (Navy, S)",GENIE,"Navy, S",NAVY,S
2000000013978,1-CAMP-M-00071-NAVY-S-PARK,"GIMLI 00071 (Navy, S, Parka)",GIMLI 00071,"Navy, S, Parka",NAVY,S
2000000024226,1-CAMP-M-01166-BLCK-XXL-NOBR,"Fox 01166 (XXL, nobrand)",Fox 01166,"XXL, nobrand",BLCK,XXL
2000000033549,1-CAMP-W-00013-BEIG-M-NOBR,"GEMINI 00013 (Beige, M, nobrand)",GEMINI 00013,"Beige, M, nobrand",BEIG,M
2000000033587,1-CAMP-W-00013-BEIG-XL-NOBR,"GEMINI 00013 (Beige, XL, nobrand)",GEMINI 00013,"Beige, XL, nobrand",BEIG,XL
2000000033624,1-CAMP-W-00013-BLCK-M-NOBR,"GEMINI 00013 (BLACK, M, nobrand)",GEMINI 00013,"BLACK, M, nobrand",BLCK,M
2000000033679,1-CAMP-W-00013-BLCK-XL-PARK,"GEMINI 00013 (BLACK, XL, Parka)",GEMINI 00013,"BLACK, XL, Parka",BLCK,XL
2000000033716,1-CAMP-W-00013-PINK-M-PARK,"GEMINI 00013 (Pink, M, Parka)",GEMINI 00013,"Pink, M, Parka",PINK,M
2000000033754,1-CAMP-W-00013-PINK-XL-PARK,"GEMINI 00013 (Pink, XL, Parka)",GEMINI 00013,"Pink, XL, Parka",PINK,XL
2000000001623,1-CAMI-M-GENIE-NAVY-M-NOBR,"GENIE (Navy, M)",GENIE,"Navy, M",NAVY,M
2000000001654,1-CAMI-M-GENIE-NAVY-XXL-NOBR,"GENIE (Navy, XXL)",GENIE,"Navy, XXL",NAVY,XXL
2000000001647,1-CAMI-M-GENIE-NAVY-XL-NOBR,"GENIE (Navy, XL)",GENIE,"Navy, XL",NAVY,XL
2000000013985,1-CAMP-M-00071-NAVY-XL-NOBR,"GIMLI 00071 (Navy, XL, nobrand)",GIMLI 00071,"Navy, XL, nobrand",NAVY,XL
2000000013992,1-CAMP-M-00071-NAVY-XL-PARK,"GIMLI 00071 (Navy, XL, Parka)",GIMLI 00071,"Navy, XL, Parka",NAVY,XL
2000000013879,1-CAMP-M-00071-GREN-S-PARK,"GIMLI 00071 (Green, S, Parka)",GIMLI 00071,"Green, S, Parka",GREN,S
2000000013916,1-CAMP-M-00071-GREN-XXL-PARK,"GIMLI 00071 (Green, XXL, Parka)",GIMLI 00071,"Green, XXL, Parka",GREN,XXL
2000000013954,1-CAMP-M-00071-NAVY-M-PARK,"GIMLI 00071 (Navy, M, Parka)",GIMLI 00071,"Navy, M, Parka",NAVY,M
2000000013800,1-CAMP-M-00071-BLCK-XXL-NOBR,"GIMLI 00071 (BLACK, XXL, nobrand)",GIMLI 00071,"BLACK, XXL, nobrand",BLCK,XXL
2000000013787,1-CAMP-M-00071-BLCK-XL-NOBR,"GIMLI 00071 (BLACK, XL, nobrand)",GIMLI 00071,"BLACK, XL, nobrand",BLCK,XL
2000000013756,1-CAMP-M-00071-BLCK-M-PARK,"GIMLI 00071 (BLACK, M, Parka)",GIMLI 00071,"BLACK, M, Parka",BLCK,M
2000000003184,1-CHOM-M-GLANT-NAVY-S-NOBR,"GLANTON (Navy, S)",GLANTON,"Navy, S",NAVY,S
2000000003092,1-CHOM-M-GLANT-BLCK-XL-NOBR,"GLANTON (BLACK, XL)",GLANTON,"BLACK, XL",BLCK,XL
2000000003061,1-CHOM-M-GLANT-BLCK-L-NOBR,"GLANTON (BLACK, L)",GLANTON,"BLACK, L",BLCK,L
2000000003122,1-CHOM-M-GLANT-ECRU-M-NOBR,"GLANTON (Ecru, M)",GLANTON,"Ecru, M",ECRU,M
,CURVA-GLANT-ECRU-NOBR,GLANTON OFFWHITE — Curva 8u (1S/2M/2L/2XL/1XXL),GLANTON OFFWHITE — Curva 8u,1S/2M/2L/2XL/1XXL,,
2000000014005,1-CAMP-M-00071-NAVY-XXL-NOBR,"GIMLI 00071 (Navy, XXL, nobrand)",GIMLI 00071,"Navy, XXL, nobrand",NAVY,XXL
2000000013886,1-CAMP-M-00071-GREN-XL-NOBR,"GIMLI 00071 (Green, XL, nobrand)",GIMLI 00071,"Green, XL, nobrand",GREN,XL
2000000013923,1-CAMP-M-00071-NAVY-L-NOBR,"GIMLI 00071 (Navy, L, nobrand)",GIMLI 00071,"Navy, L, nobrand",NAVY,L
2000000013831,1-CAMP-M-00071-GREN-L-PARK,"GIMLI 00071 (Green, L, Parka)",GIMLI 00071,"Green, L, Parka",GREN,L
2000000013848,1-CAMP-M-00071-GREN-M-NOBR,"GIMLI 00071 (Green, M, nobrand)",GIMLI 00071,"Green, M, nobrand",GREN,M
2000000013732,1-CAMP-M-00071-BLCK-L-PARK,"GIMLI 00071 (BLACK, L, Parka)",GIMLI 00071,"BLACK, L, Parka",BLCK,L
2000000013749,1-CAMP-M-00071-BLCK-M-NOBR,"GIMLI 00071 (BLACK, M, nobrand)",GIMLI 00071,"BLACK, M, nobrand",BLCK,M
2000000003177,1-CHOM-M-GLANT-NAVY-M-NOBR,"GLANTON (Navy, M)",GLANTON,"Navy, M",NAVY,M
2000000003146,1-CHOM-M-GLANT-ECRU-XL-NOBR,"GLANTON (Ecru, XL)",GLANTON,"Ecru, XL",ECRU,XL
2000000003207,1-CHOM-M-GLANT-NAVY-XXL-NOBR,"GLANTON (Navy, XXL)",GLANTON,"Navy, XXL",NAVY,XXL
2000000003160,1-CHOM-M-GLANT-NAVY-L-NOBR,"GLANTON (Navy, L)",GLANTON,"Navy, L",NAVY,L
,CURVA-CAIMA-UNIC-NOBR,GRAN CAIMAN — Curva 8u (1S/2M/2L/2XL/1XXL),GRAN CAIMAN — Curva 8u,1S/2M/2L/2XL/1XXL,,
2000000014012,1-CAMP-M-00071-NAVY-XXL-PARK,"GIMLI 00071 (Navy, XXL, Parka)",GIMLI 00071,"Navy, XXL, Parka",NAVY,XXL
2000000013893,1-CAMP-M-00071-GREN-XL-PARK,"GIMLI 00071 (Green, XL, Parka)",GIMLI 00071,"Green, XL, Parka",GREN,XL
2000000013930,1-CAMP-M-00071-NAVY-L-PARK,"GIMLI 00071 (Navy, L, Parka)",GIMLI 00071,"Navy, L, Parka",NAVY,L
2000000013824,1-CAMP-M-00071-GREN-L-NOBR,"GIMLI 00071 (Green, L, nobrand)",GIMLI 00071,"Green, L, nobrand",GREN,L
2000000013794,1-CAMP-M-00071-BLCK-XL-PARK,"GIMLI 00071 (BLACK, XL, Parka)",GIMLI 00071,"BLACK, XL, Parka",BLCK,XL
2000000013770,1-CAMP-M-00071-BLCK-S-PARK,"GIMLI 00071 (BLACK, S, Parka)",GIMLI 00071,"BLACK, S, Parka",BLCK,S
2000000013855,1-CAMP-M-00071-GREN-M-PARK,"GIMLI 00071 (Green, M, Parka)",GIMLI 00071,"Green, M, Parka",GREN,M
2000000003139,1-CHOM-M-GLANT-ECRU-S-NOBR,"GLANTON (Ecru, S)",GLANTON,"Ecru, S",ECRU,S
2000000003085,1-CHOM-M-GLANT-BLCK-S-NOBR,"GLANTON (BLACK, S)",GLANTON,"BLACK, S",BLCK,S
2000000003153,1-CHOM-M-GLANT-ECRU-XXL-NOBR,"GLANTON (Ecru, XXL)",GLANTON,"Ecru, XXL",ECRU,XXL
,CURVA-GLANT-BLCK-NOBR,GLANTON BLACK — Curva 8u (1S/2M/2L/2XL/1XXL),GLANTON BLACK — Curva 8u,1S/2M/2L/2XL/1XXL,,
2000000025902,1-CAMP-M-01195-BLCK-L-PARK,"GRAVITY 01195 (L, Parka)",GRAVITY 01195,"L, Parka",BLCK,L
2000000013862,1-CAMP-M-00071-GREN-S-NOBR,"GIMLI 00071 (Green, S, nobrand)",GIMLI 00071,"Green, S, nobrand",GREN,S
2000000013909,1-CAMP-M-00071-GREN-XXL-NOBR,"GIMLI 00071 (Green, XXL, nobrand)",GIMLI 00071,"Green, XXL, nobrand",GREN,XXL
2000000013947,1-CAMP-M-00071-NAVY-M-NOBR,"GIMLI 00071 (Navy, M, nobrand)",GIMLI 00071,"Navy, M, nobrand",NAVY,M
2000000013817,1-CAMP-M-00071-BLCK-XXL-PARK,"GIMLI 00071 (BLACK, XXL, Parka)",GIMLI 00071,"BLACK, XXL, Parka",BLCK,XXL
2000000013725,1-CAMP-M-00071-BLCK-L-NOBR,"GIMLI 00071 (BLACK, L, nobrand)",GIMLI 00071,"BLACK, L, nobrand",BLCK,L
2000000013763,1-CAMP-M-00071-BLCK-S-NOBR,"GIMLI 00071 (BLACK, S, nobrand)",GIMLI 00071,"BLACK, S, nobrand",BLCK,S
2000000003115,1-CHOM-M-GLANT-ECRU-L-NOBR,"GLANTON (Ecru, L)",GLANTON,"Ecru, L",ECRU,L
2000000003108,1-CHOM-M-GLANT-BLCK-XXL-NOBR,"GLANTON (BLACK, XXL)",GLANTON,"BLACK, XXL",BLCK,XXL
2000000003078,1-CHOM-M-GLANT-BLCK-M-NOBR,"GLANTON (BLACK, M)",GLANTON,"BLACK, M",BLCK,M
2000000003191,1-CHOM-M-GLANT-NAVY-XL-NOBR,"GLANTON (Navy, XL)",GLANTON,"Navy, XL",NAVY,XL
,CURVA-GLANT-NAVY-NOBR,GLANTON NAVY — Curva 8u (1S/2M/2L/2XL/1XXL),GLANTON NAVY — Curva 8u,1S/2M/2L/2XL/1XXL,,
2000000025919,1-CAMP-M-01195-BLCK-M-NOBR,"GRAVITY 01195 (M, nobrand)",GRAVITY 01195,"M, nobrand",BLCK,M
2000000025926,1-CAMP-M-01195-BLCK-M-PARK,"GRAVITY 01195 (M, Parka)",GRAVITY 01195,"M, Parka",BLCK,M
2000000025940,1-CAMP-M-01195-BLCK-S-PARK,"GRAVITY 01195 (S, Parka)",GRAVITY 01195,"S, Parka",BLCK,S
2000000017297,1-CAMP-M-00130-BLCK-XXL-PUFE,"Gecko 00130 (BLACK, XXL, Puffers)",Gecko 00130,"BLACK, XXL, Puffers",BLCK,XXL
2000000017259,1-CAMP-M-00130-BLCK-S-PUFE,"Gecko 00130 (BLACK, S, Puffers)",Gecko 00130,"BLACK, S, Puffers",BLCK,S
2000000017211,1-CAMP-M-00130-BLCK-L-PUFE,"Gecko 00130 (BLACK, L, Puffers)",Gecko 00130,"BLACK, L, Puffers",BLCK,L
2000000017488,1-CAMP-M-00130-GREY-XXL-NOBR,"Gecko 00130 (grey, XXL, nobrand)",Gecko 00130,"grey, XXL, nobrand",GREY,XXL
2000000017310,1-CAMP-M-00130-BLUE-L-PUFE,"Gecko 00130 (Blue, L, Puffers)",Gecko 00130,"Blue, L, Puffers",BLUE,L
2000000017433,1-CAMP-M-00130-GREY-M-PUFE,"Gecko 00130 (grey, M, Puffers)",Gecko 00130,"grey, M, Puffers",GREY,M
2000000017389,1-CAMP-M-00130-BLUE-XXL-NOBR,"Gecko 00130 (Blue, XXL, nobrand)",Gecko 00130,"Blue, XXL, nobrand",BLUE,XXL
2000000017341,1-CAMP-M-00130-BLUE-S-NOBR,"Gecko 00130 (Blue, S, nobrand)",Gecko 00130,"Blue, S, nobrand",BLUE,S
2000000006338,1-TRDB-M-GIJON-UNIC-S-NOBR,Gijon GIJON (S),Gijon GIJON,S,UNIC,S
2000000006383,1-TRDB-M-GLASG-UNIC-S-NOBR,Glasgow GLASG (S),Glasgow GLASG,S,UNIC,S
2000000025933,1-CAMP-M-01195-BLCK-S-NOBR,"GRAVITY 01195 (S, nobrand)",GRAVITY 01195,"S, nobrand",BLCK,S
2000000025964,1-CAMP-M-01195-BLCK-XL-PARK,"GRAVITY 01195 (XL, Parka)",GRAVITY 01195,"XL, Parka",BLCK,XL
2000000017280,1-CAMP-M-00130-BLCK-XXL-NOBR,"Gecko 00130 (BLACK, XXL, nobrand)",Gecko 00130,"BLACK, XXL, nobrand",BLCK,XXL
2000000017242,1-CAMP-M-00130-BLCK-S-NOBR,"Gecko 00130 (BLACK, S, nobrand)",Gecko 00130,"BLACK, S, nobrand",BLCK,S
2000000017204,1-CAMP-M-00130-BLCK-L-NOBR,"Gecko 00130 (BLACK, L, nobrand)",Gecko 00130,"BLACK, L, nobrand",BLCK,L
2000000017358,1-CAMP-M-00130-BLUE-S-PUFE,"Gecko 00130 (Blue, S, Puffers)",Gecko 00130,"Blue, S, Puffers",BLUE,S
2000000017303,1-CAMP-M-00130-BLUE-L-NOBR,"Gecko 00130 (Blue, L, nobrand)",Gecko 00130,"Blue, L, nobrand",BLUE,L
2000000017426,1-CAMP-M-00130-GREY-M-NOBR,"Gecko 00130 (grey, M, nobrand)",Gecko 00130,"grey, M, nobrand",GREY,M
2000000017372,1-CAMP-M-00130-BLUE-XL-PUFE,"Gecko 00130 (Blue, XL, Puffers)",Gecko 00130,"Blue, XL, Puffers",BLUE,XL
2000000017396,1-CAMP-M-00130-BLUE-XXL-PUFE,"Gecko 00130 (Blue, XXL, Puffers)",Gecko 00130,"Blue, XXL, Puffers",BLUE,XXL
2000000006321,1-TRDB-M-GIJON-UNIC-M-NOBR,Gijon GIJON (M),Gijon GIJON,M,UNIC,M
2000000006390,1-TRDB-M-GLASG-UNIC-XL-NOBR,Glasgow GLASG (XL),Glasgow GLASG,XL,UNIC,XL
2000000025988,1-CAMP-M-01195-BLCK-XXL-PARK,"GRAVITY 01195 (XXL, Parka)",GRAVITY 01195,"XXL, Parka",BLCK,XXL
2000000025957,1-CAMP-M-01195-BLCK-XL-NOBR,"GRAVITY 01195 (XL, nobrand)",GRAVITY 01195,"XL, nobrand",BLCK,XL
2000000017273,1-CAMP-M-00130-BLCK-XL-PUFE,"Gecko 00130 (BLACK, XL, Puffers)",Gecko 00130,"BLACK, XL, Puffers",BLCK,XL
2000000017235,1-CAMP-M-00130-BLCK-M-PUFE,"Gecko 00130 (BLACK, M, Puffers)",Gecko 00130,"BLACK, M, Puffers",BLCK,M
2000000017495,1-CAMP-M-00130-GREY-XXL-PUFE,"Gecko 00130 (grey, XXL, Puffers)",Gecko 00130,"grey, XXL, Puffers",GREY,XXL
2000000017334,1-CAMP-M-00130-BLUE-M-PUFE,"Gecko 00130 (Blue, M, Puffers)",Gecko 00130,"Blue, M, Puffers",BLUE,M
2000000017457,1-CAMP-M-00130-GREY-S-PUFE,"Gecko 00130 (grey, S, Puffers)",Gecko 00130,"grey, S, Puffers",GREY,S
2000000017419,1-CAMP-M-00130-GREY-L-PUFE,"Gecko 00130 (grey, L, Puffers)",Gecko 00130,"grey, L, Puffers",GREY,L
2000000017464,1-CAMP-M-00130-GREY-XL-NOBR,"Gecko 00130 (grey, XL, nobrand)",Gecko 00130,"grey, XL, nobrand",GREY,XL
2000000006352,1-TRDB-M-GIJON-UNIC-XXL-NOBR,Gijon GIJON (XXL),Gijon GIJON,XXL,UNIC,XXL
2000000006314,1-TRDB-M-GIJON-UNIC-L-NOBR,Gijon GIJON (L),Gijon GIJON,L,UNIC,L
2000000006406,1-TRDB-M-GLASG-UNIC-XXL-NOBR,Glasgow GLASG (XXL),Glasgow GLASG,XXL,UNIC,XXL
2000000025971,1-CAMP-M-01195-BLCK-XXL-NOBR,"GRAVITY 01195 (XXL, nobrand)",GRAVITY 01195,"XXL, nobrand",BLCK,XXL
2000000025896,1-CAMP-M-01195-BLCK-L-NOBR,"GRAVITY 01195 (L, nobrand)",GRAVITY 01195,"L, nobrand",BLCK,L
2000000017266,1-CAMP-M-00130-BLCK-XL-NOBR,"Gecko 00130 (BLACK, XL, nobrand)",Gecko 00130,"BLACK, XL, nobrand",BLCK,XL
2000000017228,1-CAMP-M-00130-BLCK-M-NOBR,"Gecko 00130 (BLACK, M, nobrand)",Gecko 00130,"BLACK, M, nobrand",BLCK,M
2000000017365,1-CAMP-M-00130-BLUE-XL-NOBR,"Gecko 00130 (Blue, XL, nobrand)",Gecko 00130,"Blue, XL, nobrand",BLUE,XL
2000000017327,1-CAMP-M-00130-BLUE-M-NOBR,"Gecko 00130 (Blue, M, nobrand)",Gecko 00130,"Blue, M, nobrand",BLUE,M
2000000017440,1-CAMP-M-00130-GREY-S-NOBR,"Gecko 00130 (grey, S, nobrand)",Gecko 00130,"grey, S, nobrand",GREY,S
2000000017402,1-CAMP-M-00130-GREY-L-NOBR,"Gecko 00130 (grey, L, nobrand)",Gecko 00130,"grey, L, nobrand",GREY,L
2000000017471,1-CAMP-M-00130-GREY-XL-PUFE,"Gecko 00130 (grey, XL, Puffers)",Gecko 00130,"grey, XL, Puffers",GREY,XL
2000000006345,1-TRDB-M-GIJON-UNIC-XL-NOBR,Gijon GIJON (XL),Gijon GIJON,XL,UNIC,XL
2000000006369,1-TRDB-M-GLASG-UNIC-L-NOBR,Glasgow GLASG (L),Glasgow GLASG,L,UNIC,L
2000000006376,1-TRDB-M-GLASG-UNIC-M-NOBR,Glasgow GLASG (M),Glasgow GLASG,M,UNIC,M
2000000013527,1-CAMP-M-00070-BLCK-L-NOBR,"Gorgon 00070 (BLACK, L, nobrand)",Gorgon 00070,"BLACK, L, nobrand",BLCK,L
2000000013664,1-CAMP-M-00070-NAVY-S-NOBR,"Gorgon 00070 (Navy, S, nobrand)",Gorgon 00070,"Navy, S, nobrand",NAVY,S
2000000013701,1-CAMP-M-00070-NAVY-XXL-NOBR,"Gorgon 00070 (Navy, XXL, nobrand)",Gorgon 00070,"Navy, XXL, nobrand",NAVY,XXL
2000000013565,1-CAMP-M-00070-BLCK-S-NOBR,"Gorgon 00070 (BLACK, S, nobrand)",Gorgon 00070,"BLACK, S, nobrand",BLCK,S
2000000013626,1-CAMP-M-00070-NAVY-L-NOBR,"Gorgon 00070 (Navy, L, nobrand)",Gorgon 00070,"Navy, L, nobrand",NAVY,L
2000000005324,1-TRDB-M-CAIMA-UNIC-M-NOBR,Grand Caiman CAIMA (M),Grand Caiman CAIMA,M,UNIC,M
2000000005317,1-TRDB-M-CAIMA-UNIC-L-NOBR,Grand Caiman CAIMA (L),Grand Caiman CAIMA,L,UNIC,L
2000000006420,1-TRDB-M-GREYS-UNIC-M-NOBR,Grey Scale GREYS (M),Grey Scale GREYS,M,UNIC,M
2000000032344,1-CAMP-W-00008-BEIG-XL-NOBR,"HARMONY 00008 (W, Beige, XL, nobrand)",HARMONY 00008,"W, Beige, XL, nobrand",BEIG,XL
2000000032306,1-CAMP-W-00008-BEIG-M-NOBR,"HARMONY 00008 (W, Beige, M, nobrand)",HARMONY 00008,"W, Beige, M, nobrand",BEIG,M
2000000013206,1-CAMP-M-00008-GREN-XXL-NOBR,"HARMONY 00008 (M, Green, XXL, nobrand)",HARMONY 00008,"M, Green, XXL, nobrand",GREN,XXL
2000000013169,1-CAMP-M-00008-GREN-S-NOBR,"HARMONY 00008 (M, Green, S, nobrand)",HARMONY 00008,"M, Green, S, nobrand",GREN,S
2000000013633,1-CAMP-M-00070-NAVY-L-PARK,"Gorgon 00070 (Navy, L, Parka)",Gorgon 00070,"Navy, L, Parka",NAVY,L
2000000013671,1-CAMP-M-00070-NAVY-S-PARK,"Gorgon 00070 (Navy, S, Parka)",Gorgon 00070,"Navy, S, Parka",NAVY,S
2000000013558,1-CAMP-M-00070-BLCK-M-PARK,"Gorgon 00070 (BLACK, M, Parka)",Gorgon 00070,"BLACK, M, Parka",BLCK,M
2000000013596,1-CAMP-M-00070-BLCK-XL-PARK,"Gorgon 00070 (BLACK, XL, Parka)",Gorgon 00070,"BLACK, XL, Parka",BLCK,XL
2000000013718,1-CAMP-M-00070-NAVY-XXL-PARK,"Gorgon 00070 (Navy, XXL, Parka)",Gorgon 00070,"Navy, XXL, Parka",NAVY,XXL
2000000005348,1-TRDB-M-CAIMA-UNIC-XL-NOBR,Grand Caiman CAIMA (XL),Grand Caiman CAIMA,XL,UNIC,XL
2000000006444,1-TRDB-M-GREYS-UNIC-XL-NOBR,Grey Scale GREYS (XL),Grey Scale GREYS,XL,UNIC,XL
2000000006413,1-TRDB-M-GREYS-UNIC-L-NOBR,Grey Scale GREYS (L),Grey Scale GREYS,L,UNIC,L
2000000032337,1-CAMP-W-00008-BEIG-S-PARK,"HARMONY 00008 (W, Beige, S, Parka)",HARMONY 00008,"W, Beige, S, Parka",BEIG,S
2000000032290,1-CAMP-W-00008-BEIG-L-PARK,"HARMONY 00008 (W, Beige, L, Parka)",HARMONY 00008,"W, Beige, L, Parka",BEIG,L
2000000013190,1-CAMP-M-00008-GREN-XL-PARK,"HARMONY 00008 (M, Green, XL, Parka)",HARMONY 00008,"M, Green, XL, Parka",GREN,XL
2000000013152,1-CAMP-M-00008-GREN-M-PARK,"HARMONY 00008 (M, Green, M, Parka)",HARMONY 00008,"M, Green, M, Parka",GREN,M
2000000013640,1-CAMP-M-00070-NAVY-M-NOBR,"Gorgon 00070 (Navy, M, nobrand)",Gorgon 00070,"Navy, M, nobrand",NAVY,M
2000000013688,1-CAMP-M-00070-NAVY-XL-NOBR,"Gorgon 00070 (Navy, XL, nobrand)",Gorgon 00070,"Navy, XL, nobrand",NAVY,XL
2000000013572,1-CAMP-M-00070-BLCK-S-PARK,"Gorgon 00070 (BLACK, S, Parka)",Gorgon 00070,"BLACK, S, Parka",BLCK,S
2000000013602,1-CAMP-M-00070-BLCK-XXL-NOBR,"Gorgon 00070 (BLACK, XXL, nobrand)",Gorgon 00070,"BLACK, XXL, nobrand",BLCK,XXL
2000000013541,1-CAMP-M-00070-BLCK-M-NOBR,"Gorgon 00070 (BLACK, M, nobrand)",Gorgon 00070,"BLACK, M, nobrand",BLCK,M
2000000005331,1-TRDB-M-CAIMA-UNIC-S-NOBR,Grand Caiman CAIMA (S),Grand Caiman CAIMA,S,UNIC,S
2000000006451,1-TRDB-M-GREYS-UNIC-XXL-NOBR,Grey Scale GREYS (XXL),Grey Scale GREYS,XXL,UNIC,XXL
2000000032368,1-CAMP-W-00008-BEIG-XXL-NOBR,"HARMONY 00008 (W, Beige, XXL, nobrand)",HARMONY 00008,"W, Beige, XXL, nobrand",BEIG,XXL
2000000032320,1-CAMP-W-00008-BEIG-S-NOBR,"HARMONY 00008 (W, Beige, S, nobrand)",HARMONY 00008,"W, Beige, S, nobrand",BEIG,S
2000000032283,1-CAMP-W-00008-BEIG-L-NOBR,"HARMONY 00008 (W, Beige, L, nobrand)",HARMONY 00008,"W, Beige, L, nobrand",BEIG,L
2000000013183,1-CAMP-M-00008-GREN-XL-NOBR,"HARMONY 00008 (M, Green, XL, nobrand)",HARMONY 00008,"M, Green, XL, nobrand",GREN,XL
2000000013145,1-CAMP-M-00008-GREN-M-NOBR,"HARMONY 00008 (M, Green, M, nobrand)",HARMONY 00008,"M, Green, M, nobrand",GREN,M
2000000013657,1-CAMP-M-00070-NAVY-M-PARK,"Gorgon 00070 (Navy, M, Parka)",Gorgon 00070,"Navy, M, Parka",NAVY,M
2000000013695,1-CAMP-M-00070-NAVY-XL-PARK,"Gorgon 00070 (Navy, XL, Parka)",Gorgon 00070,"Navy, XL, Parka",NAVY,XL
2000000013589,1-CAMP-M-00070-BLCK-XL-NOBR,"Gorgon 00070 (BLACK, XL, nobrand)",Gorgon 00070,"BLACK, XL, nobrand",BLCK,XL
2000000013619,1-CAMP-M-00070-BLCK-XXL-PARK,"Gorgon 00070 (BLACK, XXL, Parka)",Gorgon 00070,"BLACK, XXL, Parka",BLCK,XXL
2000000013534,1-CAMP-M-00070-BLCK-L-PARK,"Gorgon 00070 (BLACK, L, Parka)",Gorgon 00070,"BLACK, L, Parka",BLCK,L
2000000005355,1-TRDB-M-CAIMA-UNIC-XXL-NOBR,Grand Caiman CAIMA (XXL),Grand Caiman CAIMA,XXL,UNIC,XXL
2000000006437,1-TRDB-M-GREYS-UNIC-S-NOBR,Grey Scale GREYS (S),Grey Scale GREYS,S,UNIC,S
2000000032351,1-CAMP-W-00008-BEIG-XL-PARK,"HARMONY 00008 (W, Beige, XL, Parka)",HARMONY 00008,"W, Beige, XL, Parka",BEIG,XL
2000000032313,1-CAMP-W-00008-BEIG-M-PARK,"HARMONY 00008 (W, Beige, M, Parka)",HARMONY 00008,"W, Beige, M, Parka",BEIG,M
2000000013213,1-CAMP-M-00008-GREN-XXL-PARK,"HARMONY 00008 (M, Green, XXL, Parka)",HARMONY 00008,"M, Green, XXL, Parka",GREN,XXL
2000000013176,1-CAMP-M-00008-GREN-S-PARK,"HARMONY 00008 (M, Green, S, Parka)",HARMONY 00008,"M, Green, S, Parka",GREN,S
2000000013138,1-CAMP-M-00008-GREN-L-PARK,"HARMONY 00008 (M, Green, L, Parka)",HARMONY 00008,"M, Green, L, Parka",GREN,L
2000000013121,1-CAMP-M-00008-GREN-L-NOBR,"HARMONY 00008 (M, Green, L, nobrand)",HARMONY 00008,"M, Green, L, nobrand",GREN,L
2000000013084,1-CAMP-M-00008-CHOC-XL-NOBR,"HARMONY 00008 (M, Chocolate, XL, nobrand)",HARMONY 00008,"M, Chocolate, XL, nobrand",CHOC,XL
2000000013046,1-CAMP-M-00008-CHOC-M-NOBR,"HARMONY 00008 (M, Chocolate, M, nobrand)",HARMONY 00008,"M, Chocolate, M, nobrand",CHOC,M
2000000013008,1-CAMP-M-00008-BLCK-XXL-NOBR,"HARMONY 00008 (M, BLACK, XXL, nobrand)",HARMONY 00008,"M, BLACK, XXL, nobrand",BLCK,XXL
2000000012964,1-CAMP-M-00008-BLCK-S-NOBR,"HARMONY 00008 (M, BLACK, S, nobrand)",HARMONY 00008,"M, BLACK, S, nobrand",BLCK,S
2000000032641,1-CAMP-W-00008-GREN-XL-NOBR,"HARMONY 00008 (W, Green, XL, nobrand)",HARMONY 00008,"W, Green, XL, nobrand",GREN,XL
2000000032603,1-CAMP-W-00008-GREN-M-NOBR,"HARMONY 00008 (W, Green, M, nobrand)",HARMONY 00008,"W, Green, M, nobrand",GREN,M
2000000032566,1-CAMP-W-00008-CHOC-XXL-NOBR,"HARMONY 00008 (W, Chocolate, XXL, nobrand)",HARMONY 00008,"W, Chocolate, XXL, nobrand",CHOC,XXL
2000000032511,1-CAMP-W-00008-CHOC-M-PARK,"HARMONY 00008 (W, Chocolate, M, Parka)",HARMONY 00008,"W, Chocolate, M, Parka",CHOC,M
2000000032474,1-CAMP-W-00008-BLCK-XXL-PARK,"HARMONY 00008 (W, BLACK, XXL, Parka)",HARMONY 00008,"W, BLACK, XXL, Parka",BLCK,XXL
2000000032436,1-CAMP-W-00008-BLCK-S-PARK,"HARMONY 00008 (W, BLACK, S, Parka)",HARMONY 00008,"W, BLACK, S, Parka",BLCK,S
2000000032399,1-CAMP-W-00008-BLCK-L-PARK,"HARMONY 00008 (W, BLACK, L, Parka)",HARMONY 00008,"W, BLACK, L, Parka",BLCK,L
2000000013114,1-CAMP-M-00008-CHOC-XXL-PARK,"HARMONY 00008 (M, Chocolate, XXL, Parka)",HARMONY 00008,"M, Chocolate, XXL, Parka",CHOC,XXL
2000000013077,1-CAMP-M-00008-CHOC-S-PARK,"HARMONY 00008 (M, Chocolate, S, Parka)",HARMONY 00008,"M, Chocolate, S, Parka",CHOC,S
2000000013039,1-CAMP-M-00008-CHOC-L-PARK,"HARMONY 00008 (M, Chocolate, L, Parka)",HARMONY 00008,"M, Chocolate, L, Parka",CHOC,L
2000000012995,1-CAMP-M-00008-BLCK-XL-PARK,"HARMONY 00008 (M, BLACK, XL, Parka)",HARMONY 00008,"M, BLACK, XL, Parka",BLCK,XL
2000000032672,1-CAMP-W-00008-GREN-XXL-PARK,"HARMONY 00008 (W, Green, XXL, Parka)",HARMONY 00008,"W, Green, XXL, Parka",GREN,XXL
2000000032634,1-CAMP-W-00008-GREN-S-PARK,"HARMONY 00008 (W, Green, S, Parka)",HARMONY 00008,"W, Green, S, Parka",GREN,S
2000000032597,1-CAMP-W-00008-GREN-L-PARK,"HARMONY 00008 (W, Green, L, Parka)",HARMONY 00008,"W, Green, L, Parka",GREN,L
2000000032559,1-CAMP-W-00008-CHOC-XL-PARK,"HARMONY 00008 (W, Chocolate, XL, Parka)",HARMONY 00008,"W, Chocolate, XL, Parka",CHOC,XL
2000000032504,1-CAMP-W-00008-CHOC-M-NOBR,"HARMONY 00008 (W, Chocolate, M, nobrand)",HARMONY 00008,"W, Chocolate, M, nobrand",CHOC,M
2000000032467,1-CAMP-W-00008-BLCK-XXL-NOBR,"HARMONY 00008 (W, BLACK, XXL, nobrand)",HARMONY 00008,"W, BLACK, XXL, nobrand",BLCK,XXL
2000000032429,1-CAMP-W-00008-BLCK-S-NOBR,"HARMONY 00008 (W, BLACK, S, nobrand)",HARMONY 00008,"W, BLACK, S, nobrand",BLCK,S
2000000032382,1-CAMP-W-00008-BLCK-L-NOBR,"HARMONY 00008 (W, BLACK, L, nobrand)",HARMONY 00008,"W, BLACK, L, nobrand",BLCK,L
2000000013107,1-CAMP-M-00008-CHOC-XXL-NOBR,"HARMONY 00008 (M, Chocolate, XXL, nobrand)",HARMONY 00008,"M, Chocolate, XXL, nobrand",CHOC,XXL
2000000013060,1-CAMP-M-00008-CHOC-S-NOBR,"HARMONY 00008 (M, Chocolate, S, nobrand)",HARMONY 00008,"M, Chocolate, S, nobrand",CHOC,S
2000000013022,1-CAMP-M-00008-CHOC-L-NOBR,"HARMONY 00008 (M, Chocolate, L, nobrand)",HARMONY 00008,"M, Chocolate, L, nobrand",CHOC,L
2000000012988,1-CAMP-M-00008-BLCK-XL-NOBR,"HARMONY 00008 (M, BLACK, XL, nobrand)",HARMONY 00008,"M, BLACK, XL, nobrand",BLCK,XL
2000000032665,1-CAMP-W-00008-GREN-XXL-NOBR,"HARMONY 00008 (W, Green, XXL, nobrand)",HARMONY 00008,"W, Green, XXL, nobrand",GREN,XXL
2000000032627,1-CAMP-W-00008-GREN-S-NOBR,"HARMONY 00008 (W, Green, S, nobrand)",HARMONY 00008,"W, Green, S, nobrand",GREN,S
2000000032580,1-CAMP-W-00008-GREN-L-NOBR,"HARMONY 00008 (W, Green, L, nobrand)",HARMONY 00008,"W, Green, L, nobrand",GREN,L
2000000032535,1-CAMP-W-00008-CHOC-S-PARK,"HARMONY 00008 (W, Chocolate, S, Parka)",HARMONY 00008,"W, Chocolate, S, Parka",CHOC,S
2000000032498,1-CAMP-W-00008-CHOC-L-PARK,"HARMONY 00008 (W, Chocolate, L, Parka)",HARMONY 00008,"W, Chocolate, L, Parka",CHOC,L
2000000032450,1-CAMP-W-00008-BLCK-XL-PARK,"HARMONY 00008 (W, BLACK, XL, Parka)",HARMONY 00008,"W, BLACK, XL, Parka",BLCK,XL
2000000032412,1-CAMP-W-00008-BLCK-M-PARK,"HARMONY 00008 (W, BLACK, M, Parka)",HARMONY 00008,"W, BLACK, M, Parka",BLCK,M
2000000032375,1-CAMP-W-00008-BEIG-XXL-PARK,"HARMONY 00008 (W, Beige, XXL, Parka)",HARMONY 00008,"W, Beige, XXL, Parka",BEIG,XXL
2000000013091,1-CAMP-M-00008-CHOC-XL-PARK,"HARMONY 00008 (M, Chocolate, XL, Parka)",HARMONY 00008,"M, Chocolate, XL, Parka",CHOC,XL
2000000013053,1-CAMP-M-00008-CHOC-M-PARK,"HARMONY 00008 (M, Chocolate, M, Parka)",HARMONY 00008,"M, Chocolate, M, Parka",CHOC,M
2000000013015,1-CAMP-M-00008-BLCK-XXL-PARK,"HARMONY 00008 (M, BLACK, XXL, Parka)",HARMONY 00008,"M, BLACK, XXL, Parka",BLCK,XXL
2000000012971,1-CAMP-M-00008-BLCK-S-PARK,"HARMONY 00008 (M, BLACK, S, Parka)",HARMONY 00008,"M, BLACK, S, Parka",BLCK,S
2000000032658,1-CAMP-W-00008-GREN-XL-PARK,"HARMONY 00008 (W, Green, XL, Parka)",HARMONY 00008,"W, Green, XL, Parka",GREN,XL
2000000032610,1-CAMP-W-00008-GREN-M-PARK,"HARMONY 00008 (W, Green, M, Parka)",HARMONY 00008,"W, Green, M, Parka",GREN,M
2000000032573,1-CAMP-W-00008-CHOC-XXL-PARK,"HARMONY 00008 (W, Chocolate, XXL, Parka)",HARMONY 00008,"W, Chocolate, XXL, Parka",CHOC,XXL
2000000032528,1-CAMP-W-00008-CHOC-S-NOBR,"HARMONY 00008 (W, Chocolate, S, nobrand)",HARMONY 00008,"W, Chocolate, S, nobrand",CHOC,S
2000000032481,1-CAMP-W-00008-CHOC-L-NOBR,"HARMONY 00008 (W, Chocolate, L, nobrand)",HARMONY 00008,"W, Chocolate, L, nobrand",CHOC,L
2000000032443,1-CAMP-W-00008-BLCK-XL-NOBR,"HARMONY 00008 (W, BLACK, XL, nobrand)",HARMONY 00008,"W, BLACK, XL, nobrand",BLCK,XL
2000000032405,1-CAMP-W-00008-BLCK-M-NOBR,"HARMONY 00008 (W, BLACK, M, nobrand)",HARMONY 00008,"W, BLACK, M, nobrand",BLCK,M
2000000012957,1-CAMP-M-00008-BLCK-M-PARK,"HARMONY 00008 (M, BLACK, M, Parka)",HARMONY 00008,"M, BLACK, M, Parka",BLCK,M
2000000012940,1-CAMP-M-00008-BLCK-M-NOBR,"HARMONY 00008 (M, BLACK, M, nobrand)",HARMONY 00008,"M, BLACK, M, nobrand",BLCK,M
2000000012902,1-CAMP-M-00008-BEIG-XXL-NOBR,"HARMONY 00008 (M, Beige, XXL, nobrand)",HARMONY 00008,"M, Beige, XXL, nobrand",BEIG,XXL
2000000012865,1-CAMP-M-00008-BEIG-S-NOBR,"HARMONY 00008 (M, Beige, S, nobrand)",HARMONY 00008,"M, Beige, S, nobrand",BEIG,S
2000000012827,1-CAMP-M-00008-BEIG-L-NOBR,"HARMONY 00008 (M, Beige, L, nobrand)",HARMONY 00008,"M, Beige, L, nobrand",BEIG,L
2000000015033,1-CAMP-M-00087-BLCK-L-PARK,"HARMONY 00087 (L, Parka)",HARMONY 00087,"L, Parka",BLCK,L
2000000015095,1-CAMP-M-00087-BLCK-XL-PARK,"HARMONY 00087 (XL, Parka)",HARMONY 00087,"XL, Parka",BLCK,XL
2000000015194,1-CAMP-M-00088-BLCK-XL-PARK,"HARMONY 00088 (XL, Parka)",HARMONY 00088,"XL, Parka",BLCK,XL
2000000015125,1-CAMP-M-00088-BLCK-L-NOBR,"HARMONY 00088 (L, nobrand)",HARMONY 00088,"L, nobrand",BLCK,L
2000000015170,1-CAMP-M-00088-BLCK-S-PARK,"HARMONY 00088 (S, Parka)",HARMONY 00088,"S, Parka",BLCK,S
2000000003283,1-CHOM-M-HASHI-ECRU-S-NOBR,"HASHI (Ecru, S)",HASHI,"Ecru, S",ECRU,S
2000000003245,1-CHOM-M-HASHI-BLCK-XL-NOBR,"HASHI (BLACK, XL)",HASHI,"BLACK, XL",BLCK,XL
,CURVA-HASHI-BLCK-NOBR,HASHI BLACK — Curva 8u (1S/2M/2L/2XL/1XXL),HASHI BLACK — Curva 8u,1S/2M/2L/2XL/1XXL,,
2000000012933,1-CAMP-M-00008-BLCK-L-PARK,"HARMONY 00008 (M, BLACK, L, Parka)",HARMONY 00008,"M, BLACK, L, Parka",BLCK,L
2000000012896,1-CAMP-M-00008-BEIG-XL-PARK,"HARMONY 00008 (M, Beige, XL, Parka)",HARMONY 00008,"M, Beige, XL, Parka",BEIG,XL
2000000012858,1-CAMP-M-00008-BEIG-M-PARK,"HARMONY 00008 (M, Beige, M, Parka)",HARMONY 00008,"M, Beige, M, Parka",BEIG,M
2000000032542,1-CAMP-W-00008-CHOC-XL-NOBR,"HARMONY 00008 (W, Chocolate, XL, nobrand)",HARMONY 00008,"W, Chocolate, XL, nobrand",CHOC,XL
2000000015026,1-CAMP-M-00087-BLCK-L-NOBR,"HARMONY 00087 (L, nobrand)",HARMONY 00087,"L, nobrand",BLCK,L
2000000015101,1-CAMP-M-00087-BLCK-XXL-NOBR,"HARMONY 00087 (XXL, nobrand)",HARMONY 00087,"XXL, nobrand",BLCK,XXL
2000000015200,1-CAMP-M-00088-BLCK-XXL-NOBR,"HARMONY 00088 (XXL, nobrand)",HARMONY 00088,"XXL, nobrand",BLCK,XXL
2000000015132,1-CAMP-M-00088-BLCK-L-PARK,"HARMONY 00088 (L, Parka)",HARMONY 00088,"L, Parka",BLCK,L
2000000015187,1-CAMP-M-00088-BLCK-XL-NOBR,"HARMONY 00088 (XL, nobrand)",HARMONY 00088,"XL, nobrand",BLCK,XL
2000000003290,1-CHOM-M-HASHI-ECRU-XL-NOBR,"HASHI (Ecru, XL)",HASHI,"Ecru, XL",ECRU,XL
2000000003221,1-CHOM-M-HASHI-BLCK-M-NOBR,"HASHI (BLACK, M)",HASHI,"BLACK, M",BLCK,M
,CURVA-HASHI-ECRU-NOBR,HASHI OFFWHITE — Curva 8u (1S/2M/2L/2XL/1XXL),HASHI OFFWHITE — Curva 8u,1S/2M/2L/2XL/1XXL,,
2000000012926,1-CAMP-M-00008-BLCK-L-NOBR,"HARMONY 00008 (M, BLACK, L, nobrand)",HARMONY 00008,"M, BLACK, L, nobrand",BLCK,L
2000000012889,1-CAMP-M-00008-BEIG-XL-NOBR,"HARMONY 00008 (M, Beige, XL, nobrand)",HARMONY 00008,"M, Beige, XL, nobrand",BEIG,XL
2000000012841,1-CAMP-M-00008-BEIG-M-NOBR,"HARMONY 00008 (M, Beige, M, nobrand)",HARMONY 00008,"M, Beige, M, nobrand",BEIG,M
2000000015064,1-CAMP-M-00087-BLCK-S-NOBR,"HARMONY 00087 (S, nobrand)",HARMONY 00087,"S, nobrand",BLCK,S
2000000015071,1-CAMP-M-00087-BLCK-S-PARK,"HARMONY 00087 (S, Parka)",HARMONY 00087,"S, Parka",BLCK,S
2000000015118,1-CAMP-M-00087-BLCK-XXL-PARK,"HARMONY 00087 (XXL, Parka)",HARMONY 00087,"XXL, Parka",BLCK,XXL
2000000015217,1-CAMP-M-00088-BLCK-XXL-PARK,"HARMONY 00088 (XXL, Parka)",HARMONY 00088,"XXL, Parka",BLCK,XXL
2000000015149,1-CAMP-M-00088-BLCK-M-NOBR,"HARMONY 00088 (M, nobrand)",HARMONY 00088,"M, nobrand",BLCK,M
2000000003269,1-CHOM-M-HASHI-ECRU-L-NOBR,"HASHI (Ecru, L)",HASHI,"Ecru, L",ECRU,L
2000000003306,1-CHOM-M-HASHI-ECRU-XXL-NOBR,"HASHI (Ecru, XXL)",HASHI,"Ecru, XXL",ECRU,XXL
2000000003214,1-CHOM-M-HASHI-BLCK-L-NOBR,"HASHI (BLACK, L)",HASHI,"BLACK, L",BLCK,L
2000000031941,1-CAMP-W-00007-DKGR-XL-NOBR,"HOLY 00007 (W, Dark grey, XL, nobrand)",HOLY 00007,"W, Dark grey, XL, nobrand",DKGR,XL
2000000012919,1-CAMP-M-00008-BEIG-XXL-PARK,"HARMONY 00008 (M, Beige, XXL, Parka)",HARMONY 00008,"M, Beige, XXL, Parka",BEIG,XXL
2000000012872,1-CAMP-M-00008-BEIG-S-PARK,"HARMONY 00008 (M, Beige, S, Parka)",HARMONY 00008,"M, Beige, S, Parka",BEIG,S
2000000012834,1-CAMP-M-00008-BEIG-L-PARK,"HARMONY 00008 (M, Beige, L, Parka)",HARMONY 00008,"M, Beige, L, Parka",BEIG,L
2000000015040,1-CAMP-M-00087-BLCK-M-NOBR,"HARMONY 00087 (M, nobrand)",HARMONY 00087,"M, nobrand",BLCK,M
2000000015088,1-CAMP-M-00087-BLCK-XL-NOBR,"HARMONY 00087 (XL, nobrand)",HARMONY 00087,"XL, nobrand",BLCK,XL
2000000015057,1-CAMP-M-00087-BLCK-M-PARK,"HARMONY 00087 (M, Parka)",HARMONY 00087,"M, Parka",BLCK,M
2000000015163,1-CAMP-M-00088-BLCK-S-NOBR,"HARMONY 00088 (S, nobrand)",HARMONY 00088,"S, nobrand",BLCK,S
2000000015156,1-CAMP-M-00088-BLCK-M-PARK,"HARMONY 00088 (M, Parka)",HARMONY 00088,"M, Parka",BLCK,M
2000000003276,1-CHOM-M-HASHI-ECRU-M-NOBR,"HASHI (Ecru, M)",HASHI,"Ecru, M",ECRU,M
2000000003252,1-CHOM-M-HASHI-BLCK-XXL-NOBR,"HASHI (BLACK, XXL)",HASHI,"BLACK, XXL",BLCK,XXL
2000000003238,1-CHOM-M-HASHI-BLCK-S-NOBR,"HASHI (BLACK, S)",HASHI,"BLACK, S",BLCK,S
2000000031934,1-CAMP-W-00007-DKGR-S-PARK,"HOLY 00007 (W, Dark grey, S, Parka)",HOLY 00007,"W, Dark grey, S, Parka",DKGR,S
2000000031927,1-CAMP-W-00007-DKGR-S-NOBR,"HOLY 00007 (W, Dark grey, S, nobrand)",HOLY 00007,"W, Dark grey, S, nobrand",DKGR,S
2000000031880,1-CAMP-W-00007-DKGR-L-NOBR,"HOLY 00007 (W, Dark grey, L, nobrand)",HOLY 00007,"W, Dark grey, L, nobrand",DKGR,L
2000000031842,1-CAMP-W-00007-BLCK-XL-NOBR,"HOLY 00007 (W, BLACK, XL, nobrand)",HOLY 00007,"W, BLACK, XL, nobrand",BLCK,XL
2000000031804,1-CAMP-W-00007-BLCK-M-NOBR,"HOLY 00007 (W, BLACK, M, nobrand)",HOLY 00007,"W, BLACK, M, nobrand",BLCK,M
2000000031767,1-CAMP-W-00007-ALMO-XXL-NOBR,"HOLY 00007 (W, Almond, XXL, nobrand)",HOLY 00007,"W, Almond, XXL, nobrand",ALMO,XXL
2000000031736,1-CAMP-W-00007-ALMO-S-PARK,"HOLY 00007 (W, Almond, S, Parka)",HOLY 00007,"W, Almond, S, Parka",ALMO,S
2000000031699,1-CAMP-W-00007-ALMO-L-PARK,"HOLY 00007 (W, Almond, L, Parka)",HOLY 00007,"W, Almond, L, Parka",ALMO,L
2000000012797,1-CAMP-M-00007-WHIT-XL-PARK,"HOLY 00007 (M, White, XL, Parka)",HOLY 00007,"M, White, XL, Parka",WHIT,XL
2000000012759,1-CAMP-M-00007-WHIT-M-PARK,"HOLY 00007 (M, White, M, Parka)",HOLY 00007,"M, White, M, Parka",WHIT,M
2000000032153,1-CAMP-W-00007-PINK-XL-PARK,"HOLY 00007 (W, Pink, XL, Parka)",HOLY 00007,"W, Pink, XL, Parka",PINK,XL
2000000032191,1-CAMP-W-00007-WHIT-L-PARK,"HOLY 00007 (W, White, L, Parka)",HOLY 00007,"W, White, L, Parka",WHIT,L
2000000032238,1-CAMP-W-00007-WHIT-S-PARK,"HOLY 00007 (W, White, S, Parka)",HOLY 00007,"W, White, S, Parka",WHIT,S
2000000031910,1-CAMP-W-00007-DKGR-M-PARK,"HOLY 00007 (W, Dark grey, M, Parka)",HOLY 00007,"W, Dark grey, M, Parka",DKGR,M
2000000031873,1-CAMP-W-00007-BLCK-XXL-PARK,"HOLY 00007 (W, BLACK, XXL, Parka)",HOLY 00007,"W, BLACK, XXL, Parka",BLCK,XXL
2000000031835,1-CAMP-W-00007-BLCK-S-PARK,"HOLY 00007 (W, BLACK, S, Parka)",HOLY 00007,"W, BLACK, S, Parka",BLCK,S
2000000031798,1-CAMP-W-00007-BLCK-L-PARK,"HOLY 00007 (W, BLACK, L, Parka)",HOLY 00007,"W, BLACK, L, Parka",BLCK,L
2000000032023,1-CAMP-W-00007-GREN-S-NOBR,"HOLY 00007 (W, Green, S, nobrand)",HOLY 00007,"W, Green, S, nobrand",GREN,S
2000000031729,1-CAMP-W-00007-ALMO-S-NOBR,"HOLY 00007 (W, Almond, S, nobrand)",HOLY 00007,"W, Almond, S, nobrand",ALMO,S
2000000031682,1-CAMP-W-00007-ALMO-L-NOBR,"HOLY 00007 (W, Almond, L, nobrand)",HOLY 00007,"W, Almond, L, nobrand",ALMO,L
2000000012780,1-CAMP-M-00007-WHIT-XL-NOBR,"HOLY 00007 (M, White, XL, nobrand)",HOLY 00007,"M, White, XL, nobrand",WHIT,XL
2000000031972,1-CAMP-W-00007-DKGR-XXL-PARK,"HOLY 00007 (W, Dark grey, XXL, Parka)",HOLY 00007,"W, Dark grey, XXL, Parka",DKGR,XXL
2000000032160,1-CAMP-W-00007-PINK-XXL-NOBR,"HOLY 00007 (W, Pink, XXL, nobrand)",HOLY 00007,"W, Pink, XXL, nobrand",PINK,XXL
2000000032207,1-CAMP-W-00007-WHIT-M-NOBR,"HOLY 00007 (W, White, M, nobrand)",HOLY 00007,"W, White, M, nobrand",WHIT,M
2000000032245,1-CAMP-W-00007-WHIT-XL-NOBR,"HOLY 00007 (W, White, XL, nobrand)",HOLY 00007,"W, White, XL, nobrand",WHIT,XL
2000000031903,1-CAMP-W-00007-DKGR-M-NOBR,"HOLY 00007 (W, Dark grey, M, nobrand)",HOLY 00007,"W, Dark grey, M, nobrand",DKGR,M
2000000031866,1-CAMP-W-00007-BLCK-XXL-NOBR,"HOLY 00007 (W, BLACK, XXL, nobrand)",HOLY 00007,"W, BLACK, XXL, nobrand",BLCK,XXL
2000000031828,1-CAMP-W-00007-BLCK-S-NOBR,"HOLY 00007 (W, BLACK, S, nobrand)",HOLY 00007,"W, BLACK, S, nobrand",BLCK,S
2000000031781,1-CAMP-W-00007-BLCK-L-NOBR,"HOLY 00007 (W, BLACK, L, nobrand)",HOLY 00007,"W, BLACK, L, nobrand",BLCK,L
2000000031750,1-CAMP-W-00007-ALMO-XL-PARK,"HOLY 00007 (W, Almond, XL, Parka)",HOLY 00007,"W, Almond, XL, Parka",ALMO,XL
2000000031712,1-CAMP-W-00007-ALMO-M-PARK,"HOLY 00007 (W, Almond, M, Parka)",HOLY 00007,"W, Almond, M, Parka",ALMO,M
2000000012810,1-CAMP-M-00007-WHIT-XXL-PARK,"HOLY 00007 (M, White, XXL, Parka)",HOLY 00007,"M, White, XXL, Parka",WHIT,XXL
2000000012773,1-CAMP-M-00007-WHIT-S-PARK,"HOLY 00007 (M, White, S, Parka)",HOLY 00007,"M, White, S, Parka",WHIT,S
2000000031958,1-CAMP-W-00007-DKGR-XL-PARK,"HOLY 00007 (W, Dark grey, XL, Parka)",HOLY 00007,"W, Dark grey, XL, Parka",DKGR,XL
2000000032177,1-CAMP-W-00007-PINK-XXL-PARK,"HOLY 00007 (W, Pink, XXL, Parka)",HOLY 00007,"W, Pink, XXL, Parka",PINK,XXL
2000000032214,1-CAMP-W-00007-WHIT-M-PARK,"HOLY 00007 (W, White, M, Parka)",HOLY 00007,"W, White, M, Parka",WHIT,M
2000000032252,1-CAMP-W-00007-WHIT-XL-PARK,"HOLY 00007 (W, White, XL, Parka)",HOLY 00007,"W, White, XL, Parka",WHIT,XL
2000000031897,1-CAMP-W-00007-DKGR-L-PARK,"HOLY 00007 (W, Dark grey, L, Parka)",HOLY 00007,"W, Dark grey, L, Parka",DKGR,L
2000000031859,1-CAMP-W-00007-BLCK-XL-PARK,"HOLY 00007 (W, BLACK, XL, Parka)",HOLY 00007,"W, BLACK, XL, Parka",BLCK,XL
2000000031811,1-CAMP-W-00007-BLCK-M-PARK,"HOLY 00007 (W, BLACK, M, Parka)",HOLY 00007,"W, BLACK, M, Parka",BLCK,M
2000000031774,1-CAMP-W-00007-ALMO-XXL-PARK,"HOLY 00007 (W, Almond, XXL, Parka)",HOLY 00007,"W, Almond, XXL, Parka",ALMO,XXL
2000000031743,1-CAMP-W-00007-ALMO-XL-NOBR,"HOLY 00007 (W, Almond, XL, nobrand)",HOLY 00007,"W, Almond, XL, nobrand",ALMO,XL
2000000031705,1-CAMP-W-00007-ALMO-M-NOBR,"HOLY 00007 (W, Almond, M, nobrand)",HOLY 00007,"W, Almond, M, nobrand",ALMO,M
2000000012803,1-CAMP-M-00007-WHIT-XXL-NOBR,"HOLY 00007 (M, White, XXL, nobrand)",HOLY 00007,"M, White, XXL, nobrand",WHIT,XXL
2000000012766,1-CAMP-M-00007-WHIT-S-NOBR,"HOLY 00007 (M, White, S, nobrand)",HOLY 00007,"M, White, S, nobrand",WHIT,S
2000000032146,1-CAMP-W-00007-PINK-XL-NOBR,"HOLY 00007 (W, Pink, XL, nobrand)",HOLY 00007,"W, Pink, XL, nobrand",PINK,XL
2000000032184,1-CAMP-W-00007-WHIT-L-NOBR,"HOLY 00007 (W, White, L, nobrand)",HOLY 00007,"W, White, L, nobrand",WHIT,L
2000000032221,1-CAMP-W-00007-WHIT-S-NOBR,"HOLY 00007 (W, White, S, nobrand)",HOLY 00007,"W, White, S, nobrand",WHIT,S
2000000032269,1-CAMP-W-00007-WHIT-XXL-NOBR,"HOLY 00007 (W, White, XXL, nobrand)",HOLY 00007,"W, White, XXL, nobrand",WHIT,XXL
2000000032276,1-CAMP-W-00007-WHIT-XXL-PARK,"HOLY 00007 (W, White, XXL, Parka)",HOLY 00007,"W, White, XXL, Parka",WHIT,XXL
2000000012254,1-CAMP-M-00007-ALMO-M-PARK,"HOLY 00007 (M, Almond, M, Parka)",HOLY 00007,"M, Almond, M, Parka",ALMO,M
2000000032016,1-CAMP-W-00007-GREN-M-PARK,"HOLY 00007 (W, Green, M, Parka)",HOLY 00007,"W, Green, M, Parka",GREN,M
2000000031965,1-CAMP-W-00007-DKGR-XXL-NOBR,"HOLY 00007 (W, Dark grey, XXL, nobrand)",HOLY 00007,"W, Dark grey, XXL, nobrand",DKGR,XXL
2000000012728,1-CAMP-M-00007-WHIT-L-NOBR,"HOLY 00007 (M, White, L, nobrand)",HOLY 00007,"M, White, L, nobrand",WHIT,L
2000000012681,1-CAMP-M-00007-PINK-XL-NOBR,"HOLY 00007 (M, Pink, XL, nobrand)",HOLY 00007,"M, Pink, XL, nobrand",PINK,XL
2000000012643,1-CAMP-M-00007-PINK-M-NOBR,"HOLY 00007 (M, Pink, M, nobrand)",HOLY 00007,"M, Pink, M, nobrand",PINK,M
2000000012605,1-CAMP-M-00007-GREN-XXL-NOBR,"HOLY 00007 (M, Green, XXL, nobrand)",HOLY 00007,"M, Green, XXL, nobrand",GREN,XXL
2000000012568,1-CAMP-M-00007-GREN-S-NOBR,"HOLY 00007 (M, Green, S, nobrand)",HOLY 00007,"M, Green, S, nobrand",GREN,S
2000000012520,1-CAMP-M-00007-GREN-L-NOBR,"HOLY 00007 (M, Green, L, nobrand)",HOLY 00007,"M, Green, L, nobrand",GREN,L
2000000012483,1-CAMP-M-00007-DKGR-XL-NOBR,"HOLY 00007 (M, Dark grey, XL, nobrand)",HOLY 00007,"M, Dark grey, XL, nobrand",DKGR,XL
2000000012445,1-CAMP-M-00007-DKGR-M-NOBR,"HOLY 00007 (M, Dark grey, M, nobrand)",HOLY 00007,"M, Dark grey, M, nobrand",DKGR,M
2000000012223,1-CAMP-M-00007-ALMO-L-NOBR,"HOLY 00007 (M, Almond, L, nobrand)",HOLY 00007,"M, Almond, L, nobrand",ALMO,L
2000000012261,1-CAMP-M-00007-ALMO-S-NOBR,"HOLY 00007 (M, Almond, S, nobrand)",HOLY 00007,"M, Almond, S, nobrand",ALMO,S
2000000032009,1-CAMP-W-00007-GREN-M-NOBR,"HOLY 00007 (W, Green, M, nobrand)",HOLY 00007,"W, Green, M, nobrand",GREN,M
2000000012285,1-CAMP-M-00007-ALMO-XL-NOBR,"HOLY 00007 (M, Almond, XL, nobrand)",HOLY 00007,"M, Almond, XL, nobrand",ALMO,XL
2000000012711,1-CAMP-M-00007-PINK-XXL-PARK,"HOLY 00007 (M, Pink, XXL, Parka)",HOLY 00007,"M, Pink, XXL, Parka",PINK,XXL
2000000012674,1-CAMP-M-00007-PINK-S-PARK,"HOLY 00007 (M, Pink, S, Parka)",HOLY 00007,"M, Pink, S, Parka",PINK,S
2000000012636,1-CAMP-M-00007-PINK-L-PARK,"HOLY 00007 (M, Pink, L, Parka)",HOLY 00007,"M, Pink, L, Parka",PINK,L
2000000012599,1-CAMP-M-00007-GREN-XL-PARK,"HOLY 00007 (M, Green, XL, Parka)",HOLY 00007,"M, Green, XL, Parka",GREN,XL
2000000012551,1-CAMP-M-00007-GREN-M-PARK,"HOLY 00007 (M, Green, M, Parka)",HOLY 00007,"M, Green, M, Parka",GREN,M
2000000012513,1-CAMP-M-00007-DKGR-XXL-PARK,"HOLY 00007 (M, Dark grey, XXL, Parka)",HOLY 00007,"M, Dark grey, XXL, Parka",DKGR,XXL
2000000012476,1-CAMP-M-00007-DKGR-S-PARK,"HOLY 00007 (M, Dark grey, S, Parka)",HOLY 00007,"M, Dark grey, S, Parka",DKGR,S
2000000012438,1-CAMP-M-00007-DKGR-L-PARK,"HOLY 00007 (M, Dark grey, L, Parka)",HOLY 00007,"M, Dark grey, L, Parka",DKGR,L
2000000012230,1-CAMP-M-00007-ALMO-L-PARK,"HOLY 00007 (M, Almond, L, Parka)",HOLY 00007,"M, Almond, L, Parka",ALMO,L
2000000012278,1-CAMP-M-00007-ALMO-S-PARK,"HOLY 00007 (M, Almond, S, Parka)",HOLY 00007,"M, Almond, S, Parka",ALMO,S
2000000031996,1-CAMP-W-00007-GREN-L-PARK,"HOLY 00007 (W, Green, L, Parka)",HOLY 00007,"W, Green, L, Parka",GREN,L
2000000012742,1-CAMP-M-00007-WHIT-M-NOBR,"HOLY 00007 (M, White, M, nobrand)",HOLY 00007,"M, White, M, nobrand",WHIT,M
2000000012704,1-CAMP-M-00007-PINK-XXL-NOBR,"HOLY 00007 (M, Pink, XXL, nobrand)",HOLY 00007,"M, Pink, XXL, nobrand",PINK,XXL
2000000012667,1-CAMP-M-00007-PINK-S-NOBR,"HOLY 00007 (M, Pink, S, nobrand)",HOLY 00007,"M, Pink, S, nobrand",PINK,S
2000000012629,1-CAMP-M-00007-PINK-L-NOBR,"HOLY 00007 (M, Pink, L, nobrand)",HOLY 00007,"M, Pink, L, nobrand",PINK,L
2000000012582,1-CAMP-M-00007-GREN-XL-NOBR,"HOLY 00007 (M, Green, XL, nobrand)",HOLY 00007,"M, Green, XL, nobrand",GREN,XL
2000000012544,1-CAMP-M-00007-GREN-M-NOBR,"HOLY 00007 (M, Green, M, nobrand)",HOLY 00007,"M, Green, M, nobrand",GREN,M
2000000012506,1-CAMP-M-00007-DKGR-XXL-NOBR,"HOLY 00007 (M, Dark grey, XXL, nobrand)",HOLY 00007,"M, Dark grey, XXL, nobrand",DKGR,XXL
2000000012469,1-CAMP-M-00007-DKGR-S-NOBR,"HOLY 00007 (M, Dark grey, S, nobrand)",HOLY 00007,"M, Dark grey, S, nobrand",DKGR,S
2000000012421,1-CAMP-M-00007-DKGR-L-NOBR,"HOLY 00007 (M, Dark grey, L, nobrand)",HOLY 00007,"M, Dark grey, L, nobrand",DKGR,L
2000000012247,1-CAMP-M-00007-ALMO-M-NOBR,"HOLY 00007 (M, Almond, M, nobrand)",HOLY 00007,"M, Almond, M, nobrand",ALMO,M
2000000012292,1-CAMP-M-00007-ALMO-XL-PARK,"HOLY 00007 (M, Almond, XL, Parka)",HOLY 00007,"M, Almond, XL, Parka",ALMO,XL
2000000031989,1-CAMP-W-00007-GREN-L-NOBR,"HOLY 00007 (W, Green, L, nobrand)",HOLY 00007,"W, Green, L, nobrand",GREN,L
2000000012735,1-CAMP-M-00007-WHIT-L-PARK,"HOLY 00007 (M, White, L, Parka)",HOLY 00007,"M, White, L, Parka",WHIT,L
2000000012698,1-CAMP-M-00007-PINK-XL-PARK,"HOLY 00007 (M, Pink, XL, Parka)",HOLY 00007,"M, Pink, XL, Parka",PINK,XL
2000000012650,1-CAMP-M-00007-PINK-M-PARK,"HOLY 00007 (M, Pink, M, Parka)",HOLY 00007,"M, Pink, M, Parka",PINK,M
2000000012612,1-CAMP-M-00007-GREN-XXL-PARK,"HOLY 00007 (M, Green, XXL, Parka)",HOLY 00007,"M, Green, XXL, Parka",GREN,XXL
2000000012575,1-CAMP-M-00007-GREN-S-PARK,"HOLY 00007 (M, Green, S, Parka)",HOLY 00007,"M, Green, S, Parka",GREN,S
2000000012537,1-CAMP-M-00007-GREN-L-PARK,"HOLY 00007 (M, Green, L, Parka)",HOLY 00007,"M, Green, L, Parka",GREN,L
2000000012490,1-CAMP-M-00007-DKGR-XL-PARK,"HOLY 00007 (M, Dark grey, XL, Parka)",HOLY 00007,"M, Dark grey, XL, Parka",DKGR,XL
2000000012452,1-CAMP-M-00007-DKGR-M-PARK,"HOLY 00007 (M, Dark grey, M, Parka)",HOLY 00007,"M, Dark grey, M, Parka",DKGR,M
2000000012414,1-CAMP-M-00007-BLCK-XXL-PARK,"HOLY 00007 (M, BLACK, XXL, Parka)",HOLY 00007,"M, BLACK, XXL, Parka",BLCK,XXL
2000000012407,1-CAMP-M-00007-BLCK-XXL-NOBR,"HOLY 00007 (M, BLACK, XXL, nobrand)",HOLY 00007,"M, BLACK, XXL, nobrand",BLCK,XXL
2000000012360,1-CAMP-M-00007-BLCK-S-NOBR,"HOLY 00007 (M, BLACK, S, nobrand)",HOLY 00007,"M, BLACK, S, nobrand",BLCK,S
2000000012322,1-CAMP-M-00007-BLCK-L-NOBR,"HOLY 00007 (M, BLACK, L, nobrand)",HOLY 00007,"M, BLACK, L, nobrand",BLCK,L
2000000032047,1-CAMP-W-00007-GREN-XL-NOBR,"HOLY 00007 (W, Green, XL, nobrand)",HOLY 00007,"W, Green, XL, nobrand",GREN,XL
2000000032085,1-CAMP-W-00007-PINK-L-NOBR,"HOLY 00007 (W, Pink, L, nobrand)",HOLY 00007,"W, Pink, L, nobrand",PINK,L
2000000032122,1-CAMP-W-00007-PINK-S-NOBR,"HOLY 00007 (W, Pink, S, nobrand)",HOLY 00007,"W, Pink, S, nobrand",PINK,S
2000000006499,1-TRDB-M-HIBIS-UNIC-XL-NOBR,Hibiscus HIBIS (XL),Hibiscus HIBIS,XL,UNIC,XL
2000000016481,1-CAMP-M-00113-BLCK-XXL-NOBR,"Hydra 00113 (BLACK, XXL, nobrand)",Hydra 00113,"BLACK, XXL, nobrand",BLCK,XXL
2000000016528,1-CAMP-M-00113-GREN-M-NOBR,"Hydra 00113 (Green, M, nobrand)",Hydra 00113,"Green, M, nobrand",GREN,M
2000000016542,1-CAMP-M-00113-GREN-S-NOBR,"Hydra 00113 (Green, S, nobrand)",Hydra 00113,"Green, S, nobrand",GREN,S
2000000016474,1-CAMP-M-00113-BLCK-XL-PARK,"Hydra 00113 (BLACK, XL, Parka)",Hydra 00113,"BLACK, XL, Parka",BLCK,XL
2000000016429,1-CAMP-M-00113-BLCK-M-NOBR,"Hydra 00113 (BLACK, M, nobrand)",Hydra 00113,"BLACK, M, nobrand",BLCK,M
2000000012391,1-CAMP-M-00007-BLCK-XL-PARK,"HOLY 00007 (M, BLACK, XL, Parka)",HOLY 00007,"M, BLACK, XL, Parka",BLCK,XL
2000000012353,1-CAMP-M-00007-BLCK-M-PARK,"HOLY 00007 (M, BLACK, M, Parka)",HOLY 00007,"M, BLACK, M, Parka",BLCK,M
2000000012315,1-CAMP-M-00007-ALMO-XXL-PARK,"HOLY 00007 (M, Almond, XXL, Parka)",HOLY 00007,"M, Almond, XXL, Parka",ALMO,XXL
2000000032054,1-CAMP-W-00007-GREN-XL-PARK,"HOLY 00007 (W, Green, XL, Parka)",HOLY 00007,"W, Green, XL, Parka",GREN,XL
2000000032092,1-CAMP-W-00007-PINK-L-PARK,"HOLY 00007 (W, Pink, L, Parka)",HOLY 00007,"W, Pink, L, Parka",PINK,L
2000000032139,1-CAMP-W-00007-PINK-S-PARK,"HOLY 00007 (W, Pink, S, Parka)",HOLY 00007,"W, Pink, S, Parka",PINK,S
2000000006482,1-TRDB-M-HIBIS-UNIC-S-NOBR,Hibiscus HIBIS (S),Hibiscus HIBIS,S,UNIC,S
2000000016498,1-CAMP-M-00113-BLCK-XXL-PARK,"Hydra 00113 (BLACK, XXL, Parka)",Hydra 00113,"BLACK, XXL, Parka",BLCK,XXL
2000000016573,1-CAMP-M-00113-GREN-XL-PARK,"Hydra 00113 (Green, XL, Parka)",Hydra 00113,"Green, XL, Parka",GREN,XL
2000000016443,1-CAMP-M-00113-BLCK-S-NOBR,"Hydra 00113 (BLACK, S, nobrand)",Hydra 00113,"BLACK, S, nobrand",BLCK,S
2000000016566,1-CAMP-M-00113-GREN-XL-NOBR,"Hydra 00113 (Green, XL, nobrand)",Hydra 00113,"Green, XL, nobrand",GREN,XL
2000000016436,1-CAMP-M-00113-BLCK-M-PARK,"Hydra 00113 (BLACK, M, Parka)",Hydra 00113,"BLACK, M, Parka",BLCK,M
2000000012384,1-CAMP-M-00007-BLCK-XL-NOBR,"HOLY 00007 (M, BLACK, XL, nobrand)",HOLY 00007,"M, BLACK, XL, nobrand",BLCK,XL
2000000012346,1-CAMP-M-00007-BLCK-M-NOBR,"HOLY 00007 (M, BLACK, M, nobrand)",HOLY 00007,"M, BLACK, M, nobrand",BLCK,M
2000000012308,1-CAMP-M-00007-ALMO-XXL-NOBR,"HOLY 00007 (M, Almond, XXL, nobrand)",HOLY 00007,"M, Almond, XXL, nobrand",ALMO,XXL
2000000032061,1-CAMP-W-00007-GREN-XXL-NOBR,"HOLY 00007 (W, Green, XXL, nobrand)",HOLY 00007,"W, Green, XXL, nobrand",GREN,XXL
2000000032108,1-CAMP-W-00007-PINK-M-NOBR,"HOLY 00007 (W, Pink, M, nobrand)",HOLY 00007,"W, Pink, M, nobrand",PINK,M
2000000006505,1-TRDB-M-HIBIS-UNIC-XXL-NOBR,Hibiscus HIBIS (XXL),Hibiscus HIBIS,XXL,UNIC,XXL
2000000006475,1-TRDB-M-HIBIS-UNIC-M-NOBR,Hibiscus HIBIS (M),Hibiscus HIBIS,M,UNIC,M
2000000016504,1-CAMP-M-00113-GREN-L-NOBR,"Hydra 00113 (Green, L, nobrand)",Hydra 00113,"Green, L, nobrand",GREN,L
2000000016580,1-CAMP-M-00113-GREN-XXL-NOBR,"Hydra 00113 (Green, XXL, nobrand)",Hydra 00113,"Green, XXL, nobrand",GREN,XXL
2000000016450,1-CAMP-M-00113-BLCK-S-PARK,"Hydra 00113 (BLACK, S, Parka)",Hydra 00113,"BLACK, S, Parka",BLCK,S
2000000016405,1-CAMP-M-00113-BLCK-L-NOBR,"Hydra 00113 (BLACK, L, nobrand)",Hydra 00113,"BLACK, L, nobrand",BLCK,L
2000000016559,1-CAMP-M-00113-GREN-S-PARK,"Hydra 00113 (Green, S, Parka)",Hydra 00113,"Green, S, Parka",GREN,S
2000000012377,1-CAMP-M-00007-BLCK-S-PARK,"HOLY 00007 (M, BLACK, S, Parka)",HOLY 00007,"M, BLACK, S, Parka",BLCK,S
2000000012339,1-CAMP-M-00007-BLCK-L-PARK,"HOLY 00007 (M, BLACK, L, Parka)",HOLY 00007,"M, BLACK, L, Parka",BLCK,L
2000000032030,1-CAMP-W-00007-GREN-S-PARK,"HOLY 00007 (W, Green, S, Parka)",HOLY 00007,"W, Green, S, Parka",GREN,S
2000000032078,1-CAMP-W-00007-GREN-XXL-PARK,"HOLY 00007 (W, Green, XXL, Parka)",HOLY 00007,"W, Green, XXL, Parka",GREN,XXL
2000000032115,1-CAMP-W-00007-PINK-M-PARK,"HOLY 00007 (W, Pink, M, Parka)",HOLY 00007,"W, Pink, M, Parka",PINK,M
2000000006468,1-TRDB-M-HIBIS-UNIC-L-NOBR,Hibiscus HIBIS (L),Hibiscus HIBIS,L,UNIC,L
2000000016597,1-CAMP-M-00113-GREN-XXL-PARK,"Hydra 00113 (Green, XXL, Parka)",Hydra 00113,"Green, XXL, Parka",GREN,XXL
2000000016511,1-CAMP-M-00113-GREN-L-PARK,"Hydra 00113 (Green, L, Parka)",Hydra 00113,"Green, L, Parka",GREN,L
2000000016535,1-CAMP-M-00113-GREN-M-PARK,"Hydra 00113 (Green, M, Parka)",Hydra 00113,"Green, M, Parka",GREN,M
2000000016467,1-CAMP-M-00113-BLCK-XL-NOBR,"Hydra 00113 (BLACK, XL, nobrand)",Hydra 00113,"BLACK, XL, nobrand",BLCK,XL
2000000016412,1-CAMP-M-00113-BLCK-L-PARK,"Hydra 00113 (BLACK, L, Parka)",Hydra 00113,"BLACK, L, Parka",BLCK,L
2000000055398,2-BI-U-INVIC-UNIC-L-0PRK-24V,"INVICTUS (L, 24V)",INVICTUS,"L, 24V",UNIC,L
2000000055343,2-BI-U-INVIC-UNIC-S-0PRK-10V,"INVICTUS (S, 10V)",INVICTUS,"S, 10V",UNIC,S
2000000006536,1-TRDB-M-IBIZA-UNIC-S-NOBR,Ibiza IBIZA (S),Ibiza IBIZA,S,UNIC,S
2000000033860,1-CAMP-W-00014-BRWN-M-NOBR,"Indiana 00014 (Brown, M, nobrand)",Indiana 00014,"Brown, M, nobrand",BRWN,M
2000000033907,1-CAMP-W-00014-BRWN-XL-NOBR,"Indiana 00014 (Brown, XL, nobrand)",Indiana 00014,"Brown, XL, nobrand",BRWN,XL
2000000033792,1-CAMP-W-00014-BLCK-M-PARK,"Indiana 00014 (BLACK, M, Parka)",Indiana 00014,"BLACK, M, Parka",BLCK,M
2000000033846,1-CAMP-W-00014-BRWN-L-NOBR,"Indiana 00014 (Brown, L, nobrand)",Indiana 00014,"Brown, L, nobrand",BRWN,L
2000000021454,1-CAMP-M-00148-BLCK-L-PARK,"Infinity 00148 (BLACK, L, Parka)",Infinity 00148,"BLACK, L, Parka",BLCK,L
2000000021508,1-CAMP-M-00148-BLCK-XL-NOBR,"Infinity 00148 (BLACK, XL, nobrand)",Infinity 00148,"BLACK, XL, nobrand",BLCK,XL
2000000021546,1-CAMP-M-00148-GREY-L-NOBR,"Infinity 00148 (grey, L, nobrand)",Infinity 00148,"grey, L, nobrand",GREY,L
2000000021584,1-CAMP-M-00148-GREY-S-NOBR,"Infinity 00148 (grey, S, nobrand)",Infinity 00148,"grey, S, nobrand",GREY,S
2000000021621,1-CAMP-M-00148-GREY-XXL-NOBR,"Infinity 00148 (grey, XXL, nobrand)",Infinity 00148,"grey, XXL, nobrand",GREY,XXL
2000000055374,2-BI-U-INVIC-UNIC-M-0PRK-24V,"INVICTUS (M, 24V)",INVICTUS,"M, 24V",UNIC,M
2000000055381,2-BI-U-INVIC-UNIC-L-0PRK-10V,"INVICTUS (L, 10V)",INVICTUS,"L, 10V",UNIC,L
2000000006529,1-TRDB-M-IBIZA-UNIC-M-NOBR,Ibiza IBIZA (M),Ibiza IBIZA,M,UNIC,M
2000000033877,1-CAMP-W-00014-BRWN-M-PARK,"Indiana 00014 (Brown, M, Parka)",Indiana 00014,"Brown, M, Parka",BRWN,M
2000000033914,1-CAMP-W-00014-BRWN-XL-PARK,"Indiana 00014 (Brown, XL, Parka)",Indiana 00014,"Brown, XL, Parka",BRWN,XL
2000000033815,1-CAMP-W-00014-BLCK-S-PARK,"Indiana 00014 (BLACK, S, Parka)",Indiana 00014,"BLACK, S, Parka",BLCK,S
2000000033785,1-CAMP-W-00014-BLCK-M-NOBR,"Indiana 00014 (BLACK, M, nobrand)",Indiana 00014,"BLACK, M, nobrand",BLCK,M
2000000021478,1-CAMP-M-00148-BLCK-M-PARK,"Infinity 00148 (BLACK, M, Parka)",Infinity 00148,"BLACK, M, Parka",BLCK,M
2000000021515,1-CAMP-M-00148-BLCK-XL-PARK,"Infinity 00148 (BLACK, XL, Parka)",Infinity 00148,"BLACK, XL, Parka",BLCK,XL
2000000021553,1-CAMP-M-00148-GREY-L-PARK,"Infinity 00148 (grey, L, Parka)",Infinity 00148,"grey, L, Parka",GREY,L
2000000021591,1-CAMP-M-00148-GREY-S-PARK,"Infinity 00148 (grey, S, Parka)",Infinity 00148,"grey, S, Parka",GREY,S
2000000021638,1-CAMP-M-00148-GREY-XXL-PARK,"Infinity 00148 (grey, XXL, Parka)",Infinity 00148,"grey, XXL, Parka",GREY,XXL
2000000055367,2-BI-U-INVIC-UNIC-M-0PRK-10V,"INVICTUS (M, 10V)",INVICTUS,"M, 10V",UNIC,M
2000000006550,1-TRDB-M-IBIZA-UNIC-XXL-NOBR,Ibiza IBIZA (XXL),Ibiza IBIZA,XXL,UNIC,XXL
2000000006512,1-TRDB-M-IBIZA-UNIC-L-NOBR,Ibiza IBIZA (L),Ibiza IBIZA,L,UNIC,L
2000000033884,1-CAMP-W-00014-BRWN-S-NOBR,"Indiana 00014 (Brown, S, nobrand)",Indiana 00014,"Brown, S, nobrand",BRWN,S
2000000033761,1-CAMP-W-00014-BLCK-L-NOBR,"Indiana 00014 (BLACK, L, nobrand)",Indiana 00014,"BLACK, L, nobrand",BLCK,L
2000000033822,1-CAMP-W-00014-BLCK-XL-NOBR,"Indiana 00014 (BLACK, XL, nobrand)",Indiana 00014,"BLACK, XL, nobrand",BLCK,XL
2000000033808,1-CAMP-W-00014-BLCK-S-NOBR,"Indiana 00014 (BLACK, S, nobrand)",Indiana 00014,"BLACK, S, nobrand",BLCK,S
2000000021485,1-CAMP-M-00148-BLCK-S-NOBR,"Infinity 00148 (BLACK, S, nobrand)",Infinity 00148,"BLACK, S, nobrand",BLCK,S
2000000021522,1-CAMP-M-00148-BLCK-XXL-NOBR,"Infinity 00148 (BLACK, XXL, nobrand)",Infinity 00148,"BLACK, XXL, nobrand",BLCK,XXL
2000000021560,1-CAMP-M-00148-GREY-M-NOBR,"Infinity 00148 (grey, M, nobrand)",Infinity 00148,"grey, M, nobrand",GREY,M
2000000021607,1-CAMP-M-00148-GREY-XL-NOBR,"Infinity 00148 (grey, XL, nobrand)",Infinity 00148,"grey, XL, nobrand",GREY,XL
2000000021461,1-CAMP-M-00148-BLCK-M-NOBR,"Infinity 00148 (BLACK, M, nobrand)",Infinity 00148,"BLACK, M, nobrand",BLCK,M
2000000055350,2-BI-U-INVIC-UNIC-S-0PRK-24V,"INVICTUS (S, 24V)",INVICTUS,"S, 24V",UNIC,S
2000000006543,1-TRDB-M-IBIZA-UNIC-XL-NOBR,Ibiza IBIZA (XL),Ibiza IBIZA,XL,UNIC,XL
2000000033853,1-CAMP-W-00014-BRWN-L-PARK,"Indiana 00014 (Brown, L, Parka)",Indiana 00014,"Brown, L, Parka",BRWN,L
2000000033891,1-CAMP-W-00014-BRWN-S-PARK,"Indiana 00014 (Brown, S, Parka)",Indiana 00014,"Brown, S, Parka",BRWN,S
2000000033778,1-CAMP-W-00014-BLCK-L-PARK,"Indiana 00014 (BLACK, L, Parka)",Indiana 00014,"BLACK, L, Parka",BLCK,L
2000000033839,1-CAMP-W-00014-BLCK-XL-PARK,"Indiana 00014 (BLACK, XL, Parka)",Indiana 00014,"BLACK, XL, Parka",BLCK,XL
2000000021447,1-CAMP-M-00148-BLCK-L-NOBR,"Infinity 00148 (BLACK, L, nobrand)",Infinity 00148,"BLACK, L, nobrand",BLCK,L
2000000021492,1-CAMP-M-00148-BLCK-S-PARK,"Infinity 00148 (BLACK, S, Parka)",Infinity 00148,"BLACK, S, Parka",BLCK,S
2000000021539,1-CAMP-M-00148-BLCK-XXL-PARK,"Infinity 00148 (BLACK, XXL, Parka)",Infinity 00148,"BLACK, XXL, Parka",BLCK,XXL
2000000021577,1-CAMP-M-00148-GREY-M-PARK,"Infinity 00148 (grey, M, Parka)",Infinity 00148,"grey, M, Parka",GREY,M
2000000021614,1-CAMP-M-00148-GREY-XL-PARK,"Infinity 00148 (grey, XL, Parka)",Infinity 00148,"grey, XL, Parka",GREY,XL
2000000053073,2-BI-U-INSTI-UNIC-L-0PRK-21V,Instinct (L),Instinct,L,UNIC,L
2000000053066,2-BI-U-INSTI-UNIC-M-0PRK-21V,Instinct (M),Instinct,M,UNIC,M
2000000001685,1-CAMI-M-JELLY-BLCK-S-NOBR,JELLY (S),JELLY,S,BLCK,S
2000000000541,1-BERM-M-JOGGE-NATU-XL-NOBR,"JOGGE (Natural, XL)",JOGGE,"Natural, XL",NATU,XL
2000000000503,1-BERM-M-JOGGE-GREN-XXL-NOBR,"JOGGE (Green, XXL)",JOGGE,"Green, XXL",GREN,XXL
2000000000466,1-BERM-M-JOGGE-GREN-L-NOBR,"JOGGE (Green, L)",JOGGE,"Green, L",GREN,L
2000000000411,1-BERM-M-JOGGE-BLCK-L-NOBR,"JOGGE (BLACK, L)",JOGGE,"BLACK, L",BLCK,L
2000000000626,1-BERM-M-JOGGE-WHIT-M-NOBR,"JOGGE (White, M)",JOGGE,"White, M",WHIT,M
2000000000589,1-BERM-M-JOGGE-NAVY-S-NOBR,"JOGGE (Navy, S)",JOGGE,"Navy, S",NAVY,S
2000000000428,1-BERM-M-JOGGE-BLCK-M-NOBR,"JOGGE (BLACK, M)",JOGGE,"BLACK, M",BLCK,M
2000000004624,1-PANT-M-JOGGER-NAVY-M-NOBR,"JOGGER (Navy, M)",JOGGER,"Navy, M",NAVY,M
2000000004587,1-PANT-M-JOGGER-NATU-S-NOBR,"JOGGER (Natural, S)",JOGGER,"Natural, S",NATU,S
2000000004549,1-PANT-M-JOGGER-GREN-XL-NOBR,"JOGGER (Green, XL)",JOGGER,"Green, XL",GREN,XL
2000000053059,2-BI-U-INSTI-UNIC-S-0PRK-21V,Instinct (S),Instinct,S,UNIC,S
2000000001678,1-CAMI-M-JELLY-BLCK-M-NOBR,JELLY (M),JELLY,M,BLCK,M
2000000000534,1-BERM-M-JOGGE-NATU-S-NOBR,"JOGGE (Natural, S)",JOGGE,"Natural, S",NATU,S
2000000000497,1-BERM-M-JOGGE-GREN-XL-NOBR,"JOGGE (Green, XL)",JOGGE,"Green, XL",GREN,XL
2000000000459,1-BERM-M-JOGGE-BLCK-XXL-NOBR,"JOGGE (BLACK, XXL)",JOGGE,"BLACK, XXL",BLCK,XXL
2000000000657,1-BERM-M-JOGGE-WHIT-XXL-NOBR,"JOGGE (White, XXL)",JOGGE,"White, XXL",WHIT,XXL
2000000000619,1-BERM-M-JOGGE-WHIT-L-NOBR,"JOGGE (White, L)",JOGGE,"White, L",WHIT,L
2000000000572,1-BERM-M-JOGGE-NAVY-M-NOBR,"JOGGE (Navy, M)",JOGGE,"Navy, M",NAVY,M
2000000004655,1-PANT-M-JOGGER-NAVY-XXL-NOBR,"JOGGER (Navy, XXL)",JOGGER,"Navy, XXL",NAVY,XXL
2000000004617,1-PANT-M-JOGGER-NAVY-L-NOBR,"JOGGER (Navy, L)",JOGGER,"Navy, L",NAVY,L
2000000004570,1-PANT-M-JOGGER-NATU-M-NOBR,"JOGGER (Natural, M)",JOGGER,"Natural, M",NATU,M
2000000004532,1-PANT-M-JOGGER-GREN-S-NOBR,"JOGGER (Green, S)",JOGGER,"Green, S",GREN,S
2000000055473,2-BI-U-INSTI-UNIC-XL-0PRK-21V,Instinct (XL),Instinct,XL,UNIC,XL
2000000001661,1-CAMI-M-JELLY-BLCK-L-NOBR,JELLY (L),JELLY,L,BLCK,L
2000000000527,1-BERM-M-JOGGE-NATU-M-NOBR,"JOGGE (Natural, M)",JOGGE,"Natural, M",NATU,M
2000000000480,1-BERM-M-JOGGE-GREN-S-NOBR,"JOGGE (Green, S)",JOGGE,"Green, S",GREN,S
2000000000442,1-BERM-M-JOGGE-BLCK-XL-NOBR,"JOGGE (BLACK, XL)",JOGGE,"BLACK, XL",BLCK,XL
2000000000640,1-BERM-M-JOGGE-WHIT-XL-NOBR,"JOGGE (White, XL)",JOGGE,"White, XL",WHIT,XL
2000000000602,1-BERM-M-JOGGE-NAVY-XXL-NOBR,"JOGGE (Navy, XXL)",JOGGE,"Navy, XXL",NAVY,XXL
2000000000565,1-BERM-M-JOGGE-NAVY-L-NOBR,"JOGGE (Navy, L)",JOGGE,"Navy, L",NAVY,L
2000000004648,1-PANT-M-JOGGER-NAVY-XL-NOBR,"JOGGER (Navy, XL)",JOGGER,"Navy, XL",NAVY,XL
2000000004600,1-PANT-M-JOGGER-NATU-XXL-NOBR,"JOGGER (Natural, XXL)",JOGGER,"Natural, XXL",NATU,XXL
2000000004563,1-PANT-M-JOGGER-NATU-L-NOBR,"JOGGER (Natural, L)",JOGGER,"Natural, L",NATU,L
2000000004525,1-PANT-M-JOGGER-GREN-M-NOBR,"JOGGER (Green, M)",JOGGER,"Green, M",GREN,M
2000000001692,1-CAMI-M-JELLY-BLCK-XL-NOBR,JELLY (XL),JELLY,XL,BLCK,XL
2000000001708,1-CAMI-M-JELLY-BLCK-XXL-NOBR,JELLY (XXL),JELLY,XXL,BLCK,XXL
2000000000510,1-BERM-M-JOGGE-NATU-L-NOBR,"JOGGE (Natural, L)",JOGGE,"Natural, L",NATU,L
2000000000473,1-BERM-M-JOGGE-GREN-M-NOBR,"JOGGE (Green, M)",JOGGE,"Green, M",GREN,M
2000000000435,1-BERM-M-JOGGE-BLCK-S-NOBR,"JOGGE (BLACK, S)",JOGGE,"BLACK, S",BLCK,S
2000000000633,1-BERM-M-JOGGE-WHIT-S-NOBR,"JOGGE (White, S)",JOGGE,"White, S",WHIT,S
2000000000596,1-BERM-M-JOGGE-NAVY-XL-NOBR,"JOGGE (Navy, XL)",JOGGE,"Navy, XL",NAVY,XL
2000000000558,1-BERM-M-JOGGE-NATU-XXL-NOBR,"JOGGE (Natural, XXL)",JOGGE,"Natural, XXL",NATU,XXL
2000000004631,1-PANT-M-JOGGER-NAVY-S-NOBR,"JOGGER (Navy, S)",JOGGER,"Navy, S",NAVY,S
2000000004594,1-PANT-M-JOGGER-NATU-XL-NOBR,"JOGGER (Natural, XL)",JOGGER,"Natural, XL",NATU,XL
2000000004556,1-PANT-M-JOGGER-GREN-XXL-NOBR,"JOGGER (Green, XXL)",JOGGER,"Green, XXL",GREN,XXL
2000000004518,1-PANT-M-JOGGER-GREN-L-NOBR,"JOGGER (Green, L)",JOGGER,"Green, L",GREN,L
2000000004501,1-PANT-M-JOGGER-BLCK-XXL-NOBR,"JOGGER (BLACK, XXL)",JOGGER,"BLACK, XXL",BLCK,XXL
2000000004464,1-PANT-M-JOGGER-BLCK-L-NOBR,"JOGGER (BLACK, L)",JOGGER,"BLACK, L",BLCK,L
2000000004679,1-PANT-M-JOGGER-WHIT-M-NOBR,"JOGGER (White, M)",JOGGER,"White, M",WHIT,M
2000000034058,1-CAMP-W-00015-GREN-S-PARK,"JUNO 00015 (Green, S, Parka)",JUNO 00015,"Green, S, Parka",GREN,S
2000000034096,1-CAMP-W-00015-ORAN-L-PARK,"JUNO 00015 (Orange, L, Parka)",JUNO 00015,"Orange, L, Parka",ORAN,L
2000000034133,1-CAMP-W-00015-ORAN-S-PARK,"JUNO 00015 (Orange, S, Parka)",JUNO 00015,"Orange, S, Parka",ORAN,S
2000000033990,1-CAMP-W-00015-BLCK-XL-PARK,"JUNO 00015 (BLACK, XL, Parka)",JUNO 00015,"BLACK, XL, Parka",BLCK,XL
2000000033976,1-CAMP-W-00015-BLCK-S-PARK,"JUNO 00015 (BLACK, S, Parka)",JUNO 00015,"BLACK, S, Parka",BLCK,S
2000000033938,1-CAMP-W-00015-BLCK-L-PARK,"JUNO 00015 (BLACK, L, Parka)",JUNO 00015,"BLACK, L, Parka",BLCK,L
2000000038360,1-CAMP-W-02067-REDD-XL-PARK,"Jolene 02067 (Red, XL, Parka)",Jolene 02067,"Red, XL, Parka",REDD,XL
2000000038216,1-CAMP-W-02067-BLCK-L-NOBR,"Jolene 02067 (BLACK, L, nobrand)",Jolene 02067,"BLACK, L, nobrand",BLCK,L
2000000038278,1-CAMP-W-02067-BLCK-XL-NOBR,"Jolene 02067 (BLACK, XL, nobrand)",Jolene 02067,"BLACK, XL, nobrand",BLCK,XL
2000000004495,1-PANT-M-JOGGER-BLCK-XL-NOBR,"JOGGER (BLACK, XL)",JOGGER,"BLACK, XL",BLCK,XL
2000000004709,1-PANT-M-JOGGER-WHIT-XXL-NOBR,"JOGGER (White, XXL)",JOGGER,"White, XXL",WHIT,XXL
2000000004662,1-PANT-M-JOGGER-WHIT-L-NOBR,"JOGGER (White, L)",JOGGER,"White, L",WHIT,L
2000000034065,1-CAMP-W-00015-GREN-XL-NOBR,"JUNO 00015 (Green, XL, nobrand)",JUNO 00015,"Green, XL, nobrand",GREN,XL
2000000034102,1-CAMP-W-00015-ORAN-M-NOBR,"JUNO 00015 (Orange, M, nobrand)",JUNO 00015,"Orange, M, nobrand",ORAN,M
2000000034140,1-CAMP-W-00015-ORAN-XL-NOBR,"JUNO 00015 (Orange, XL, nobrand)",JUNO 00015,"Orange, XL, nobrand",ORAN,XL
2000000034003,1-CAMP-W-00015-GREN-L-NOBR,"JUNO 00015 (Green, L, nobrand)",JUNO 00015,"Green, L, nobrand",GREN,L
2000000033969,1-CAMP-W-00015-BLCK-S-NOBR,"JUNO 00015 (BLACK, S, nobrand)",JUNO 00015,"BLACK, S, nobrand",BLCK,S
2000000033921,1-CAMP-W-00015-BLCK-L-NOBR,"JUNO 00015 (BLACK, L, nobrand)",JUNO 00015,"BLACK, L, nobrand",BLCK,L
2000000038353,1-CAMP-W-02067-REDD-XL-NOBR,"Jolene 02067 (Red, XL, nobrand)",Jolene 02067,"Red, XL, nobrand",REDD,XL
2000000038223,1-CAMP-W-02067-BLCK-L-PARK,"Jolene 02067 (BLACK, L, Parka)",Jolene 02067,"BLACK, L, Parka",BLCK,L
2000000038346,1-CAMP-W-02067-REDD-S-PARK,"Jolene 02067 (Red, S, Parka)",Jolene 02067,"Red, S, Parka",REDD,S
2000000004488,1-PANT-M-JOGGER-BLCK-S-NOBR,"JOGGER (BLACK, S)",JOGGER,"BLACK, S",BLCK,S
2000000004693,1-PANT-M-JOGGER-WHIT-XL-NOBR,"JOGGER (White, XL)",JOGGER,"White, XL",WHIT,XL
2000000034034,1-CAMP-W-00015-GREN-M-PARK,"JUNO 00015 (Green, M, Parka)",JUNO 00015,"Green, M, Parka",GREN,M
2000000034072,1-CAMP-W-00015-GREN-XL-PARK,"JUNO 00015 (Green, XL, Parka)",JUNO 00015,"Green, XL, Parka",GREN,XL
2000000033983,1-CAMP-W-00015-BLCK-XL-NOBR,"JUNO 00015 (BLACK, XL, nobrand)",JUNO 00015,"BLACK, XL, nobrand",BLCK,XL
2000000034157,1-CAMP-W-00015-ORAN-XL-PARK,"JUNO 00015 (Orange, XL, Parka)",JUNO 00015,"Orange, XL, Parka",ORAN,XL
2000000034010,1-CAMP-W-00015-GREN-L-PARK,"JUNO 00015 (Green, L, Parka)",JUNO 00015,"Green, L, Parka",GREN,L
2000000033945,1-CAMP-W-00015-BLCK-M-NOBR,"JUNO 00015 (BLACK, M, nobrand)",JUNO 00015,"BLACK, M, nobrand",BLCK,M
2000000038292,1-CAMP-W-02067-REDD-L-NOBR,"Jolene 02067 (Red, L, nobrand)",Jolene 02067,"Red, L, nobrand",REDD,L
2000000038261,1-CAMP-W-02067-BLCK-S-PARK,"Jolene 02067 (BLACK, S, Parka)",Jolene 02067,"BLACK, S, Parka",BLCK,S
2000000038230,1-CAMP-W-02067-BLCK-M-NOBR,"Jolene 02067 (BLACK, M, nobrand)",Jolene 02067,"BLACK, M, nobrand",BLCK,M
2000000038339,1-CAMP-W-02067-REDD-S-NOBR,"Jolene 02067 (Red, S, nobrand)",Jolene 02067,"Red, S, nobrand",REDD,S
2000000004471,1-PANT-M-JOGGER-BLCK-M-NOBR,"JOGGER (BLACK, M)",JOGGER,"BLACK, M",BLCK,M
2000000004686,1-PANT-M-JOGGER-WHIT-S-NOBR,"JOGGER (White, S)",JOGGER,"White, S",WHIT,S
2000000034041,1-CAMP-W-00015-GREN-S-NOBR,"JUNO 00015 (Green, S, nobrand)",JUNO 00015,"Green, S, nobrand",GREN,S
2000000034089,1-CAMP-W-00015-ORAN-L-NOBR,"JUNO 00015 (Orange, L, nobrand)",JUNO 00015,"Orange, L, nobrand",ORAN,L
2000000034126,1-CAMP-W-00015-ORAN-S-NOBR,"JUNO 00015 (Orange, S, nobrand)",JUNO 00015,"Orange, S, nobrand",ORAN,S
2000000034119,1-CAMP-W-00015-ORAN-M-PARK,"JUNO 00015 (Orange, M, Parka)",JUNO 00015,"Orange, M, Parka",ORAN,M
2000000034027,1-CAMP-W-00015-GREN-M-NOBR,"JUNO 00015 (Green, M, nobrand)",JUNO 00015,"Green, M, nobrand",GREN,M
2000000033952,1-CAMP-W-00015-BLCK-M-PARK,"JUNO 00015 (BLACK, M, Parka)",JUNO 00015,"BLACK, M, Parka",BLCK,M
2000000038285,1-CAMP-W-02067-BLCK-XL-PARK,"Jolene 02067 (BLACK, XL, Parka)",Jolene 02067,"BLACK, XL, Parka",BLCK,XL
2000000038254,1-CAMP-W-02067-BLCK-S-NOBR,"Jolene 02067 (BLACK, S, nobrand)",Jolene 02067,"BLACK, S, nobrand",BLCK,S
2000000038247,1-CAMP-W-02067-BLCK-M-PARK,"Jolene 02067 (BLACK, M, Parka)",Jolene 02067,"BLACK, M, Parka",BLCK,M
2000000038322,1-CAMP-W-02067-REDD-M-PARK,"Jolene 02067 (Red, M, Parka)",Jolene 02067,"Red, M, Parka",REDD,M
2000000038315,1-CAMP-W-02067-REDD-M-NOBR,"Jolene 02067 (Red, M, nobrand)",Jolene 02067,"Red, M, nobrand",REDD,M
2000000006567,1-TRDB-M-JOSEI-UNIC-L-NOBR,Jose Ignacio JOSEI (L),Jose Ignacio JOSEI,L,UNIC,L
2000000014135,1-CAMP-M-00072-MGRN-L-PUFE,"Kaskade 00072 (Military green, L, Puffers)",Kaskade 00072,"Military green, L, Puffers",MGRN,L
2000000014074,1-CAMP-M-00072-BLCK-S-PUFE,"Kaskade 00072 (BLACK, S, Puffers)",Kaskade 00072,"BLACK, S, Puffers",BLCK,S
2000000014142,1-CAMP-M-00072-MGRN-M-NOBR,"Kaskade 00072 (Military green, M, nobrand)",Kaskade 00072,"Military green, M, nobrand",MGRN,M
2000000014098,1-CAMP-M-00072-BLCK-XL-PUFE,"Kaskade 00072 (BLACK, XL, Puffers)",Kaskade 00072,"BLACK, XL, Puffers",BLCK,XL
2000000014180,1-CAMP-M-00072-MGRN-XL-NOBR,"Kaskade 00072 (Military green, XL, nobrand)",Kaskade 00072,"Military green, XL, nobrand",MGRN,XL
2000000034348,1-CAMP-W-00019-WHIT-M-NOBR,"Kiddo 00019 (White, M, nobrand)",Kiddo 00019,"White, M, nobrand",WHIT,M
2000000034300,1-CAMP-W-00019-BLCK-XL-NOBR,"Kiddo 00019 (BLACK, XL, nobrand)",Kiddo 00019,"BLACK, XL, nobrand",BLCK,XL
2000000034263,1-CAMP-W-00019-BLCK-M-NOBR,"Kiddo 00019 (BLACK, M, nobrand)",Kiddo 00019,"BLACK, M, nobrand",BLCK,M
2000000034386,1-CAMP-W-00019-WHIT-XL-NOBR,"Kiddo 00019 (White, XL, nobrand)",Kiddo 00019,"White, XL, nobrand",WHIT,XL
2000000014708,1-CAMP-M-00074-OFWH-XXL-NOBR,"Kygo 00074 (Off white, XXL, nobrand)",Kygo 00074,"Off white, XXL, nobrand",OFWH,XXL
2000000038308,1-CAMP-W-02067-REDD-L-PARK,"Jolene 02067 (Red, L, Parka)",Jolene 02067,"Red, L, Parka",REDD,L
2000000006598,1-TRDB-M-JOSEI-UNIC-XL-NOBR,Jose Ignacio JOSEI (XL),Jose Ignacio JOSEI,XL,UNIC,XL
2000000014128,1-CAMP-M-00072-MGRN-L-NOBR,"Kaskade 00072 (Military green, L, nobrand)",Kaskade 00072,"Military green, L, nobrand",MGRN,L
2000000014081,1-CAMP-M-00072-BLCK-XL-NOBR,"Kaskade 00072 (BLACK, XL, nobrand)",Kaskade 00072,"BLACK, XL, nobrand",BLCK,XL
2000000014029,1-CAMP-M-00072-BLCK-L-NOBR,"Kaskade 00072 (BLACK, L, nobrand)",Kaskade 00072,"BLACK, L, nobrand",BLCK,L
2000000014050,1-CAMP-M-00072-BLCK-M-PUFE,"Kaskade 00072 (BLACK, M, Puffers)",Kaskade 00072,"BLACK, M, Puffers",BLCK,M
2000000014197,1-CAMP-M-00072-MGRN-XL-PUFE,"Kaskade 00072 (Military green, XL, Puffers)",Kaskade 00072,"Military green, XL, Puffers",MGRN,XL
2000000034331,1-CAMP-W-00019-WHIT-L-PARK,"Kiddo 00019 (White, L, Parka)",Kiddo 00019,"White, L, Parka",WHIT,L
2000000034294,1-CAMP-W-00019-BLCK-S-PARK,"Kiddo 00019 (BLACK, S, Parka)",Kiddo 00019,"BLACK, S, Parka",BLCK,S
2000000034393,1-CAMP-W-00019-WHIT-XL-PARK,"Kiddo 00019 (White, XL, Parka)",Kiddo 00019,"White, XL, Parka",WHIT,XL
2000000034379,1-CAMP-W-00019-WHIT-S-PARK,"Kiddo 00019 (White, S, Parka)",Kiddo 00019,"White, S, Parka",WHIT,S
2000000014692,1-CAMP-M-00074-OFWH-XL-PUFE,"Kygo 00074 (Off white, XL, Puffers)",Kygo 00074,"Off white, XL, Puffers",OFWH,XL
2000000006604,1-TRDB-M-JOSEI-UNIC-XXL-NOBR,Jose Ignacio JOSEI (XXL),Jose Ignacio JOSEI,XXL,UNIC,XXL
2000000006574,1-TRDB-M-JOSEI-UNIC-M-NOBR,Jose Ignacio JOSEI (M),Jose Ignacio JOSEI,M,UNIC,M
2000000014111,1-CAMP-M-00072-BLCK-XXL-PUFE,"Kaskade 00072 (BLACK, XXL, Puffers)",Kaskade 00072,"BLACK, XXL, Puffers",BLCK,XXL
2000000014104,1-CAMP-M-00072-BLCK-XXL-NOBR,"Kaskade 00072 (BLACK, XXL, nobrand)",Kaskade 00072,"BLACK, XXL, nobrand",BLCK,XXL
2000000014036,1-CAMP-M-00072-BLCK-L-PUFE,"Kaskade 00072 (BLACK, L, Puffers)",Kaskade 00072,"BLACK, L, Puffers",BLCK,L
2000000014166,1-CAMP-M-00072-MGRN-S-NOBR,"Kaskade 00072 (Military green, S, nobrand)",Kaskade 00072,"Military green, S, nobrand",MGRN,S
2000000014210,1-CAMP-M-00072-MGRN-XXL-PUFE,"Kaskade 00072 (Military green, XXL, Puffers)",Kaskade 00072,"Military green, XXL, Puffers",MGRN,XXL
2000000034324,1-CAMP-W-00019-WHIT-L-NOBR,"Kiddo 00019 (White, L, nobrand)",Kiddo 00019,"White, L, nobrand",WHIT,L
2000000034287,1-CAMP-W-00019-BLCK-S-NOBR,"Kiddo 00019 (BLACK, S, nobrand)",Kiddo 00019,"BLACK, S, nobrand",BLCK,S
2000000034256,1-CAMP-W-00019-BLCK-L-PARK,"Kiddo 00019 (BLACK, L, Parka)",Kiddo 00019,"BLACK, L, Parka",BLCK,L
2000000034362,1-CAMP-W-00019-WHIT-S-NOBR,"Kiddo 00019 (White, S, nobrand)",Kiddo 00019,"White, S, nobrand",WHIT,S
2000000014685,1-CAMP-M-00074-OFWH-XL-NOBR,"Kygo 00074 (Off white, XL, nobrand)",Kygo 00074,"Off white, XL, nobrand",OFWH,XL
2000000006581,1-TRDB-M-JOSEI-UNIC-S-NOBR,Jose Ignacio JOSEI (S),Jose Ignacio JOSEI,S,UNIC,S
2000000014203,1-CAMP-M-00072-MGRN-XXL-NOBR,"Kaskade 00072 (Military green, XXL, nobrand)",Kaskade 00072,"Military green, XXL, nobrand",MGRN,XXL
2000000014067,1-CAMP-M-00072-BLCK-S-NOBR,"Kaskade 00072 (BLACK, S, nobrand)",Kaskade 00072,"BLACK, S, nobrand",BLCK,S
2000000014159,1-CAMP-M-00072-MGRN-M-PUFE,"Kaskade 00072 (Military green, M, Puffers)",Kaskade 00072,"Military green, M, Puffers",MGRN,M
2000000014043,1-CAMP-M-00072-BLCK-M-NOBR,"Kaskade 00072 (BLACK, M, nobrand)",Kaskade 00072,"BLACK, M, nobrand",BLCK,M
2000000014173,1-CAMP-M-00072-MGRN-S-PUFE,"Kaskade 00072 (Military green, S, Puffers)",Kaskade 00072,"Military green, S, Puffers",MGRN,S
2000000034355,1-CAMP-W-00019-WHIT-M-PARK,"Kiddo 00019 (White, M, Parka)",Kiddo 00019,"White, M, Parka",WHIT,M
2000000034317,1-CAMP-W-00019-BLCK-XL-PARK,"Kiddo 00019 (BLACK, XL, Parka)",Kiddo 00019,"BLACK, XL, Parka",BLCK,XL
2000000034270,1-CAMP-W-00019-BLCK-M-PARK,"Kiddo 00019 (BLACK, M, Parka)",Kiddo 00019,"BLACK, M, Parka",BLCK,M
2000000034249,1-CAMP-W-00019-BLCK-L-NOBR,"Kiddo 00019 (BLACK, L, nobrand)",Kiddo 00019,"BLACK, L, nobrand",BLCK,L
2000000014715,1-CAMP-M-00074-OFWH-XXL-PUFE,"Kygo 00074 (Off white, XXL, Puffers)",Kygo 00074,"Off white, XXL, Puffers",OFWH,XXL
2000000014678,1-CAMP-M-00074-OFWH-S-PUFE,"Kygo 00074 (Off white, S, Puffers)",Kygo 00074,"Off white, S, Puffers",OFWH,S
2000000014661,1-CAMP-M-00074-OFWH-S-NOBR,"Kygo 00074 (Off white, S, nobrand)",Kygo 00074,"Off white, S, nobrand",OFWH,S
2000000014623,1-CAMP-M-00074-OFWH-L-NOBR,"Kygo 00074 (Off white, L, nobrand)",Kygo 00074,"Off white, L, nobrand",OFWH,L
2000000014586,1-CAMP-M-00074-NAVY-XL-NOBR,"Kygo 00074 (Navy, XL, nobrand)",Kygo 00074,"Navy, XL, nobrand",NAVY,XL
2000000014548,1-CAMP-M-00074-NAVY-M-NOBR,"Kygo 00074 (Navy, M, nobrand)",Kygo 00074,"Navy, M, nobrand",NAVY,M
2000000014500,1-CAMP-M-00074-GREY-XXL-NOBR,"Kygo 00074 (grey, XXL, nobrand)",Kygo 00074,"grey, XXL, nobrand",GREY,XXL
2000000014463,1-CAMP-M-00074-GREY-S-NOBR,"Kygo 00074 (grey, S, nobrand)",Kygo 00074,"grey, S, nobrand",GREY,S
2000000014425,1-CAMP-M-00074-GREY-L-NOBR,"Kygo 00074 (grey, L, nobrand)",Kygo 00074,"grey, L, nobrand",GREY,L
2000000014388,1-CAMP-M-00074-GREN-XL-NOBR,"Kygo 00074 (Green, XL, nobrand)",Kygo 00074,"Green, XL, nobrand",GREN,XL
2000000014333,1-CAMP-M-00074-GREN-L-PUFE,"Kygo 00074 (Green, L, Puffers)",Kygo 00074,"Green, L, Puffers",GREN,L
2000000014296,1-CAMP-M-00074-BLCK-XL-PUFE,"Kygo 00074 (BLACK, XL, Puffers)",Kygo 00074,"BLACK, XL, Puffers",BLCK,XL
2000000014258,1-CAMP-M-00074-BLCK-M-PUFE,"Kygo 00074 (BLACK, M, Puffers)",Kygo 00074,"BLACK, M, Puffers",BLCK,M
2000000014340,1-CAMP-M-00074-GREN-M-NOBR,"Kygo 00074 (Green, M, nobrand)",Kygo 00074,"Green, M, nobrand",GREN,M
2000000014654,1-CAMP-M-00074-OFWH-M-PUFE,"Kygo 00074 (Off white, M, Puffers)",Kygo 00074,"Off white, M, Puffers",OFWH,M
2000000014616,1-CAMP-M-00074-NAVY-XXL-PUFE,"Kygo 00074 (Navy, XXL, Puffers)",Kygo 00074,"Navy, XXL, Puffers",NAVY,XXL
2000000014579,1-CAMP-M-00074-NAVY-S-PUFE,"Kygo 00074 (Navy, S, Puffers)",Kygo 00074,"Navy, S, Puffers",NAVY,S
2000000014531,1-CAMP-M-00074-NAVY-L-PUFE,"Kygo 00074 (Navy, L, Puffers)",Kygo 00074,"Navy, L, Puffers",NAVY,L
2000000014494,1-CAMP-M-00074-GREY-XL-PUFE,"Kygo 00074 (grey, XL, Puffers)",Kygo 00074,"grey, XL, Puffers",GREY,XL
2000000014456,1-CAMP-M-00074-GREY-M-PUFE,"Kygo 00074 (grey, M, Puffers)",Kygo 00074,"grey, M, Puffers",GREY,M
2000000014418,1-CAMP-M-00074-GREN-XXL-PUFE,"Kygo 00074 (Green, XXL, Puffers)",Kygo 00074,"Green, XXL, Puffers",GREN,XXL
2000000014371,1-CAMP-M-00074-GREN-S-PUFE,"Kygo 00074 (Green, S, Puffers)",Kygo 00074,"Green, S, Puffers",GREN,S
2000000014326,1-CAMP-M-00074-GREN-L-NOBR,"Kygo 00074 (Green, L, nobrand)",Kygo 00074,"Green, L, nobrand",GREN,L
2000000014289,1-CAMP-M-00074-BLCK-XL-NOBR,"Kygo 00074 (BLACK, XL, nobrand)",Kygo 00074,"BLACK, XL, nobrand",BLCK,XL
2000000014241,1-CAMP-M-00074-BLCK-M-NOBR,"Kygo 00074 (BLACK, M, nobrand)",Kygo 00074,"BLACK, M, nobrand",BLCK,M
,CURVA-LEMHA-UNIC-NOBR,LEMON HAZE — Curva 8u (1S/2M/2L/2XL/1XXL),LEMON HAZE — Curva 8u,1S/2M/2L/2XL/1XXL,,
2000000014647,1-CAMP-M-00074-OFWH-M-NOBR,"Kygo 00074 (Off white, M, nobrand)",Kygo 00074,"Off white, M, nobrand",OFWH,M
2000000014609,1-CAMP-M-00074-NAVY-XXL-NOBR,"Kygo 00074 (Navy, XXL, nobrand)",Kygo 00074,"Navy, XXL, nobrand",NAVY,XXL
2000000014562,1-CAMP-M-00074-NAVY-S-NOBR,"Kygo 00074 (Navy, S, nobrand)",Kygo 00074,"Navy, S, nobrand",NAVY,S
2000000014524,1-CAMP-M-00074-NAVY-L-NOBR,"Kygo 00074 (Navy, L, nobrand)",Kygo 00074,"Navy, L, nobrand",NAVY,L
2000000014487,1-CAMP-M-00074-GREY-XL-NOBR,"Kygo 00074 (grey, XL, nobrand)",Kygo 00074,"grey, XL, nobrand",GREY,XL
2000000014449,1-CAMP-M-00074-GREY-M-NOBR,"Kygo 00074 (grey, M, nobrand)",Kygo 00074,"grey, M, nobrand",GREY,M
2000000014401,1-CAMP-M-00074-GREN-XXL-NOBR,"Kygo 00074 (Green, XXL, nobrand)",Kygo 00074,"Green, XXL, nobrand",GREN,XXL
2000000014364,1-CAMP-M-00074-GREN-S-NOBR,"Kygo 00074 (Green, S, nobrand)",Kygo 00074,"Green, S, nobrand",GREN,S
2000000014319,1-CAMP-M-00074-BLCK-XXL-PUFE,"Kygo 00074 (BLACK, XXL, Puffers)",Kygo 00074,"BLACK, XXL, Puffers",BLCK,XXL
2000000014272,1-CAMP-M-00074-BLCK-S-PUFE,"Kygo 00074 (BLACK, S, Puffers)",Kygo 00074,"BLACK, S, Puffers",BLCK,S
2000000014234,1-CAMP-M-00074-BLCK-L-PUFE,"Kygo 00074 (BLACK, L, Puffers)",Kygo 00074,"BLACK, L, Puffers",BLCK,L
,CURVA-0LINZ-UNIC-NOBR,LINZ — Curva 8u (1S/2M/2L/2XL/1XXL),LINZ — Curva 8u,1S/2M/2L/2XL/1XXL,,
2000000014630,1-CAMP-M-00074-OFWH-L-PUFE,"Kygo 00074 (Off white, L, Puffers)",Kygo 00074,"Off white, L, Puffers",OFWH,L
2000000014593,1-CAMP-M-00074-NAVY-XL-PUFE,"Kygo 00074 (Navy, XL, Puffers)",Kygo 00074,"Navy, XL, Puffers",NAVY,XL
2000000014555,1-CAMP-M-00074-NAVY-M-PUFE,"Kygo 00074 (Navy, M, Puffers)",Kygo 00074,"Navy, M, Puffers",NAVY,M
2000000014517,1-CAMP-M-00074-GREY-XXL-PUFE,"Kygo 00074 (grey, XXL, Puffers)",Kygo 00074,"grey, XXL, Puffers",GREY,XXL
2000000014470,1-CAMP-M-00074-GREY-S-PUFE,"Kygo 00074 (grey, S, Puffers)",Kygo 00074,"grey, S, Puffers",GREY,S
2000000014432,1-CAMP-M-00074-GREY-L-PUFE,"Kygo 00074 (grey, L, Puffers)",Kygo 00074,"grey, L, Puffers",GREY,L
2000000014395,1-CAMP-M-00074-GREN-XL-PUFE,"Kygo 00074 (Green, XL, Puffers)",Kygo 00074,"Green, XL, Puffers",GREN,XL
2000000014357,1-CAMP-M-00074-GREN-M-PUFE,"Kygo 00074 (Green, M, Puffers)",Kygo 00074,"Green, M, Puffers",GREN,M
2000000014302,1-CAMP-M-00074-BLCK-XXL-NOBR,"Kygo 00074 (BLACK, XXL, nobrand)",Kygo 00074,"BLACK, XXL, nobrand",BLCK,XXL
2000000014265,1-CAMP-M-00074-BLCK-S-NOBR,"Kygo 00074 (BLACK, S, nobrand)",Kygo 00074,"BLACK, S, nobrand",BLCK,S
2000000014227,1-CAMP-M-00074-BLCK-L-NOBR,"Kygo 00074 (BLACK, L, nobrand)",Kygo 00074,"BLACK, L, nobrand",BLCK,L
,CURVA-LISBO-UNIC-NOBR,LISBOA — Curva 8u (1S/2M/2L/2XL/1XXL),LISBOA — Curva 8u,1S/2M/2L/2XL/1XXL,,
,CURVA-0LODZ-UNIC-NOBR,LODZ — Curva 8u (1S/2M/2L/2XL/1XXL),LODZ — Curva 8u,1S/2M/2L/2XL/1XXL,,
2000000045337,1-SWEA-M-01009-BLCK-S-PARK,"LOOP 01009 (BLACK, S, Parka)",LOOP 01009,"BLACK, S, Parka",BLCK,S
2000000045290,1-SWEA-M-01009-BLCK-L-PARK,"LOOP 01009 (BLACK, L, Parka)",LOOP 01009,"BLACK, L, Parka",BLCK,L
2000000045436,1-SWEA-M-01009-BRWN-S-PARK,"LOOP 01009 (Brown, S, Parka)",LOOP 01009,"Brown, S, Parka",BRWN,S
2000000045399,1-SWEA-M-01009-BRWN-L-PARK,"LOOP 01009 (Brown, L, Parka)",LOOP 01009,"Brown, L, Parka",BRWN,L
2000000045481,1-SWEA-M-01009-CHOC-L-NOBR,"LOOP 01009 (Chocolate, L, nobrand)",LOOP 01009,"Chocolate, L, nobrand",CHOC,L
2000000045443,1-SWEA-M-01009-BRWN-XL-NOBR,"LOOP 01009 (Brown, XL, nobrand)",LOOP 01009,"Brown, XL, nobrand",BRWN,XL
2000000045566,1-SWEA-M-01009-CHOC-XXL-NOBR,"LOOP 01009 (Chocolate, XXL, nobrand)",LOOP 01009,"Chocolate, XXL, nobrand",CHOC,XXL
2000000045603,1-SWEA-M-01009-LGRY-M-NOBR,"LOOP 01009 (Light grey, M, nobrand)",LOOP 01009,"Light grey, M, nobrand",LGRY,M
2000000045641,1-SWEA-M-01009-LGRY-XL-NOBR,"LOOP 01009 (Light grey, XL, nobrand)",LOOP 01009,"Light grey, XL, nobrand",LGRY,XL
2000000045351,1-SWEA-M-01009-BLCK-XL-PARK,"LOOP 01009 (BLACK, XL, Parka)",LOOP 01009,"BLACK, XL, Parka",BLCK,XL
2000000045733,1-SWEA-M-01010-WHIT-L-NOBR,"LOOP 01010 (White, L)",LOOP 01010,"White, L",WHIT,L
2000000045375,1-SWEA-M-01009-BLCK-XXL-PARK,"LOOP 01009 (BLACK, XXL, Parka)",LOOP 01009,"BLACK, XXL, Parka",BLCK,XXL
2000000045320,1-SWEA-M-01009-BLCK-S-NOBR,"LOOP 01009 (BLACK, S, nobrand)",LOOP 01009,"BLACK, S, nobrand",BLCK,S
2000000045283,1-SWEA-M-01009-BLCK-L-NOBR,"LOOP 01009 (BLACK, L, nobrand)",LOOP 01009,"BLACK, L, nobrand",BLCK,L
2000000045429,1-SWEA-M-01009-BRWN-S-NOBR,"LOOP 01009 (Brown, S, nobrand)",LOOP 01009,"Brown, S, nobrand",BRWN,S
2000000045511,1-SWEA-M-01009-CHOC-M-PARK,"LOOP 01009 (Chocolate, M, Parka)",LOOP 01009,"Chocolate, M, Parka",CHOC,M
2000000045474,1-SWEA-M-01009-BRWN-XXL-PARK,"LOOP 01009 (Brown, XXL, Parka)",LOOP 01009,"Brown, XXL, Parka",BRWN,XXL
2000000045535,1-SWEA-M-01009-CHOC-S-PARK,"LOOP 01009 (Chocolate, S, Parka)",LOOP 01009,"Chocolate, S, Parka",CHOC,S
2000000045573,1-SWEA-M-01009-CHOC-XXL-PARK,"LOOP 01009 (Chocolate, XXL, Parka)",LOOP 01009,"Chocolate, XXL, Parka",CHOC,XXL
2000000045610,1-SWEA-M-01009-LGRY-M-PARK,"LOOP 01009 (Light grey, M, Parka)",LOOP 01009,"Light grey, M, Parka",LGRY,M
2000000045658,1-SWEA-M-01009-LGRY-XL-PARK,"LOOP 01009 (Light grey, XL, Parka)",LOOP 01009,"Light grey, XL, Parka",LGRY,XL
2000000045764,1-SWEA-M-01010-WHIT-XL-NOBR,"LOOP 01010 (White, XL)",LOOP 01010,"White, XL",WHIT,XL
2000000045726,1-SWEA-M-01010-BLCK-XXL-NOBR,"LOOP 01010 (BLACK, XXL)",LOOP 01010,"BLACK, XXL",BLCK,XXL
2000000045368,1-SWEA-M-01009-BLCK-XXL-NOBR,"LOOP 01009 (BLACK, XXL, nobrand)",LOOP 01009,"BLACK, XXL, nobrand",BLCK,XXL
2000000045313,1-SWEA-M-01009-BLCK-M-PARK,"LOOP 01009 (BLACK, M, Parka)",LOOP 01009,"BLACK, M, Parka",BLCK,M
2000000045528,1-SWEA-M-01009-CHOC-S-NOBR,"LOOP 01009 (Chocolate, S, nobrand)",LOOP 01009,"Chocolate, S, nobrand",CHOC,S
2000000045412,1-SWEA-M-01009-BRWN-M-PARK,"LOOP 01009 (Brown, M, Parka)",LOOP 01009,"Brown, M, Parka",BRWN,M
2000000045504,1-SWEA-M-01009-CHOC-M-NOBR,"LOOP 01009 (Chocolate, M, nobrand)",LOOP 01009,"Chocolate, M, nobrand",CHOC,M
2000000045467,1-SWEA-M-01009-BRWN-XXL-NOBR,"LOOP 01009 (Brown, XXL, nobrand)",LOOP 01009,"Brown, XXL, nobrand",BRWN,XXL
2000000045542,1-SWEA-M-01009-CHOC-XL-NOBR,"LOOP 01009 (Chocolate, XL, nobrand)",LOOP 01009,"Chocolate, XL, nobrand",CHOC,XL
2000000045580,1-SWEA-M-01009-LGRY-L-NOBR,"LOOP 01009 (Light grey, L, nobrand)",LOOP 01009,"Light grey, L, nobrand",LGRY,L
2000000045627,1-SWEA-M-01009-LGRY-S-NOBR,"LOOP 01009 (Light grey, S, nobrand)",LOOP 01009,"Light grey, S, nobrand",LGRY,S
2000000045665,1-SWEA-M-01009-LGRY-XXL-NOBR,"LOOP 01009 (Light grey, XXL, nobrand)",LOOP 01009,"Light grey, XXL, nobrand",LGRY,XXL
2000000045757,1-SWEA-M-01010-WHIT-S-NOBR,"LOOP 01010 (White, S)",LOOP 01010,"White, S",WHIT,S
2000000045771,1-SWEA-M-01010-WHIT-XXL-NOBR,"LOOP 01010 (White, XXL)",LOOP 01010,"White, XXL",WHIT,XXL
2000000045344,1-SWEA-M-01009-BLCK-XL-NOBR,"LOOP 01009 (BLACK, XL, nobrand)",LOOP 01009,"BLACK, XL, nobrand",BLCK,XL
2000000045306,1-SWEA-M-01009-BLCK-M-NOBR,"LOOP 01009 (BLACK, M, nobrand)",LOOP 01009,"BLACK, M, nobrand",BLCK,M
2000000045382,1-SWEA-M-01009-BRWN-L-NOBR,"LOOP 01009 (Brown, L, nobrand)",LOOP 01009,"Brown, L, nobrand",BRWN,L
2000000045405,1-SWEA-M-01009-BRWN-M-NOBR,"LOOP 01009 (Brown, M, nobrand)",LOOP 01009,"Brown, M, nobrand",BRWN,M
2000000045498,1-SWEA-M-01009-CHOC-L-PARK,"LOOP 01009 (Chocolate, L, Parka)",LOOP 01009,"Chocolate, L, Parka",CHOC,L
2000000045450,1-SWEA-M-01009-BRWN-XL-PARK,"LOOP 01009 (Brown, XL, Parka)",LOOP 01009,"Brown, XL, Parka",BRWN,XL
2000000045559,1-SWEA-M-01009-CHOC-XL-PARK,"LOOP 01009 (Chocolate, XL, Parka)",LOOP 01009,"Chocolate, XL, Parka",CHOC,XL
2000000045597,1-SWEA-M-01009-LGRY-L-PARK,"LOOP 01009 (Light grey, L, Parka)",LOOP 01009,"Light grey, L, Parka",LGRY,L
2000000045634,1-SWEA-M-01009-LGRY-S-PARK,"LOOP 01009 (Light grey, S, Parka)",LOOP 01009,"Light grey, S, Parka",LGRY,S
2000000045672,1-SWEA-M-01009-LGRY-XXL-PARK,"LOOP 01009 (Light grey, XXL, Parka)",LOOP 01009,"Light grey, XXL, Parka",LGRY,XXL
2000000045740,1-SWEA-M-01010-WHIT-M-NOBR,"LOOP 01010 (White, M)",LOOP 01010,"White, M",WHIT,M
2000000045719,1-SWEA-M-01010-BLCK-XL-NOBR,"LOOP 01010 (BLACK, XL)",LOOP 01010,"BLACK, XL",BLCK,XL
2000000045702,1-SWEA-M-01010-BLCK-S-NOBR,"LOOP 01010 (BLACK, S)",LOOP 01010,"BLACK, S",BLCK,S
2000000045931,1-SWEA-M-01011-GREY-L-NOBR,"LOOP 01011 (grey, L)",LOOP 01011,"grey, L",GREY,L
2000000045979,1-SWEA-M-01011-GREY-XXL-NOBR,"LOOP 01011 (grey, XXL)",LOOP 01011,"grey, XXL",GREY,XXL
2000000045856,1-SWEA-M-01011-BLCK-S-NOBR,"LOOP 01011 (BLACK, S)",LOOP 01011,"BLACK, S",BLCK,S
2000000045894,1-SWEA-M-01011-CHRC-M-NOBR,"LOOP 01011 (Charcoal, M)",LOOP 01011,"Charcoal, M",CHRC,M
2000000045795,1-SWEA-M-01011-BEIG-M-NOBR,"LOOP 01011 (Beige, M)",LOOP 01011,"Beige, M",BEIG,M
2000000046112,1-SWEA-M-01012-CHRC-XL-NOBR,"LOOP 01012 (Charcoal, XL)",LOOP 01012,"Charcoal, XL",CHRC,XL
2000000046075,1-SWEA-M-01012-BRWN-XXL-NOBR,"LOOP 01012 (Brown, XXL)",LOOP 01012,"Brown, XXL",BRWN,XXL
2000000045986,1-SWEA-M-01012-BEIG-L-NOBR,"LOOP 01012 (Beige, L)",LOOP 01012,"Beige, L",BEIG,L
2000000046044,1-SWEA-M-01012-BRWN-M-NOBR,"LOOP 01012 (Brown, M)",LOOP 01012,"Brown, M",BRWN,M
2000000005447,1-TRDB-M-CIGAL-UNIC-XL-NOBR,La Cigale CIGAL (XL),La Cigale CIGAL,XL,UNIC,XL
2000000006635,1-TRDB-M-LEEDS-UNIC-S-NOBR,Leeds LEEDS (S),Leeds LEEDS,S,UNIC,S
2000000045696,1-SWEA-M-01010-BLCK-M-NOBR,"LOOP 01010 (BLACK, M)",LOOP 01010,"BLACK, M",BLCK,M
2000000045948,1-SWEA-M-01011-GREY-M-NOBR,"LOOP 01011 (grey, M)",LOOP 01011,"grey, M",GREY,M
2000000045818,1-SWEA-M-01011-BEIG-XL-NOBR,"LOOP 01011 (Beige, XL)",LOOP 01011,"Beige, XL",BEIG,XL
2000000045863,1-SWEA-M-01011-BLCK-XL-NOBR,"LOOP 01011 (BLACK, XL)",LOOP 01011,"BLACK, XL",BLCK,XL
2000000045900,1-SWEA-M-01011-CHRC-S-NOBR,"LOOP 01011 (Charcoal, S)",LOOP 01011,"Charcoal, S",CHRC,S
2000000045801,1-SWEA-M-01011-BEIG-S-NOBR,"LOOP 01011 (Beige, S)",LOOP 01011,"Beige, S",BEIG,S
2000000046105,1-SWEA-M-01012-CHRC-S-NOBR,"LOOP 01012 (Charcoal, S)",LOOP 01012,"Charcoal, S",CHRC,S
2000000046013,1-SWEA-M-01012-BEIG-XL-NOBR,"LOOP 01012 (Beige, XL)",LOOP 01012,"Beige, XL",BEIG,XL
2000000046020,1-SWEA-M-01012-BEIG-XXL-NOBR,"LOOP 01012 (Beige, XXL)",LOOP 01012,"Beige, XXL",BEIG,XXL
2000000046037,1-SWEA-M-01012-BRWN-L-NOBR,"LOOP 01012 (Brown, L)",LOOP 01012,"Brown, L",BRWN,L
2000000005454,1-TRDB-M-CIGAL-UNIC-XXL-NOBR,La Cigale CIGAL (XXL),La Cigale CIGAL,XXL,UNIC,XXL
2000000006642,1-TRDB-M-LEEDS-UNIC-XL-NOBR,Leeds LEEDS (XL),Leeds LEEDS,XL,UNIC,XL
2000000045689,1-SWEA-M-01010-BLCK-L-NOBR,"LOOP 01010 (BLACK, L)",LOOP 01010,"BLACK, L",BLCK,L
2000000045955,1-SWEA-M-01011-GREY-S-NOBR,"LOOP 01011 (grey, S)",LOOP 01011,"grey, S",GREY,S
2000000045832,1-SWEA-M-01011-BLCK-L-NOBR,"LOOP 01011 (BLACK, L)",LOOP 01011,"BLACK, L",BLCK,L
2000000045870,1-SWEA-M-01011-BLCK-XXL-NOBR,"LOOP 01011 (BLACK, XXL)",LOOP 01011,"BLACK, XXL",BLCK,XXL
2000000045917,1-SWEA-M-01011-CHRC-XL-NOBR,"LOOP 01011 (Charcoal, XL)",LOOP 01011,"Charcoal, XL",CHRC,XL
2000000045825,1-SWEA-M-01011-BEIG-XXL-NOBR,"LOOP 01011 (Beige, XXL)",LOOP 01011,"Beige, XXL",BEIG,XXL
2000000046099,1-SWEA-M-01012-CHRC-M-NOBR,"LOOP 01012 (Charcoal, M)",LOOP 01012,"Charcoal, M",CHRC,M
2000000046006,1-SWEA-M-01012-BEIG-S-NOBR,"LOOP 01012 (Beige, S)",LOOP 01012,"Beige, S",BEIG,S
2000000046068,1-SWEA-M-01012-BRWN-XL-NOBR,"LOOP 01012 (Brown, XL)",LOOP 01012,"Brown, XL",BRWN,XL
2000000005430,1-TRDB-M-CIGAL-UNIC-S-NOBR,La Cigale CIGAL (S),La Cigale CIGAL,S,UNIC,S
2000000005423,1-TRDB-M-CIGAL-UNIC-M-NOBR,La Cigale CIGAL (M),La Cigale CIGAL,M,UNIC,M
2000000006659,1-TRDB-M-LEEDS-UNIC-XXL-NOBR,Leeds LEEDS (XXL),Leeds LEEDS,XXL,UNIC,XXL
2000000045924,1-SWEA-M-01011-CHRC-XXL-NOBR,"LOOP 01011 (Charcoal, XXL)",LOOP 01011,"Charcoal, XXL",CHRC,XXL
2000000045962,1-SWEA-M-01011-GREY-XL-NOBR,"LOOP 01011 (grey, XL)",LOOP 01011,"grey, XL",GREY,XL
2000000045849,1-SWEA-M-01011-BLCK-M-NOBR,"LOOP 01011 (BLACK, M)",LOOP 01011,"BLACK, M",BLCK,M
2000000045887,1-SWEA-M-01011-CHRC-L-NOBR,"LOOP 01011 (Charcoal, L)",LOOP 01011,"Charcoal, L",CHRC,L
2000000045788,1-SWEA-M-01011-BEIG-L-NOBR,"LOOP 01011 (Beige, L)",LOOP 01011,"Beige, L",BEIG,L
2000000046129,1-SWEA-M-01012-CHRC-XXL-NOBR,"LOOP 01012 (Charcoal, XXL)",LOOP 01012,"Charcoal, XXL",CHRC,XXL
2000000046082,1-SWEA-M-01012-CHRC-L-NOBR,"LOOP 01012 (Charcoal, L)",LOOP 01012,"Charcoal, L",CHRC,L
2000000045993,1-SWEA-M-01012-BEIG-M-NOBR,"LOOP 01012 (Beige, M)",LOOP 01012,"Beige, M",BEIG,M
2000000046051,1-SWEA-M-01012-BRWN-S-NOBR,"LOOP 01012 (Brown, S)",LOOP 01012,"Brown, S",BRWN,S
2000000005416,1-TRDB-M-CIGAL-UNIC-L-NOBR,La Cigale CIGAL (L),La Cigale CIGAL,L,UNIC,L
2000000006628,1-TRDB-M-LEEDS-UNIC-M-NOBR,Leeds LEEDS (M),Leeds LEEDS,M,UNIC,M
2000000006611,1-TRDB-M-LEEDS-UNIC-L-NOBR,Leeds LEEDS (L),Leeds LEEDS,L,UNIC,L
2000000011677,1-CAMP-M-00006-BGRN-M-PUFE,"Leia 00006 (M, Black/Green, M, Puffers)",Leia 00006,"M, Black/Green, M, Puffers",BGRN,M
2000000011714,1-CAMP-M-00006-BGRN-XL-NOBR,"Leia 00006 (M, Black/Green, XL, nobrand)",Leia 00006,"M, Black/Green, XL, nobrand",BGRN,XL
2000000011752,1-CAMP-M-00006-BGRN-XXL-PARK,"Leia 00006 (M, Black/Green, XXL, Parka)",Leia 00006,"M, Black/Green, XXL, Parka",BGRN,XXL
2000000011790,1-CAMP-M-00006-BLCK-L-PUFE,"Leia 00006 (M, BLACK, L, Puffers)",Leia 00006,"M, BLACK, L, Puffers",BLCK,L
2000000011837,1-CAMP-M-00006-BLCK-S-NOBR,"Leia 00006 (M, BLACK, S, nobrand)",Leia 00006,"M, BLACK, S, nobrand",BLCK,S
2000000011875,1-CAMP-M-00006-BLCK-XL-PARK,"Leia 00006 (M, BLACK, XL, Parka)",Leia 00006,"M, BLACK, XL, Parka",BLCK,XL
2000000011912,1-CAMP-M-00006-BLCK-XXL-PUFE,"Leia 00006 (M, BLACK, XXL, Puffers)",Leia 00006,"M, BLACK, XXL, Puffers",BLCK,XXL
2000000011950,1-CAMP-M-00006-BONE-M-NOBR,"Leia 00006 (M, Bone, M, nobrand)",Leia 00006,"M, Bone, M, nobrand",BONE,M
2000000011998,1-CAMP-M-00006-BONE-S-PARK,"Leia 00006 (M, Bone, S, Parka)",Leia 00006,"M, Bone, S, Parka",BONE,S
2000000012032,1-CAMP-M-00006-BONE-XL-PUFE,"Leia 00006 (M, Bone, XL, Puffers)",Leia 00006,"M, Bone, XL, Puffers",BONE,XL
2000000012070,1-CAMP-M-00006-TRCT-L-NOBR,"Leia 00006 (M, Terracota, L, nobrand)",Leia 00006,"M, Terracota, L, nobrand",TRCT,L
2000000012117,1-CAMP-M-00006-TRCT-M-PARK,"Leia 00006 (M, Terracota, M, Parka)",Leia 00006,"M, Terracota, M, Parka",TRCT,M
2000000011684,1-CAMP-M-00006-BGRN-S-NOBR,"Leia 00006 (M, Black/Green, S, nobrand)",Leia 00006,"M, Black/Green, S, nobrand",BGRN,S
2000000011721,1-CAMP-M-00006-BGRN-XL-PARK,"Leia 00006 (M, Black/Green, XL, Parka)",Leia 00006,"M, Black/Green, XL, Parka",BGRN,XL
2000000011769,1-CAMP-M-00006-BGRN-XXL-PUFE,"Leia 00006 (M, Black/Green, XXL, Puffers)",Leia 00006,"M, Black/Green, XXL, Puffers",BGRN,XXL
2000000011806,1-CAMP-M-00006-BLCK-M-NOBR,"Leia 00006 (M, BLACK, M, nobrand)",Leia 00006,"M, BLACK, M, nobrand",BLCK,M
2000000011844,1-CAMP-M-00006-BLCK-S-PARK,"Leia 00006 (M, BLACK, S, Parka)",Leia 00006,"M, BLACK, S, Parka",BLCK,S
2000000011882,1-CAMP-M-00006-BLCK-XL-PUFE,"Leia 00006 (M, BLACK, XL, Puffers)",Leia 00006,"M, BLACK, XL, Puffers",BLCK,XL
2000000011929,1-CAMP-M-00006-BONE-L-NOBR,"Leia 00006 (M, Bone, L, nobrand)",Leia 00006,"M, Bone, L, nobrand",BONE,L
2000000011967,1-CAMP-M-00006-BONE-M-PARK,"Leia 00006 (M, Bone, M, Parka)",Leia 00006,"M, Bone, M, Parka",BONE,M
2000000012001,1-CAMP-M-00006-BONE-S-PUFE,"Leia 00006 (M, Bone, S, Puffers)",Leia 00006,"M, Bone, S, Puffers",BONE,S
2000000012049,1-CAMP-M-00006-BONE-XXL-NOBR,"Leia 00006 (M, Bone, XXL, nobrand)",Leia 00006,"M, Bone, XXL, nobrand",BONE,XXL
2000000012087,1-CAMP-M-00006-TRCT-L-PARK,"Leia 00006 (M, Terracota, L, Parka)",Leia 00006,"M, Terracota, L, Parka",TRCT,L
2000000012124,1-CAMP-M-00006-TRCT-M-PUFE,"Leia 00006 (M, Terracota, M, Puffers)",Leia 00006,"M, Terracota, M, Puffers",TRCT,M
2000000011691,1-CAMP-M-00006-BGRN-S-PARK,"Leia 00006 (M, Black/Green, S, Parka)",Leia 00006,"M, Black/Green, S, Parka",BGRN,S
2000000011738,1-CAMP-M-00006-BGRN-XL-PUFE,"Leia 00006 (M, Black/Green, XL, Puffers)",Leia 00006,"M, Black/Green, XL, Puffers",BGRN,XL
2000000011776,1-CAMP-M-00006-BLCK-L-NOBR,"Leia 00006 (M, BLACK, L, nobrand)",Leia 00006,"M, BLACK, L, nobrand",BLCK,L
2000000011813,1-CAMP-M-00006-BLCK-M-PARK,"Leia 00006 (M, BLACK, M, Parka)",Leia 00006,"M, BLACK, M, Parka",BLCK,M
2000000011851,1-CAMP-M-00006-BLCK-S-PUFE,"Leia 00006 (M, BLACK, S, Puffers)",Leia 00006,"M, BLACK, S, Puffers",BLCK,S
2000000011899,1-CAMP-M-00006-BLCK-XXL-NOBR,"Leia 00006 (M, BLACK, XXL, nobrand)",Leia 00006,"M, BLACK, XXL, nobrand",BLCK,XXL
2000000011936,1-CAMP-M-00006-BONE-L-PARK,"Leia 00006 (M, Bone, L, Parka)",Leia 00006,"M, Bone, L, Parka",BONE,L
2000000011974,1-CAMP-M-00006-BONE-M-PUFE,"Leia 00006 (M, Bone, M, Puffers)",Leia 00006,"M, Bone, M, Puffers",BONE,M
2000000012018,1-CAMP-M-00006-BONE-XL-NOBR,"Leia 00006 (M, Bone, XL, nobrand)",Leia 00006,"M, Bone, XL, nobrand",BONE,XL
2000000012056,1-CAMP-M-00006-BONE-XXL-PARK,"Leia 00006 (M, Bone, XXL, Parka)",Leia 00006,"M, Bone, XXL, Parka",BONE,XXL
2000000012094,1-CAMP-M-00006-TRCT-L-PUFE,"Leia 00006 (M, Terracota, L, Puffers)",Leia 00006,"M, Terracota, L, Puffers",TRCT,L
2000000012131,1-CAMP-M-00006-TRCT-S-NOBR,"Leia 00006 (M, Terracota, S, nobrand)",Leia 00006,"M, Terracota, S, nobrand",TRCT,S
2000000011707,1-CAMP-M-00006-BGRN-S-PUFE,"Leia 00006 (M, Black/Green, S, Puffers)",Leia 00006,"M, Black/Green, S, Puffers",BGRN,S
2000000011745,1-CAMP-M-00006-BGRN-XXL-NOBR,"Leia 00006 (M, Black/Green, XXL, nobrand)",Leia 00006,"M, Black/Green, XXL, nobrand",BGRN,XXL
2000000011783,1-CAMP-M-00006-BLCK-L-PARK,"Leia 00006 (M, BLACK, L, Parka)",Leia 00006,"M, BLACK, L, Parka",BLCK,L
2000000011820,1-CAMP-M-00006-BLCK-M-PUFE,"Leia 00006 (M, BLACK, M, Puffers)",Leia 00006,"M, BLACK, M, Puffers",BLCK,M
2000000011868,1-CAMP-M-00006-BLCK-XL-NOBR,"Leia 00006 (M, BLACK, XL, nobrand)",Leia 00006,"M, BLACK, XL, nobrand",BLCK,XL
2000000011905,1-CAMP-M-00006-BLCK-XXL-PARK,"Leia 00006 (M, BLACK, XXL, Parka)",Leia 00006,"M, BLACK, XXL, Parka",BLCK,XXL
2000000011943,1-CAMP-M-00006-BONE-L-PUFE,"Leia 00006 (M, Bone, L, Puffers)",Leia 00006,"M, Bone, L, Puffers",BONE,L
2000000011981,1-CAMP-M-00006-BONE-S-NOBR,"Leia 00006 (M, Bone, S, nobrand)",Leia 00006,"M, Bone, S, nobrand",BONE,S
2000000012025,1-CAMP-M-00006-BONE-XL-PARK,"Leia 00006 (M, Bone, XL, Parka)",Leia 00006,"M, Bone, XL, Parka",BONE,XL
2000000012063,1-CAMP-M-00006-BONE-XXL-PUFE,"Leia 00006 (M, Bone, XXL, Puffers)",Leia 00006,"M, Bone, XXL, Puffers",BONE,XXL
2000000012100,1-CAMP-M-00006-TRCT-M-NOBR,"Leia 00006 (M, Terracota, M, nobrand)",Leia 00006,"M, Terracota, M, nobrand",TRCT,M
2000000012148,1-CAMP-M-00006-TRCT-S-PARK,"Leia 00006 (M, Terracota, S, Parka)",Leia 00006,"M, Terracota, S, Parka",TRCT,S
2000000012155,1-CAMP-M-00006-TRCT-S-PUFE,"Leia 00006 (M, Terracota, S, Puffers)",Leia 00006,"M, Terracota, S, Puffers",TRCT,S
2000000012193,1-CAMP-M-00006-TRCT-XXL-NOBR,"Leia 00006 (M, Terracota, XXL, nobrand)",Leia 00006,"M, Terracota, XXL, nobrand",TRCT,XXL
2000000030944,1-CAMP-W-00006-BBLU-L-PARK,"Leia 00006 (W, Black/Blue, L, Parka)",Leia 00006,"W, Black/Blue, L, Parka",BBLU,L
2000000030982,1-CAMP-W-00006-BBLU-M-PUFE,"Leia 00006 (W, Black/Blue, M, Puffers)",Leia 00006,"W, Black/Blue, M, Puffers",BBLU,M
2000000031026,1-CAMP-W-00006-BBLU-XL-NOBR,"Leia 00006 (W, Black/Blue, XL, nobrand)",Leia 00006,"W, Black/Blue, XL, nobrand",BBLU,XL
2000000031064,1-CAMP-W-00006-BBLU-XXL-PARK,"Leia 00006 (W, Black/Blue, XXL, Parka)",Leia 00006,"W, Black/Blue, XXL, Parka",BBLU,XXL
2000000031101,1-CAMP-W-00006-BGRN-L-PUFE,"Leia 00006 (W, Black/Green, L, Puffers)",Leia 00006,"W, Black/Green, L, Puffers",BGRN,L
2000000031149,1-CAMP-W-00006-BGRN-S-NOBR,"Leia 00006 (W, Black/Green, S, nobrand)",Leia 00006,"W, Black/Green, S, nobrand",BGRN,S
2000000031187,1-CAMP-W-00006-BGRN-XL-PARK,"Leia 00006 (W, Black/Green, XL, Parka)",Leia 00006,"W, Black/Green, XL, Parka",BGRN,XL
2000000031224,1-CAMP-W-00006-BGRN-XXL-PUFE,"Leia 00006 (W, Black/Green, XXL, Puffers)",Leia 00006,"W, Black/Green, XXL, Puffers",BGRN,XXL
2000000031262,1-CAMP-W-00006-BLCK-M-NOBR,"Leia 00006 (W, BLACK, M, nobrand)",Leia 00006,"W, BLACK, M, nobrand",BLCK,M
2000000031309,1-CAMP-W-00006-BLCK-S-PARK,"Leia 00006 (W, BLACK, S, Parka)",Leia 00006,"W, BLACK, S, Parka",BLCK,S
2000000012162,1-CAMP-M-00006-TRCT-XL-NOBR,"Leia 00006 (M, Terracota, XL, nobrand)",Leia 00006,"M, Terracota, XL, nobrand",TRCT,XL
2000000012209,1-CAMP-M-00006-TRCT-XXL-PARK,"Leia 00006 (M, Terracota, XXL, Parka)",Leia 00006,"M, Terracota, XXL, Parka",TRCT,XXL
2000000030951,1-CAMP-W-00006-BBLU-L-PUFE,"Leia 00006 (W, Black/Blue, L, Puffers)",Leia 00006,"W, Black/Blue, L, Puffers",BBLU,L
2000000030999,1-CAMP-W-00006-BBLU-S-NOBR,"Leia 00006 (W, Black/Blue, S, nobrand)",Leia 00006,"W, Black/Blue, S, nobrand",BBLU,S
2000000031033,1-CAMP-W-00006-BBLU-XL-PARK,"Leia 00006 (W, Black/Blue, XL, Parka)",Leia 00006,"W, Black/Blue, XL, Parka",BBLU,XL
2000000031071,1-CAMP-W-00006-BBLU-XXL-PUFE,"Leia 00006 (W, Black/Blue, XXL, Puffers)",Leia 00006,"W, Black/Blue, XXL, Puffers",BBLU,XXL
2000000031118,1-CAMP-W-00006-BGRN-M-NOBR,"Leia 00006 (W, Black/Green, M, nobrand)",Leia 00006,"W, Black/Green, M, nobrand",BGRN,M
2000000031156,1-CAMP-W-00006-BGRN-S-PARK,"Leia 00006 (W, Black/Green, S, Parka)",Leia 00006,"W, Black/Green, S, Parka",BGRN,S
2000000031194,1-CAMP-W-00006-BGRN-XL-PUFE,"Leia 00006 (W, Black/Green, XL, Puffers)",Leia 00006,"W, Black/Green, XL, Puffers",BGRN,XL
2000000031231,1-CAMP-W-00006-BLCK-L-NOBR,"Leia 00006 (W, BLACK, L, nobrand)",Leia 00006,"W, BLACK, L, nobrand",BLCK,L
2000000031279,1-CAMP-W-00006-BLCK-M-PARK,"Leia 00006 (W, BLACK, M, Parka)",Leia 00006,"W, BLACK, M, Parka",BLCK,M
2000000031316,1-CAMP-W-00006-BLCK-S-PUFE,"Leia 00006 (W, BLACK, S, Puffers)",Leia 00006,"W, BLACK, S, Puffers",BLCK,S
2000000012179,1-CAMP-M-00006-TRCT-XL-PARK,"Leia 00006 (M, Terracota, XL, Parka)",Leia 00006,"M, Terracota, XL, Parka",TRCT,XL
2000000012216,1-CAMP-M-00006-TRCT-XXL-PUFE,"Leia 00006 (M, Terracota, XXL, Puffers)",Leia 00006,"M, Terracota, XXL, Puffers",TRCT,XXL
2000000030968,1-CAMP-W-00006-BBLU-M-NOBR,"Leia 00006 (W, Black/Blue, M, nobrand)",Leia 00006,"W, Black/Blue, M, nobrand",BBLU,M
2000000031002,1-CAMP-W-00006-BBLU-S-PARK,"Leia 00006 (W, Black/Blue, S, Parka)",Leia 00006,"W, Black/Blue, S, Parka",BBLU,S
2000000031040,1-CAMP-W-00006-BBLU-XL-PUFE,"Leia 00006 (W, Black/Blue, XL, Puffers)",Leia 00006,"W, Black/Blue, XL, Puffers",BBLU,XL
2000000031088,1-CAMP-W-00006-BGRN-L-NOBR,"Leia 00006 (W, Black/Green, L, nobrand)",Leia 00006,"W, Black/Green, L, nobrand",BGRN,L
2000000031125,1-CAMP-W-00006-BGRN-M-PARK,"Leia 00006 (W, Black/Green, M, Parka)",Leia 00006,"W, Black/Green, M, Parka",BGRN,M
2000000031163,1-CAMP-W-00006-BGRN-S-PUFE,"Leia 00006 (W, Black/Green, S, Puffers)",Leia 00006,"W, Black/Green, S, Puffers",BGRN,S
2000000031200,1-CAMP-W-00006-BGRN-XXL-NOBR,"Leia 00006 (W, Black/Green, XXL, nobrand)",Leia 00006,"W, Black/Green, XXL, nobrand",BGRN,XXL
2000000031248,1-CAMP-W-00006-BLCK-L-PARK,"Leia 00006 (W, BLACK, L, Parka)",Leia 00006,"W, BLACK, L, Parka",BLCK,L
2000000031286,1-CAMP-W-00006-BLCK-M-PUFE,"Leia 00006 (W, BLACK, M, Puffers)",Leia 00006,"W, BLACK, M, Puffers",BLCK,M
2000000031323,1-CAMP-W-00006-BLCK-XL-NOBR,"Leia 00006 (W, BLACK, XL, nobrand)",Leia 00006,"W, BLACK, XL, nobrand",BLCK,XL
2000000012186,1-CAMP-M-00006-TRCT-XL-PUFE,"Leia 00006 (M, Terracota, XL, Puffers)",Leia 00006,"M, Terracota, XL, Puffers",TRCT,XL
2000000030937,1-CAMP-W-00006-BBLU-L-NOBR,"Leia 00006 (W, Black/Blue, L, nobrand)",Leia 00006,"W, Black/Blue, L, nobrand",BBLU,L
2000000030975,1-CAMP-W-00006-BBLU-M-PARK,"Leia 00006 (W, Black/Blue, M, Parka)",Leia 00006,"W, Black/Blue, M, Parka",BBLU,M
2000000031019,1-CAMP-W-00006-BBLU-S-PUFE,"Leia 00006 (W, Black/Blue, S, Puffers)",Leia 00006,"W, Black/Blue, S, Puffers",BBLU,S
2000000031057,1-CAMP-W-00006-BBLU-XXL-NOBR,"Leia 00006 (W, Black/Blue, XXL, nobrand)",Leia 00006,"W, Black/Blue, XXL, nobrand",BBLU,XXL
2000000031095,1-CAMP-W-00006-BGRN-L-PARK,"Leia 00006 (W, Black/Green, L, Parka)",Leia 00006,"W, Black/Green, L, Parka",BGRN,L
2000000031132,1-CAMP-W-00006-BGRN-M-PUFE,"Leia 00006 (W, Black/Green, M, Puffers)",Leia 00006,"W, Black/Green, M, Puffers",BGRN,M
2000000031170,1-CAMP-W-00006-BGRN-XL-NOBR,"Leia 00006 (W, Black/Green, XL, nobrand)",Leia 00006,"W, Black/Green, XL, nobrand",BGRN,XL
2000000031217,1-CAMP-W-00006-BGRN-XXL-PARK,"Leia 00006 (W, Black/Green, XXL, Parka)",Leia 00006,"W, Black/Green, XXL, Parka",BGRN,XXL
2000000031255,1-CAMP-W-00006-BLCK-L-PUFE,"Leia 00006 (W, BLACK, L, Puffers)",Leia 00006,"W, BLACK, L, Puffers",BLCK,L
2000000031293,1-CAMP-W-00006-BLCK-S-NOBR,"Leia 00006 (W, BLACK, S, nobrand)",Leia 00006,"W, BLACK, S, nobrand",BLCK,S
2000000031330,1-CAMP-W-00006-BLCK-XL-PARK,"Leia 00006 (W, BLACK, XL, Parka)",Leia 00006,"W, BLACK, XL, Parka",BLCK,XL
2000000031347,1-CAMP-W-00006-BLCK-XL-PUFE,"Leia 00006 (W, BLACK, XL, Puffers)",Leia 00006,"W, BLACK, XL, Puffers",BLCK,XL
2000000031385,1-CAMP-W-00006-BONE-L-NOBR,"Leia 00006 (W, Bone, L, nobrand)",Leia 00006,"W, Bone, L, nobrand",BONE,L
2000000031422,1-CAMP-W-00006-BONE-M-PARK,"Leia 00006 (W, Bone, M, Parka)",Leia 00006,"W, Bone, M, Parka",BONE,M
2000000031460,1-CAMP-W-00006-BONE-S-PUFE,"Leia 00006 (W, Bone, S, Puffers)",Leia 00006,"W, Bone, S, Puffers",BONE,S
2000000031507,1-CAMP-W-00006-BONE-XXL-NOBR,"Leia 00006 (W, Bone, XXL, nobrand)",Leia 00006,"W, Bone, XXL, nobrand",BONE,XXL
2000000031545,1-CAMP-W-00006-TRCT-L-PARK,"Leia 00006 (W, Terracota, L, Parka)",Leia 00006,"W, Terracota, L, Parka",TRCT,L
2000000031583,1-CAMP-W-00006-TRCT-M-PUFE,"Leia 00006 (W, Terracota, M, Puffers)",Leia 00006,"W, Terracota, M, Puffers",TRCT,M
2000000031620,1-CAMP-W-00006-TRCT-XL-NOBR,"Leia 00006 (W, Terracota, XL, nobrand)",Leia 00006,"W, Terracota, XL, nobrand",TRCT,XL
2000000031668,1-CAMP-W-00006-TRCT-XXL-PARK,"Leia 00006 (W, Terracota, XXL, Parka)",Leia 00006,"W, Terracota, XXL, Parka",TRCT,XXL
2000000011493,1-CAMP-M-00006-BBLU-L-PUFE,"Leia 00006 (M, Black/Blue, L, Puffers)",Leia 00006,"M, Black/Blue, L, Puffers",BBLU,L
2000000011530,1-CAMP-M-00006-BBLU-S-NOBR,"Leia 00006 (M, Black/Blue, S, nobrand)",Leia 00006,"M, Black/Blue, S, nobrand",BBLU,S
2000000011578,1-CAMP-M-00006-BBLU-XL-PARK,"Leia 00006 (M, Black/Blue, XL, Parka)",Leia 00006,"M, Black/Blue, XL, Parka",BBLU,XL
2000000031354,1-CAMP-W-00006-BLCK-XXL-NOBR,"Leia 00006 (W, BLACK, XXL, nobrand)",Leia 00006,"W, BLACK, XXL, nobrand",BLCK,XXL
2000000031392,1-CAMP-W-00006-BONE-L-PARK,"Leia 00006 (W, Bone, L, Parka)",Leia 00006,"W, Bone, L, Parka",BONE,L
2000000031439,1-CAMP-W-00006-BONE-M-PUFE,"Leia 00006 (W, Bone, M, Puffers)",Leia 00006,"W, Bone, M, Puffers",BONE,M
2000000031477,1-CAMP-W-00006-BONE-XL-NOBR,"Leia 00006 (W, Bone, XL, nobrand)",Leia 00006,"W, Bone, XL, nobrand",BONE,XL
2000000031514,1-CAMP-W-00006-BONE-XXL-PARK,"Leia 00006 (W, Bone, XXL, Parka)",Leia 00006,"W, Bone, XXL, Parka",BONE,XXL
2000000031552,1-CAMP-W-00006-TRCT-L-PUFE,"Leia 00006 (W, Terracota, L, Puffers)",Leia 00006,"W, Terracota, L, Puffers",TRCT,L
2000000031590,1-CAMP-W-00006-TRCT-S-NOBR,"Leia 00006 (W, Terracota, S, nobrand)",Leia 00006,"W, Terracota, S, nobrand",TRCT,S
2000000031637,1-CAMP-W-00006-TRCT-XL-PARK,"Leia 00006 (W, Terracota, XL, Parka)",Leia 00006,"W, Terracota, XL, Parka",TRCT,XL
2000000031675,1-CAMP-W-00006-TRCT-XXL-PUFE,"Leia 00006 (W, Terracota, XXL, Puffers)",Leia 00006,"W, Terracota, XXL, Puffers",TRCT,XXL
2000000011509,1-CAMP-M-00006-BBLU-M-NOBR,"Leia 00006 (M, Black/Blue, M, nobrand)",Leia 00006,"M, Black/Blue, M, nobrand",BBLU,M
2000000011547,1-CAMP-M-00006-BBLU-S-PARK,"Leia 00006 (M, Black/Blue, S, Parka)",Leia 00006,"M, Black/Blue, S, Parka",BBLU,S
2000000011585,1-CAMP-M-00006-BBLU-XL-PUFE,"Leia 00006 (M, Black/Blue, XL, Puffers)",Leia 00006,"M, Black/Blue, XL, Puffers",BBLU,XL
2000000031361,1-CAMP-W-00006-BLCK-XXL-PARK,"Leia 00006 (W, BLACK, XXL, Parka)",Leia 00006,"W, BLACK, XXL, Parka",BLCK,XXL
2000000031408,1-CAMP-W-00006-BONE-L-PUFE,"Leia 00006 (W, Bone, L, Puffers)",Leia 00006,"W, Bone, L, Puffers",BONE,L
2000000031446,1-CAMP-W-00006-BONE-S-NOBR,"Leia 00006 (W, Bone, S, nobrand)",Leia 00006,"W, Bone, S, nobrand",BONE,S
2000000031484,1-CAMP-W-00006-BONE-XL-PARK,"Leia 00006 (W, Bone, XL, Parka)",Leia 00006,"W, Bone, XL, Parka",BONE,XL
2000000031521,1-CAMP-W-00006-BONE-XXL-PUFE,"Leia 00006 (W, Bone, XXL, Puffers)",Leia 00006,"W, Bone, XXL, Puffers",BONE,XXL
2000000031569,1-CAMP-W-00006-TRCT-M-NOBR,"Leia 00006 (W, Terracota, M, nobrand)",Leia 00006,"W, Terracota, M, nobrand",TRCT,M
2000000031606,1-CAMP-W-00006-TRCT-S-PARK,"Leia 00006 (W, Terracota, S, Parka)",Leia 00006,"W, Terracota, S, Parka",TRCT,S
2000000031644,1-CAMP-W-00006-TRCT-XL-PUFE,"Leia 00006 (W, Terracota, XL, Puffers)",Leia 00006,"W, Terracota, XL, Puffers",TRCT,XL
2000000011479,1-CAMP-M-00006-BBLU-L-NOBR,"Leia 00006 (M, Black/Blue, L, nobrand)",Leia 00006,"M, Black/Blue, L, nobrand",BBLU,L
2000000011516,1-CAMP-M-00006-BBLU-M-PARK,"Leia 00006 (M, Black/Blue, M, Parka)",Leia 00006,"M, Black/Blue, M, Parka",BBLU,M
2000000011554,1-CAMP-M-00006-BBLU-S-PUFE,"Leia 00006 (M, Black/Blue, S, Puffers)",Leia 00006,"M, Black/Blue, S, Puffers",BBLU,S
2000000011592,1-CAMP-M-00006-BBLU-XXL-NOBR,"Leia 00006 (M, Black/Blue, XXL, nobrand)",Leia 00006,"M, Black/Blue, XXL, nobrand",BBLU,XXL
2000000031378,1-CAMP-W-00006-BLCK-XXL-PUFE,"Leia 00006 (W, BLACK, XXL, Puffers)",Leia 00006,"W, BLACK, XXL, Puffers",BLCK,XXL
2000000031415,1-CAMP-W-00006-BONE-M-NOBR,"Leia 00006 (W, Bone, M, nobrand)",Leia 00006,"W, Bone, M, nobrand",BONE,M
2000000031453,1-CAMP-W-00006-BONE-S-PARK,"Leia 00006 (W, Bone, S, Parka)",Leia 00006,"W, Bone, S, Parka",BONE,S
2000000031491,1-CAMP-W-00006-BONE-XL-PUFE,"Leia 00006 (W, Bone, XL, Puffers)",Leia 00006,"W, Bone, XL, Puffers",BONE,XL
2000000031538,1-CAMP-W-00006-TRCT-L-NOBR,"Leia 00006 (W, Terracota, L, nobrand)",Leia 00006,"W, Terracota, L, nobrand",TRCT,L
2000000031576,1-CAMP-W-00006-TRCT-M-PARK,"Leia 00006 (W, Terracota, M, Parka)",Leia 00006,"W, Terracota, M, Parka",TRCT,M
2000000031613,1-CAMP-W-00006-TRCT-S-PUFE,"Leia 00006 (W, Terracota, S, Puffers)",Leia 00006,"W, Terracota, S, Puffers",TRCT,S
2000000031651,1-CAMP-W-00006-TRCT-XXL-NOBR,"Leia 00006 (W, Terracota, XXL, nobrand)",Leia 00006,"W, Terracota, XXL, nobrand",TRCT,XXL
2000000011486,1-CAMP-M-00006-BBLU-L-PARK,"Leia 00006 (M, Black/Blue, L, Parka)",Leia 00006,"M, Black/Blue, L, Parka",BBLU,L
2000000011523,1-CAMP-M-00006-BBLU-M-PUFE,"Leia 00006 (M, Black/Blue, M, Puffers)",Leia 00006,"M, Black/Blue, M, Puffers",BBLU,M
2000000011561,1-CAMP-M-00006-BBLU-XL-NOBR,"Leia 00006 (M, Black/Blue, XL, nobrand)",Leia 00006,"M, Black/Blue, XL, nobrand",BBLU,XL
2000000011608,1-CAMP-M-00006-BBLU-XXL-PARK,"Leia 00006 (M, Black/Blue, XXL, Parka)",Leia 00006,"M, Black/Blue, XXL, Parka",BBLU,XXL
2000000011615,1-CAMP-M-00006-BBLU-XXL-PUFE,"Leia 00006 (M, Black/Blue, XXL, Puffers)",Leia 00006,"M, Black/Blue, XXL, Puffers",BBLU,XXL
2000000011660,1-CAMP-M-00006-BGRN-M-PARK,"Leia 00006 (M, Black/Green, M, Parka)",Leia 00006,"M, Black/Green, M, Parka",BGRN,M
2000000006673,1-TRDB-M-LEMHA-UNIC-M-NOBR,Lemon Haze LEMHA (M),Lemon Haze LEMHA,M,UNIC,M
2000000015590,1-CAMP-M-00108-GREN-XL-PARK,"Leviatan 00108 (Green, XL, Parka)",Leviatan 00108,"Green, XL, Parka",GREN,XL
2000000015538,1-CAMP-M-00108-GREN-L-PARK,"Leviatan 00108 (Green, L, Parka)",Leviatan 00108,"Green, L, Parka",GREN,L
2000000015422,1-CAMP-M-00108-BLCK-L-NOBR,"Leviatan 00108 (BLACK, L, nobrand)",Leviatan 00108,"BLACK, L, nobrand",BLCK,L
2000000015453,1-CAMP-M-00108-BLCK-M-PARK,"Leviatan 00108 (BLACK, M, Parka)",Leviatan 00108,"BLACK, M, Parka",BLCK,M
2000000015552,1-CAMP-M-00108-GREN-M-PARK,"Leviatan 00108 (Green, M, Parka)",Leviatan 00108,"Green, M, Parka",GREN,M
2000000004808,1-TRDB-M-0LINZ-UNIC-XXL-NOBR,Linz (XXL),Linz,XXL,UNIC,XXL
2000000006796,1-TRDB-M-LISBO-UNIC-XL-NOBR,Lisboa LISBO (XL),Lisboa LISBO,XL,UNIC,XL
2000000006802,1-TRDB-M-LISBO-UNIC-XXL-NOBR,Lisboa LISBO (XXL),Lisboa LISBO,XXL,UNIC,XXL
2000000006840,1-TRDB-M-LIVER-UNIC-XL-NOBR,Liverpool LIVER (XL),Liverpool LIVER,XL,UNIC,XL
2000000011622,1-CAMP-M-00006-BGRN-L-NOBR,"Leia 00006 (M, Black/Green, L, nobrand)",Leia 00006,"M, Black/Green, L, nobrand",BGRN,L
2000000011639,1-CAMP-M-00006-BGRN-L-PARK,"Leia 00006 (M, Black/Green, L, Parka)",Leia 00006,"M, Black/Green, L, Parka",BGRN,L
2000000006666,1-TRDB-M-LEMHA-UNIC-L-NOBR,Lemon Haze LEMHA (L),Lemon Haze LEMHA,L,UNIC,L
2000000015606,1-CAMP-M-00108-GREN-XXL-NOBR,"Leviatan 00108 (Green, XXL, nobrand)",Leviatan 00108,"Green, XXL, nobrand",GREN,XXL
2000000015521,1-CAMP-M-00108-GREN-L-NOBR,"Leviatan 00108 (Green, L, nobrand)",Leviatan 00108,"Green, L, nobrand",GREN,L
2000000015439,1-CAMP-M-00108-BLCK-L-PARK,"Leviatan 00108 (BLACK, L, Parka)",Leviatan 00108,"BLACK, L, Parka",BLCK,L
2000000015460,1-CAMP-M-00108-BLCK-S-NOBR,"Leviatan 00108 (BLACK, S, nobrand)",Leviatan 00108,"BLACK, S, nobrand",BLCK,S
2000000015569,1-CAMP-M-00108-GREN-S-NOBR,"Leviatan 00108 (Green, S, nobrand)",Leviatan 00108,"Green, S, nobrand",GREN,S
2000000004792,1-TRDB-M-0LINZ-UNIC-XL-NOBR,Linz (XL),Linz,XL,UNIC,XL
2000000006789,1-TRDB-M-LISBO-UNIC-S-NOBR,Lisboa LISBO (S),Lisboa LISBO,S,UNIC,S
2000000006819,1-TRDB-M-LIVER-UNIC-L-NOBR,Liverpool LIVER (L),Liverpool LIVER,L,UNIC,L
2000000006857,1-TRDB-M-LIVER-UNIC-XXL-NOBR,Liverpool LIVER (XXL),Liverpool LIVER,XXL,UNIC,XXL
2000000011646,1-CAMP-M-00006-BGRN-L-PUFE,"Leia 00006 (M, Black/Green, L, Puffers)",Leia 00006,"M, Black/Green, L, Puffers",BGRN,L
2000000006697,1-TRDB-M-LEMHA-UNIC-XL-NOBR,Lemon Haze LEMHA (XL),Lemon Haze LEMHA,XL,UNIC,XL
2000000006703,1-TRDB-M-LEMHA-UNIC-XXL-NOBR,Lemon Haze LEMHA (XXL),Lemon Haze LEMHA,XXL,UNIC,XXL
2000000015613,1-CAMP-M-00108-GREN-XXL-PARK,"Leviatan 00108 (Green, XXL, Parka)",Leviatan 00108,"Green, XXL, Parka",GREN,XXL
2000000015514,1-CAMP-M-00108-BLCK-XXL-PARK,"Leviatan 00108 (BLACK, XXL, Parka)",Leviatan 00108,"BLACK, XXL, Parka",BLCK,XXL
2000000015446,1-CAMP-M-00108-BLCK-M-NOBR,"Leviatan 00108 (BLACK, M, nobrand)",Leviatan 00108,"BLACK, M, nobrand",BLCK,M
2000000015484,1-CAMP-M-00108-BLCK-XL-NOBR,"Leviatan 00108 (BLACK, XL, nobrand)",Leviatan 00108,"BLACK, XL, nobrand",BLCK,XL
2000000015583,1-CAMP-M-00108-GREN-XL-NOBR,"Leviatan 00108 (Green, XL, nobrand)",Leviatan 00108,"Green, XL, nobrand",GREN,XL
2000000004785,1-TRDB-M-0LINZ-UNIC-S-NOBR,Linz (S),Linz,S,UNIC,S
2000000006772,1-TRDB-M-LISBO-UNIC-M-NOBR,Lisboa LISBO (M),Lisboa LISBO,M,UNIC,M
2000000006826,1-TRDB-M-LIVER-UNIC-M-NOBR,Liverpool LIVER (M),Liverpool LIVER,M,UNIC,M
2000000004815,1-TRDB-M-0LODZ-UNIC-L-NOBR,Lodz 0LODZ (L),Lodz 0LODZ,L,UNIC,L
2000000011653,1-CAMP-M-00006-BGRN-M-NOBR,"Leia 00006 (M, Black/Green, M, nobrand)",Leia 00006,"M, Black/Green, M, nobrand",BGRN,M
2000000006680,1-TRDB-M-LEMHA-UNIC-S-NOBR,Lemon Haze LEMHA (S),Lemon Haze LEMHA,S,UNIC,S
2000000015576,1-CAMP-M-00108-GREN-S-PARK,"Leviatan 00108 (Green, S, Parka)",Leviatan 00108,"Green, S, Parka",GREN,S
2000000015545,1-CAMP-M-00108-GREN-M-NOBR,"Leviatan 00108 (Green, M, nobrand)",Leviatan 00108,"Green, M, nobrand",GREN,M
2000000015507,1-CAMP-M-00108-BLCK-XXL-NOBR,"Leviatan 00108 (BLACK, XXL, nobrand)",Leviatan 00108,"BLACK, XXL, nobrand",BLCK,XXL
2000000015477,1-CAMP-M-00108-BLCK-S-PARK,"Leviatan 00108 (BLACK, S, Parka)",Leviatan 00108,"BLACK, S, Parka",BLCK,S
2000000015491,1-CAMP-M-00108-BLCK-XL-PARK,"Leviatan 00108 (BLACK, XL, Parka)",Leviatan 00108,"BLACK, XL, Parka",BLCK,XL
2000000004761,1-TRDB-M-0LINZ-UNIC-L-NOBR,Linz (L),Linz,L,UNIC,L
2000000004778,1-TRDB-M-0LINZ-UNIC-M-NOBR,Linz (M),Linz,M,UNIC,M
2000000006765,1-TRDB-M-LISBO-UNIC-L-NOBR,Lisboa LISBO (L),Lisboa LISBO,L,UNIC,L
2000000006833,1-TRDB-M-LIVER-UNIC-S-NOBR,Liverpool LIVER (S),Liverpool LIVER,S,UNIC,S
2000000004822,1-TRDB-M-0LODZ-UNIC-M-NOBR,Lodz 0LODZ (M),Lodz 0LODZ,M,UNIC,M
2000000004853,1-TRDB-M-0LODZ-UNIC-XXL-NOBR,Lodz 0LODZ (XXL),Lodz 0LODZ,XXL,UNIC,XXL
2000000001968,1-CAMI-M-MACOR-NATU-S-OLDB,"MACOR (Natural, S, Old Bridge)",MACOR,"Natural, S, Old Bridge",NATU,S
2000000001876,1-CAMI-M-MACOR-GREN-XL-NOBR,"MACOR (Green, XL, no brand)",MACOR,"Green, XL, no brand",GREN,XL
2000000001821,1-CAMI-M-MACOR-GREN-L-OLDB,"MACOR (Green, L, Old Bridge)",MACOR,"Green, L, Old Bridge",GREN,L
2000000002170,1-CAMI-M-MACOR-WHIT-XL-NOBR,"MACOR (White, XL, no brand)",MACOR,"White, XL, no brand",WHIT,XL
2000000002118,1-CAMI-M-MACOR-WHIT-L-NOBR,"MACOR (White, L, no brand)",MACOR,"White, L, no brand",WHIT,L
2000000002071,1-CAMI-M-MACOR-NAVY-XL-NOBR,"MACOR (Navy, XL, no brand)",MACOR,"Navy, XL, no brand",NAVY,XL
2000000002033,1-CAMI-M-MACOR-NAVY-M-NOBR,"MACOR (Navy, M, no brand)",MACOR,"Navy, M, no brand",NAVY,M
2000000001999,1-CAMI-M-MACOR-NATU-XXL-NOBR,"MACOR (Natural, XXL, no brand)",MACOR,"Natural, XXL, no brand",NATU,XXL
2000000001784,1-CAMI-M-MACOR-BLCK-XL-OLDB,"MACOR (BLACK, XL, Old Bridge)",MACOR,"BLACK, XL, Old Bridge",BLCK,XL
2000000001944,1-CAMI-M-MACOR-NATU-M-OLDB,"MACOR (Natural, M, Old Bridge)",MACOR,"Natural, M, Old Bridge",NATU,M
2000000001906,1-CAMI-M-MACOR-GREN-XXL-OLDB,"MACOR (Green, XXL, Old Bridge)",MACOR,"Green, XXL, Old Bridge",GREN,XXL
2000000004846,1-TRDB-M-0LODZ-UNIC-XL-NOBR,Lodz 0LODZ (XL),Lodz 0LODZ,XL,UNIC,XL
2000000001852,1-CAMI-M-MACOR-GREN-S-NOBR,"MACOR (Green, S, no brand)",MACOR,"Green, S, no brand",GREN,S
2000000001869,1-CAMI-M-MACOR-GREN-S-OLDB,"MACOR (Green, S, Old Bridge)",MACOR,"Green, S, Old Bridge",GREN,S
2000000002200,1-CAMI-M-MACOR-WHIT-XXL-OLDB,"MACOR (White, XXL, Old Bridge)",MACOR,"White, XXL, Old Bridge",WHIT,XXL
2000000002163,1-CAMI-M-MACOR-WHIT-S-OLDB,"MACOR (White, S, Old Bridge)",MACOR,"White, S, Old Bridge",WHIT,S
2000000002101,1-CAMI-M-MACOR-NAVY-XXL-OLDB,"MACOR (Navy, XXL, Old Bridge)",MACOR,"Navy, XXL, Old Bridge",NAVY,XXL
2000000002064,1-CAMI-M-MACOR-NAVY-S-OLDB,"MACOR (Navy, S, Old Bridge)",MACOR,"Navy, S, Old Bridge",NAVY,S
2000000002026,1-CAMI-M-MACOR-NAVY-L-OLDB,"MACOR (Navy, L, Old Bridge)",MACOR,"Navy, L, Old Bridge",NAVY,L
2000000001814,1-CAMI-M-MACOR-GREN-L-NOBR,"MACOR (Green, L, no brand)",MACOR,"Green, L, no brand",GREN,L
2000000001777,1-CAMI-M-MACOR-BLCK-XL-NOBR,"MACOR (BLACK, XL, no brand)",MACOR,"BLACK, XL, no brand",BLCK,XL
2000000001937,1-CAMI-M-MACOR-NATU-M-NOBR,"MACOR (Natural, M, no brand)",MACOR,"Natural, M, no brand",NATU,M
2000000001890,1-CAMI-M-MACOR-GREN-XXL-NOBR,"MACOR (Green, XXL, no brand)",MACOR,"Green, XXL, no brand",GREN,XXL
2000000004839,1-TRDB-M-0LODZ-UNIC-S-NOBR,Lodz 0LODZ (S),Lodz 0LODZ,S,UNIC,S
2000000001951,1-CAMI-M-MACOR-NATU-S-NOBR,"MACOR (Natural, S, no brand)",MACOR,"Natural, S, no brand",NATU,S
2000000001845,1-CAMI-M-MACOR-GREN-M-OLDB,"MACOR (Green, M, Old Bridge)",MACOR,"Green, M, Old Bridge",GREN,M
2000000002194,1-CAMI-M-MACOR-WHIT-XXL-NOBR,"MACOR (White, XXL, no brand)",MACOR,"White, XXL, no brand",WHIT,XXL
2000000002132,1-CAMI-M-MACOR-WHIT-M-NOBR,"MACOR (White, M, no brand)",MACOR,"White, M, no brand",WHIT,M
2000000002095,1-CAMI-M-MACOR-NAVY-XXL-NOBR,"MACOR (Navy, XXL, no brand)",MACOR,"Navy, XXL, no brand",NAVY,XXL
2000000002057,1-CAMI-M-MACOR-NAVY-S-NOBR,"MACOR (Navy, S, no brand)",MACOR,"Navy, S, no brand",NAVY,S
2000000002019,1-CAMI-M-MACOR-NAVY-L-NOBR,"MACOR (Navy, L, no brand)",MACOR,"Navy, L, no brand",NAVY,L
2000000001807,1-CAMI-M-MACOR-BLCK-XXL-OLDB,"MACOR (BLACK, XXL, Old Bridge)",MACOR,"BLACK, XXL, Old Bridge",BLCK,XXL
2000000002156,1-CAMI-M-MACOR-WHIT-S-NOBR,"MACOR (White, S, no brand)",MACOR,"White, S, no brand",WHIT,S
2000000001920,1-CAMI-M-MACOR-NATU-L-OLDB,"MACOR (Natural, L, Old Bridge)",MACOR,"Natural, L, Old Bridge",NATU,L
2000000001760,1-CAMI-M-MACOR-BLCK-S-OLDB,"MACOR (BLACK, S, Old Bridge)",MACOR,"BLACK, S, Old Bridge",BLCK,S
2000000001975,1-CAMI-M-MACOR-NATU-XL-NOBR,"MACOR (Natural, XL, no brand)",MACOR,"Natural, XL, no brand",NATU,XL
2000000001883,1-CAMI-M-MACOR-GREN-XL-OLDB,"MACOR (Green, XL, Old Bridge)",MACOR,"Green, XL, Old Bridge",GREN,XL
2000000001838,1-CAMI-M-MACOR-GREN-M-NOBR,"MACOR (Green, M, no brand)",MACOR,"Green, M, no brand",GREN,M
2000000002187,1-CAMI-M-MACOR-WHIT-XL-OLDB,"MACOR (White, XL, Old Bridge)",MACOR,"White, XL, Old Bridge",WHIT,XL
2000000002125,1-CAMI-M-MACOR-WHIT-L-OLDB,"MACOR (White, L, Old Bridge)",MACOR,"White, L, Old Bridge",WHIT,L
2000000002088,1-CAMI-M-MACOR-NAVY-XL-OLDB,"MACOR (Navy, XL, Old Bridge)",MACOR,"Navy, XL, Old Bridge",NAVY,XL
2000000002040,1-CAMI-M-MACOR-NAVY-M-OLDB,"MACOR (Navy, M, Old Bridge)",MACOR,"Navy, M, Old Bridge",NAVY,M
2000000002002,1-CAMI-M-MACOR-NATU-XXL-OLDB,"MACOR (Natural, XXL, Old Bridge)",MACOR,"Natural, XXL, Old Bridge",NATU,XXL
2000000001791,1-CAMI-M-MACOR-BLCK-XXL-NOBR,"MACOR (BLACK, XXL, no brand)",MACOR,"BLACK, XXL, no brand",BLCK,XXL
2000000002149,1-CAMI-M-MACOR-WHIT-M-OLDB,"MACOR (White, M, Old Bridge)",MACOR,"White, M, Old Bridge",WHIT,M
2000000001913,1-CAMI-M-MACOR-NATU-L-NOBR,"MACOR (Natural, L, no brand)",MACOR,"Natural, L, no brand",NATU,L
2000000001753,1-CAMI-M-MACOR-BLCK-S-NOBR,"MACOR (BLACK, S, no brand)",MACOR,"BLACK, S, no brand",BLCK,S
2000000001746,1-CAMI-M-MACOR-BLCK-M-OLDB,"MACOR (BLACK, M, Old Bridge)",MACOR,"BLACK, M, Old Bridge",BLCK,M
2000000001982,1-CAMI-M-MACOR-NATU-XL-OLDB,"MACOR (Natural, XL, Old Bridge)",MACOR,"Natural, XL, Old Bridge",NATU,XL
2000000002330,1-CAMI-M-MANLA-NATU-S-NOBR,"MANLA (Natural, S, no brand)",MANLA,"Natural, S, no brand",NATU,S
,1-CAMI-M-MANLA-WHIT-M-OLDB,"MANLA (White, M, Old Bridge)",MANLA,"White, M, Old Bridge",WHIT,M
2000000002255,1-CAMI-M-MANLA-BLCK-XXL-NOBR,"MANLA (BLACK, XXL, no brand)",MANLA,"BLACK, XXL, no brand",BLCK,XXL
2000000002231,1-CAMI-M-MANLA-BLCK-S-NOBR,"MANLA (BLACK, S, no brand)",MANLA,"BLACK, S, no brand",BLCK,S
2000000002408,1-CAMI-M-MANLA-NAVY-XXL-NOBR,"MANLA (Navy, XXL, no brand)",MANLA,"Navy, XXL, no brand",NAVY,XXL
2000000002385,1-CAMI-M-MANLA-NAVY-S-NOBR,"MANLA (Navy, S, no brand)",MANLA,"Navy, S, no brand",NAVY,S
2000000002361,1-CAMI-M-MANLA-NAVY-L-NOBR,"MANLA (Navy, L, no brand)",MANLA,"Navy, L, no brand",NAVY,L
2000000002347,1-CAMI-M-MANLA-NATU-XL-NOBR,"MANLA (Natural, XL, no brand)",MANLA,"Natural, XL, no brand",NATU,XL
,1-CAMI-M-MANLA-GREN-M-OLDB,"MANLA (Green, M, Old Bridge)",MANLA,"Green, M, Old Bridge",GREN,M
2000000002224,1-CAMI-M-MANLA-BLCK-M-NOBR,"MANLA (BLACK, M, no brand)",MANLA,"BLACK, M, no brand",BLCK,M
2000000001739,1-CAMI-M-MACOR-BLCK-M-NOBR,"MACOR (BLACK, M, no brand)",MACOR,"BLACK, M, no brand",BLCK,M
,1-CAMI-M-MANLA-NATU-L-OLDB,"MANLA (Natural, L, Old Bridge)",MANLA,"Natural, L, Old Bridge",NATU,L
2000000002415,1-CAMI-M-MANLA-WHIT-L-NOBR,"MANLA (White, L, no brand)",MANLA,"White, L, no brand",WHIT,L
2000000002439,1-CAMI-M-MANLA-WHIT-S-NOBR,"MANLA (White, S, no brand)",MANLA,"White, S, no brand",WHIT,S
,1-CAMI-M-MANLA-BLCK-XL-OLDB,"MANLA (BLACK, XL, Old Bridge)",MANLA,"BLACK, XL, Old Bridge",BLCK,XL
,1-CAMI-M-MANLA-BLCK-M-OLDB,"MANLA (BLACK, M, Old Bridge)",MANLA,"BLACK, M, Old Bridge",BLCK,M
,1-CAMI-M-MANLA-NAVY-XL-OLDB,"MANLA (Navy, XL, Old Bridge)",MANLA,"Navy, XL, Old Bridge",NAVY,XL
,1-CAMI-M-MANLA-NAVY-M-OLDB,"MANLA (Navy, M, Old Bridge)",MANLA,"Navy, M, Old Bridge",NAVY,M
,1-CAMI-M-MANLA-NATU-XXL-OLDB,"MANLA (Natural, XXL, Old Bridge)",MANLA,"Natural, XXL, Old Bridge",NATU,XXL
,1-CAMI-M-MANLA-NATU-S-OLDB,"MANLA (Natural, S, Old Bridge)",MANLA,"Natural, S, Old Bridge",NATU,S
,1-CAMI-M-MANLA-GREN-S-OLDB,"MANLA (Green, S, Old Bridge)",MANLA,"Green, S, Old Bridge",GREN,S
,1-CAMI-M-MANLA-BLCK-L-OLDB,"MANLA (BLACK, L, Old Bridge)",MANLA,"BLACK, L, Old Bridge",BLCK,L
2000000001722,1-CAMI-M-MACOR-BLCK-L-OLDB,"MACOR (BLACK, L, Old Bridge)",MACOR,"BLACK, L, Old Bridge",BLCK,L
2000000002323,1-CAMI-M-MANLA-NATU-M-NOBR,"MANLA (Natural, M, no brand)",MANLA,"Natural, M, no brand",NATU,M
,1-CAMI-M-MANLA-WHIT-L-OLDB,"MANLA (White, L, Old Bridge)",MANLA,"White, L, Old Bridge",WHIT,L
,1-CAMI-M-MANLA-WHIT-S-OLDB,"MANLA (White, S, Old Bridge)",MANLA,"White, S, Old Bridge",WHIT,S
2000000002248,1-CAMI-M-MANLA-BLCK-XL-NOBR,"MANLA (BLACK, XL, no brand)",MANLA,"BLACK, XL, no brand",BLCK,XL
2000000002262,1-CAMI-M-MANLA-GREN-L-NOBR,"MANLA (Green, L, no brand)",MANLA,"Green, L, no brand",GREN,L
2000000002392,1-CAMI-M-MANLA-NAVY-XL-NOBR,"MANLA (Navy, XL, no brand)",MANLA,"Navy, XL, no brand",NAVY,XL
2000000002378,1-CAMI-M-MANLA-NAVY-M-NOBR,"MANLA (Navy, M, no brand)",MANLA,"Navy, M, no brand",NAVY,M
2000000002354,1-CAMI-M-MANLA-NATU-XXL-NOBR,"MANLA (Natural, XXL, no brand)",MANLA,"Natural, XXL, no brand",NATU,XXL
,1-CAMI-M-MANLA-GREN-L-OLDB,"MANLA (Green, L, Old Bridge)",MANLA,"Green, L, Old Bridge",GREN,L
2000000002293,1-CAMI-M-MANLA-GREN-XL-NOBR,"MANLA (Green, XL, no brand)",MANLA,"Green, XL, no brand",GREN,XL
2000000002217,1-CAMI-M-MANLA-BLCK-L-NOBR,"MANLA (BLACK, L, no brand)",MANLA,"BLACK, L, no brand",BLCK,L
2000000001715,1-CAMI-M-MACOR-BLCK-L-NOBR,"MACOR (BLACK, L, no brand)",MACOR,"BLACK, L, no brand",BLCK,L
,1-CAMI-M-MANLA-NATU-M-OLDB,"MANLA (Natural, M, Old Bridge)",MANLA,"Natural, M, Old Bridge",NATU,M
2000000002422,1-CAMI-M-MANLA-WHIT-M-NOBR,"MANLA (White, M, no brand)",MANLA,"White, M, no brand",WHIT,M
,1-CAMI-M-MANLA-BLCK-XXL-OLDB,"MANLA (BLACK, XXL, Old Bridge)",MANLA,"BLACK, XXL, Old Bridge",BLCK,XXL
,1-CAMI-M-MANLA-BLCK-S-OLDB,"MANLA (BLACK, S, Old Bridge)",MANLA,"BLACK, S, Old Bridge",BLCK,S
,1-CAMI-M-MANLA-NAVY-XXL-OLDB,"MANLA (Navy, XXL, Old Bridge)",MANLA,"Navy, XXL, Old Bridge",NAVY,XXL
,1-CAMI-M-MANLA-NAVY-S-OLDB,"MANLA (Navy, S, Old Bridge)",MANLA,"Navy, S, Old Bridge",NAVY,S
,1-CAMI-M-MANLA-NAVY-L-OLDB,"MANLA (Navy, L, Old Bridge)",MANLA,"Navy, L, Old Bridge",NAVY,L
,1-CAMI-M-MANLA-NATU-XL-OLDB,"MANLA (Natural, XL, Old Bridge)",MANLA,"Natural, XL, Old Bridge",NATU,XL
2000000002279,1-CAMI-M-MANLA-GREN-M-NOBR,"MANLA (Green, M, no brand)",MANLA,"Green, M, no brand",GREN,M
,1-CAMI-M-MANLA-GREN-XL-OLDB,"MANLA (Green, XL, Old Bridge)",MANLA,"Green, XL, Old Bridge",GREN,XL
2000000002446,1-CAMI-M-MANLA-WHIT-XL-NOBR,"MANLA (White, XL, no brand)",MANLA,"White, XL, no brand",WHIT,XL
,1-CAMI-M-MANLA-WHIT-XL-OLDB,"MANLA (White, XL, Old Bridge)",MANLA,"White, XL, Old Bridge",WHIT,XL
,1-CAMI-M-MANLA-GREN-XXL-OLDB,"MANLA (Green, XXL, Old Bridge)",MANLA,"Green, XXL, Old Bridge",GREN,XXL
2000000003320,1-CHOM-M-MICR1-BEIG-M-NOBR,"MICR1 (Beige, M)",MICR1,"Beige, M",BEIG,M
2000000003368,1-CHOM-M-MICR1-BLCK-L-NOBR,"MICR1 (BLACK, L)",MICR1,"BLACK, L",BLCK,L
2000000003405,1-CHOM-M-MICR1-BLCK-XXL-NOBR,"MICR1 (BLACK, XXL)",MICR1,"BLACK, XXL",BLCK,XXL
2000000003443,1-CHOM-M-MICR1-NAVY-XL-NOBR,"MICR1 (Navy, XL)",MICR1,"Navy, XL",NAVY,XL
2000000003481,1-CHOM-M-MICR1-WHIT-S-NOBR,"MICR1 (White, S)",MICR1,"White, S",WHIT,S
2000000003535,1-CHOM-M-MICR2-BLCK-S-NOBR,"MICR2 (BLACK, S)",MICR2,"BLACK, S",BLCK,S
2000000003603,1-CHOM-M-MICR2-NAVY-XXL-NOBR,"MICR2 (Navy, XXL)",MICR2,"Navy, XXL",NAVY,XXL
2000000003641,1-CHOM-M-MICR2-WHIT-XL-NOBR,"MICR2 (White, XL)",MICR2,"White, XL",WHIT,XL
2000000003566,1-CHOM-M-MICR2-NAVY-L-NOBR,"MICR2 (Navy, L)",MICR2,"Navy, L",NAVY,L
2000000003733,1-CHOM-M-MICR3-GREY-S-NOBR,"MICR3 (grey, S)",MICR3,"grey, S",GREY,S
2000000002453,1-CAMI-M-MANLA-WHIT-XXL-NOBR,"MANLA (White, XXL, no brand)",MANLA,"White, XXL, no brand",WHIT,XXL
2000000002316,1-CAMI-M-MANLA-NATU-L-NOBR,"MANLA (Natural, L, no brand)",MANLA,"Natural, L, no brand",NATU,L
2000000003337,1-CHOM-M-MICR1-BEIG-S-NOBR,"MICR1 (Beige, S)",MICR1,"Beige, S",BEIG,S
2000000003375,1-CHOM-M-MICR1-BLCK-M-NOBR,"MICR1 (BLACK, M)",MICR1,"BLACK, M",BLCK,M
2000000003412,1-CHOM-M-MICR1-NAVY-L-NOBR,"MICR1 (Navy, L)",MICR1,"Navy, L",NAVY,L
2000000003450,1-CHOM-M-MICR1-NAVY-XXL-NOBR,"MICR1 (Navy, XXL)",MICR1,"Navy, XXL",NAVY,XXL
2000000003504,1-CHOM-M-MICR1-WHIT-XXL-NOBR,"MICR1 (White, XXL)",MICR1,"White, XXL",WHIT,XXL
2000000003528,1-CHOM-M-MICR2-BLCK-M-NOBR,"MICR2 (BLACK, M)",MICR2,"BLACK, M",BLCK,M
2000000003597,1-CHOM-M-MICR2-NAVY-XL-NOBR,"MICR2 (Navy, XL)",MICR2,"Navy, XL",NAVY,XL
2000000003658,1-CHOM-M-MICR2-WHIT-XXL-NOBR,"MICR2 (White, XXL)",MICR2,"White, XXL",WHIT,XXL
2000000003542,1-CHOM-M-MICR2-BLCK-XL-NOBR,"MICR2 (BLACK, XL)",MICR2,"BLACK, XL",BLCK,XL
2000000003689,1-CHOM-M-MICR3-BLCK-S-NOBR,"MICR3 (BLACK, S)",MICR3,"BLACK, S",BLCK,S
,1-CAMI-M-MANLA-WHIT-XXL-OLDB,"MANLA (White, XXL, Old Bridge)",MANLA,"White, XXL, Old Bridge",WHIT,XXL
2000000002286,1-CAMI-M-MANLA-GREN-S-NOBR,"MANLA (Green, S, no brand)",MANLA,"Green, S, no brand",GREN,S
2000000003344,1-CHOM-M-MICR1-BEIG-XL-NOBR,"MICR1 (Beige, XL)",MICR1,"Beige, XL",BEIG,XL
2000000003382,1-CHOM-M-MICR1-BLCK-S-NOBR,"MICR1 (BLACK, S)",MICR1,"BLACK, S",BLCK,S
2000000003429,1-CHOM-M-MICR1-NAVY-M-NOBR,"MICR1 (Navy, M)",MICR1,"Navy, M",NAVY,M
2000000003467,1-CHOM-M-MICR1-WHIT-L-NOBR,"MICR1 (White, L)",MICR1,"White, L",WHIT,L
2000000003498,1-CHOM-M-MICR1-WHIT-XL-NOBR,"MICR1 (White, XL)",MICR1,"White, XL",WHIT,XL
2000000003511,1-CHOM-M-MICR2-BLCK-L-NOBR,"MICR2 (BLACK, L)",MICR2,"BLACK, L",BLCK,L
2000000003627,1-CHOM-M-MICR2-WHIT-M-NOBR,"MICR2 (White, M)",MICR2,"White, M",WHIT,M
2000000003580,1-CHOM-M-MICR2-NAVY-S-NOBR,"MICR2 (Navy, S)",MICR2,"Navy, S",NAVY,S
2000000003665,1-CHOM-M-MICR3-BLCK-L-NOBR,"MICR3 (BLACK, L)",MICR3,"BLACK, L",BLCK,L
2000000003696,1-CHOM-M-MICR3-BLCK-XL-NOBR,"MICR3 (BLACK, XL)",MICR3,"BLACK, XL",BLCK,XL
2000000002309,1-CAMI-M-MANLA-GREN-XXL-NOBR,"MANLA (Green, XXL, no brand)",MANLA,"Green, XXL, no brand",GREN,XXL
2000000003313,1-CHOM-M-MICR1-BEIG-L-NOBR,"MICR1 (Beige, L)",MICR1,"Beige, L",BEIG,L
2000000003351,1-CHOM-M-MICR1-BEIG-XXL-NOBR,"MICR1 (Beige, XXL)",MICR1,"Beige, XXL",BEIG,XXL
2000000003399,1-CHOM-M-MICR1-BLCK-XL-NOBR,"MICR1 (BLACK, XL)",MICR1,"BLACK, XL",BLCK,XL
2000000003436,1-CHOM-M-MICR1-NAVY-S-NOBR,"MICR1 (Navy, S)",MICR1,"Navy, S",NAVY,S
2000000003474,1-CHOM-M-MICR1-WHIT-M-NOBR,"MICR1 (White, M)",MICR1,"White, M",WHIT,M
2000000003559,1-CHOM-M-MICR2-BLCK-XXL-NOBR,"MICR2 (BLACK, XXL)",MICR2,"BLACK, XXL",BLCK,XXL
2000000003610,1-CHOM-M-MICR2-WHIT-L-NOBR,"MICR2 (White, L)",MICR2,"White, L",WHIT,L
2000000003634,1-CHOM-M-MICR2-WHIT-S-NOBR,"MICR2 (White, S)",MICR2,"White, S",WHIT,S
2000000003573,1-CHOM-M-MICR2-NAVY-M-NOBR,"MICR2 (Navy, M)",MICR2,"Navy, M",NAVY,M
2000000003672,1-CHOM-M-MICR3-BLCK-M-NOBR,"MICR3 (BLACK, M)",MICR3,"BLACK, M",BLCK,M
2000000003726,1-CHOM-M-MICR3-GREY-M-NOBR,"MICR3 (grey, M)",MICR3,"grey, M",GREY,M
2000000003719,1-CHOM-M-MICR3-GREY-L-NOBR,"MICR3 (grey, L)",MICR3,"grey, L",GREY,L
2000000003757,1-CHOM-M-MICR3-GREY-XXL-NOBR,"MICR3 (grey, XXL)",MICR3,"grey, XXL",GREY,XXL
2000000003764,1-CHOM-M-MICR3-WHIT-L-NOBR,"MICR3 (White, L)",MICR3,"White, L",WHIT,L
2000000033310,1-CAMP-W-00012-BLCK-M-PARK,"MISTY 00012 (BLACK, M, Parka)",MISTY 00012,"BLACK, M, Parka",BLCK,M
2000000033358,1-CAMP-W-00012-BLCK-XL-PARK,"MISTY 00012 (BLACK, XL, Parka)",MISTY 00012,"BLACK, XL, Parka",BLCK,XL
2000000033396,1-CAMP-W-00012-LBLU-M-PARK,"MISTY 00012 (Light blue, M, Parka)",MISTY 00012,"Light blue, M, Parka",LBLU,M
2000000033433,1-CAMP-W-00012-LBLU-XL-PARK,"MISTY 00012 (Light blue, XL, Parka)",MISTY 00012,"Light blue, XL, Parka",LBLU,XL
2000000033501,1-CAMP-W-00012-ORAN-XL-NOBR,"MISTY 00012 (Orange, XL, nobrand)",MISTY 00012,"Orange, XL, nobrand",ORAN,XL
2000000033464,1-CAMP-W-00012-ORAN-M-NOBR,"MISTY 00012 (Orange, M, nobrand)",MISTY 00012,"Orange, M, nobrand",ORAN,M
2000000030241,1-CAMP-W-00003-BLCK-M-PARK,"MOON 00003 (BLACK, M, Parka)",MOON 00003,"BLACK, M, Parka",BLCK,M
2000000030340,1-CAMP-W-00003-BRWN-S-PARK,"MOON 00003 (Brown, S, Parka)",MOON 00003,"Brown, S, Parka",BRWN,S
2000000030326,1-CAMP-W-00003-BRWN-M-PARK,"MOON 00003 (Brown, M, Parka)",MOON 00003,"Brown, M, Parka",BRWN,M
2000000003801,1-CHOM-M-MICR3-WHIT-XXL-NOBR,"MICR3 (White, XXL)",MICR3,"White, XXL",WHIT,XXL
2000000003740,1-CHOM-M-MICR3-GREY-XL-NOBR,"MICR3 (grey, XL)",MICR3,"grey, XL",GREY,XL
2000000033280,1-CAMP-W-00012-BLCK-L-NOBR,"MISTY 00012 (BLACK, L, nobrand)",MISTY 00012,"BLACK, L, nobrand",BLCK,L
2000000033327,1-CAMP-W-00012-BLCK-S-NOBR,"MISTY 00012 (BLACK, S, nobrand)",MISTY 00012,"BLACK, S, nobrand",BLCK,S
2000000033365,1-CAMP-W-00012-LBLU-L-NOBR,"MISTY 00012 (Light blue, L, nobrand)",MISTY 00012,"Light blue, L, nobrand",LBLU,L
2000000033402,1-CAMP-W-00012-LBLU-S-NOBR,"MISTY 00012 (Light blue, S, nobrand)",MISTY 00012,"Light blue, S, nobrand",LBLU,S
2000000033440,1-CAMP-W-00012-ORAN-L-NOBR,"MISTY 00012 (Orange, L, nobrand)",MISTY 00012,"Orange, L, nobrand",ORAN,L
2000000033495,1-CAMP-W-00012-ORAN-S-PARK,"MISTY 00012 (Orange, S, Parka)",MISTY 00012,"Orange, S, Parka",ORAN,S
2000000030272,1-CAMP-W-00003-BLCK-XL-NOBR,"MOON 00003 (BLACK, XL, nobrand)",MOON 00003,"BLACK, XL, nobrand",BLCK,XL
2000000030234,1-CAMP-W-00003-BLCK-M-NOBR,"MOON 00003 (BLACK, M, nobrand)",MOON 00003,"BLACK, M, nobrand",BLCK,M
2000000030357,1-CAMP-W-00003-BRWN-XL-NOBR,"MOON 00003 (Brown, XL, nobrand)",MOON 00003,"Brown, XL, nobrand",BRWN,XL
2000000030319,1-CAMP-W-00003-BRWN-M-NOBR,"MOON 00003 (Brown, M, nobrand)",MOON 00003,"Brown, M, nobrand",BRWN,M
2000000003795,1-CHOM-M-MICR3-WHIT-XL-NOBR,"MICR3 (White, XL)",MICR3,"White, XL",WHIT,XL
2000000003788,1-CHOM-M-MICR3-WHIT-S-NOBR,"MICR3 (White, S)",MICR3,"White, S",WHIT,S
2000000033297,1-CAMP-W-00012-BLCK-L-PARK,"MISTY 00012 (BLACK, L, Parka)",MISTY 00012,"BLACK, L, Parka",BLCK,L
2000000033334,1-CAMP-W-00012-BLCK-S-PARK,"MISTY 00012 (BLACK, S, Parka)",MISTY 00012,"BLACK, S, Parka",BLCK,S
2000000033372,1-CAMP-W-00012-LBLU-L-PARK,"MISTY 00012 (Light blue, L, Parka)",MISTY 00012,"Light blue, L, Parka",LBLU,L
2000000033419,1-CAMP-W-00012-LBLU-S-PARK,"MISTY 00012 (Light blue, S, Parka)",MISTY 00012,"Light blue, S, Parka",LBLU,S
2000000033457,1-CAMP-W-00012-ORAN-L-PARK,"MISTY 00012 (Orange, L, Parka)",MISTY 00012,"Orange, L, Parka",ORAN,L
2000000033488,1-CAMP-W-00012-ORAN-S-NOBR,"MISTY 00012 (Orange, S, nobrand)",MISTY 00012,"Orange, S, nobrand",ORAN,S
2000000030265,1-CAMP-W-00003-BLCK-S-PARK,"MOON 00003 (BLACK, S, Parka)",MOON 00003,"BLACK, S, Parka",BLCK,S
2000000030227,1-CAMP-W-00003-BLCK-L-PARK,"MOON 00003 (BLACK, L, Parka)",MOON 00003,"BLACK, L, Parka",BLCK,L
2000000030364,1-CAMP-W-00003-BRWN-XL-PARK,"MOON 00003 (Brown, XL, Parka)",MOON 00003,"Brown, XL, Parka",BRWN,XL
2000000030302,1-CAMP-W-00003-BRWN-L-PARK,"MOON 00003 (Brown, L, Parka)",MOON 00003,"Brown, L, Parka",BRWN,L
2000000003702,1-CHOM-M-MICR3-BLCK-XXL-NOBR,"MICR3 (BLACK, XXL)",MICR3,"BLACK, XXL",BLCK,XXL
2000000003771,1-CHOM-M-MICR3-WHIT-M-NOBR,"MICR3 (White, M)",MICR3,"White, M",WHIT,M
2000000033303,1-CAMP-W-00012-BLCK-M-NOBR,"MISTY 00012 (BLACK, M, nobrand)",MISTY 00012,"BLACK, M, nobrand",BLCK,M
2000000033341,1-CAMP-W-00012-BLCK-XL-NOBR,"MISTY 00012 (BLACK, XL, nobrand)",MISTY 00012,"BLACK, XL, nobrand",BLCK,XL
2000000033389,1-CAMP-W-00012-LBLU-M-NOBR,"MISTY 00012 (Light blue, M, nobrand)",MISTY 00012,"Light blue, M, nobrand",LBLU,M
2000000033426,1-CAMP-W-00012-LBLU-XL-NOBR,"MISTY 00012 (Light blue, XL, nobrand)",MISTY 00012,"Light blue, XL, nobrand",LBLU,XL
2000000033518,1-CAMP-W-00012-ORAN-XL-PARK,"MISTY 00012 (Orange, XL, Parka)",MISTY 00012,"Orange, XL, Parka",ORAN,XL
2000000033471,1-CAMP-W-00012-ORAN-M-PARK,"MISTY 00012 (Orange, M, Parka)",MISTY 00012,"Orange, M, Parka",ORAN,M
2000000030258,1-CAMP-W-00003-BLCK-S-NOBR,"MOON 00003 (BLACK, S, nobrand)",MOON 00003,"BLACK, S, nobrand",BLCK,S
2000000030210,1-CAMP-W-00003-BLCK-L-NOBR,"MOON 00003 (BLACK, L, nobrand)",MOON 00003,"BLACK, L, nobrand",BLCK,L
2000000030333,1-CAMP-W-00003-BRWN-S-NOBR,"MOON 00003 (Brown, S, nobrand)",MOON 00003,"Brown, S, nobrand",BRWN,S
2000000030296,1-CAMP-W-00003-BRWN-L-NOBR,"MOON 00003 (Brown, L, nobrand)",MOON 00003,"Brown, L, nobrand",BRWN,L
2000000030289,1-CAMP-W-00003-BLCK-XL-PARK,"MOON 00003 (BLACK, XL, Parka)",MOON 00003,"BLACK, XL, Parka",BLCK,XL
2000000055442,2-BI-U-MOONL-UNIC-L-0PRK-10V,"MOONLIGHT (L, 10V)",MOONLIGHT,"L, 10V",UNIC,L
2000000039695,1-CAMP-W-02118-BLCK-S-NOBR,"MOSS 02118 (BLACK, S, nobrand)",MOSS 02118,"BLACK, S, nobrand",BLCK,S
2000000039657,1-CAMP-W-02118-BLCK-L-NOBR,"MOSS 02118 (BLACK, L, nobrand)",MOSS 02118,"BLACK, L, nobrand",BLCK,L
2000000039794,1-CAMP-W-02118-GREN-XL-NOBR,"MOSS 02118 (Green, XL, nobrand)",MOSS 02118,"Green, XL, nobrand",GREN,XL
2000000039725,1-CAMP-W-02118-BLCK-XL-PARK,"MOSS 02118 (BLACK, XL, Parka)",MOSS 02118,"BLACK, XL, Parka",BLCK,XL
2000000002477,1-CAMI-M-MOWGL-ECRU-M-NOBR,MOWGL (M),MOWGL,M,ECRU,M
2000000002484,1-CAMI-M-MOWGL-ECRU-S-NOBR,MOWGL (S),MOWGL,S,ECRU,S
2000000037004,1-CAMP-W-02045-BLCK-M-PUFE,"Magma 02045 (M, Puffers)",Magma 02045,"M, Puffers",BLCK,M
2000000036984,1-CAMP-W-02045-BLCK-L-PUFE,"Magma 02045 (L, Puffers)",Magma 02045,"L, Puffers",BLCK,L
2000000006871,1-TRDB-M-MAJOR-UNIC-M-NOBR,Major Cay MAJOR (M),Major Cay MAJOR,M,UNIC,M
2000000038407,1-CAMP-W-02068-BLCK-M-PARK,"Matrix 02068 (BLACK, M, Parka)",Matrix 02068,"BLACK, M, Parka",BLCK,M
2000000055404,2-BI-U-MOONL-UNIC-S-0PRK-10V,"MOONLIGHT (S, 10V)",MOONLIGHT,"S, 10V",UNIC,S
2000000055459,2-BI-U-MOONL-UNIC-L-0PRK-24V,"MOONLIGHT (L, 24V)",MOONLIGHT,"L, 24V",UNIC,L
2000000039688,1-CAMP-W-02118-BLCK-M-PARK,"MOSS 02118 (BLACK, M, Parka)",MOSS 02118,"BLACK, M, Parka",BLCK,M
2000000039763,1-CAMP-W-02118-GREN-M-PARK,"MOSS 02118 (Green, M, Parka)",MOSS 02118,"Green, M, Parka",GREN,M
2000000039800,1-CAMP-W-02118-GREN-XL-PARK,"MOSS 02118 (Green, XL, Parka)",MOSS 02118,"Green, XL, Parka",GREN,XL
2000000039732,1-CAMP-W-02118-GREN-L-NOBR,"MOSS 02118 (Green, L, nobrand)",MOSS 02118,"Green, L, nobrand",GREN,L
2000000002460,1-CAMI-M-MOWGL-ECRU-L-NOBR,MOWGL (L),MOWGL,L,ECRU,L
2000000037042,1-CAMP-W-02045-BLCK-XL-PUFE,"Magma 02045 (XL, Puffers)",Magma 02045,"XL, Puffers",BLCK,XL
2000000037011,1-CAMP-W-02045-BLCK-S-NOBR,"Magma 02045 (S, nobrand)",Magma 02045,"S, nobrand",BLCK,S
2000000006901,1-TRDB-M-MAJOR-UNIC-XXL-NOBR,Major Cay MAJOR (XXL),Major Cay MAJOR,XXL,UNIC,XXL
2000000006864,1-TRDB-M-MAJOR-UNIC-L-NOBR,Major Cay MAJOR (L),Major Cay MAJOR,L,UNIC,L
2000000038414,1-CAMP-W-02068-BLCK-S-NOBR,"Matrix 02068 (BLACK, S, nobrand)",Matrix 02068,"BLACK, S, nobrand",BLCK,S
2000000055411,2-BI-U-MOONL-UNIC-S-0PRK-24V,"MOONLIGHT (S, 24V)",MOONLIGHT,"S, 24V",UNIC,S
2000000055428,2-BI-U-MOONL-UNIC-M-0PRK-10V,"MOONLIGHT (M, 10V)",MOONLIGHT,"M, 10V",UNIC,M
2000000039671,1-CAMP-W-02118-BLCK-M-NOBR,"MOSS 02118 (BLACK, M, nobrand)",MOSS 02118,"BLACK, M, nobrand",BLCK,M
2000000039770,1-CAMP-W-02118-GREN-S-NOBR,"MOSS 02118 (Green, S, nobrand)",MOSS 02118,"Green, S, nobrand",GREN,S
2000000039701,1-CAMP-W-02118-BLCK-S-PARK,"MOSS 02118 (BLACK, S, Parka)",MOSS 02118,"BLACK, S, Parka",BLCK,S
2000000039756,1-CAMP-W-02118-GREN-M-NOBR,"MOSS 02118 (Green, M, nobrand)",MOSS 02118,"Green, M, nobrand",GREN,M
2000000002491,1-CAMI-M-MOWGL-ECRU-XL-NOBR,MOWGL (XL),MOWGL,XL,ECRU,XL
2000000036977,1-CAMP-W-02045-BLCK-L-NOBR,"Magma 02045 (L, nobrand)",Magma 02045,"L, nobrand",BLCK,L
2000000037028,1-CAMP-W-02045-BLCK-S-PUFE,"Magma 02045 (S, Puffers)",Magma 02045,"S, Puffers",BLCK,S
2000000006895,1-TRDB-M-MAJOR-UNIC-XL-NOBR,Major Cay MAJOR (XL),Major Cay MAJOR,XL,UNIC,XL
2000000038384,1-CAMP-W-02068-BLCK-L-PARK,"Matrix 02068 (BLACK, L, Parka)",Matrix 02068,"BLACK, L, Parka",BLCK,L
2000000038421,1-CAMP-W-02068-BLCK-S-PARK,"Matrix 02068 (BLACK, S, Parka)",Matrix 02068,"BLACK, S, Parka",BLCK,S
2000000055435,2-BI-U-MOONL-UNIC-M-0PRK-24V,"MOONLIGHT (M, 24V)",MOONLIGHT,"M, 24V",UNIC,M
2000000039749,1-CAMP-W-02118-GREN-L-PARK,"MOSS 02118 (Green, L, Parka)",MOSS 02118,"Green, L, Parka",GREN,L
2000000039664,1-CAMP-W-02118-BLCK-L-PARK,"MOSS 02118 (BLACK, L, Parka)",MOSS 02118,"BLACK, L, Parka",BLCK,L
2000000039787,1-CAMP-W-02118-GREN-S-PARK,"MOSS 02118 (Green, S, Parka)",MOSS 02118,"Green, S, Parka",GREN,S
2000000039718,1-CAMP-W-02118-BLCK-XL-NOBR,"MOSS 02118 (BLACK, XL, nobrand)",MOSS 02118,"BLACK, XL, nobrand",BLCK,XL
2000000002507,1-CAMI-M-MOWGL-ECRU-XXL-NOBR,MOWGL (XXL),MOWGL,XXL,ECRU,XXL
2000000036991,1-CAMP-W-02045-BLCK-M-NOBR,"Magma 02045 (M, nobrand)",Magma 02045,"M, nobrand",BLCK,M
2000000037035,1-CAMP-W-02045-BLCK-XL-NOBR,"Magma 02045 (XL, nobrand)",Magma 02045,"XL, nobrand",BLCK,XL
2000000006888,1-TRDB-M-MAJOR-UNIC-S-NOBR,Major Cay MAJOR (S),Major Cay MAJOR,S,UNIC,S
2000000038391,1-CAMP-W-02068-BLCK-M-NOBR,"Matrix 02068 (BLACK, M, nobrand)",Matrix 02068,"BLACK, M, nobrand",BLCK,M
2000000038438,1-CAMP-W-02068-BLCK-XL-NOBR,"Matrix 02068 (BLACK, XL, nobrand)",Matrix 02068,"BLACK, XL, nobrand",BLCK,XL
2000000038445,1-CAMP-W-02068-BLCK-XL-PARK,"Matrix 02068 (BLACK, XL, Parka)",Matrix 02068,"BLACK, XL, Parka",BLCK,XL
2000000038483,1-CAMP-W-02068-OFWH-M-PARK,"Matrix 02068 (Off white, M, Parka)",Matrix 02068,"Off white, M, Parka",OFWH,M
2000000038520,1-CAMP-W-02068-OFWH-XL-PARK,"Matrix 02068 (Off white, XL, Parka)",Matrix 02068,"Off white, XL, Parka",OFWH,XL
2000000020259,1-CAMP-M-00141-BLCK-L-PARK,"Mc Fly 00141 (BLACK, L, Parka)",Mc Fly 00141,"BLACK, L, Parka",BLCK,L
2000000020488,1-CAMP-M-00141-NAVY-S-NOBR,"Mc Fly 00141 (Navy, S, nobrand)",Mc Fly 00141,"Navy, S, nobrand",NAVY,S
2000000020419,1-CAMP-M-00141-MGRN-XL-PARK,"Mc Fly 00141 (Military green, XL, Parka)",Mc Fly 00141,"Military green, XL, Parka",MGRN,XL
2000000020440,1-CAMP-M-00141-NAVY-L-NOBR,"Mc Fly 00141 (Navy, L, nobrand)",Mc Fly 00141,"Navy, L, nobrand",NAVY,L
2000000020310,1-CAMP-M-00141-BLCK-XL-PARK,"Mc Fly 00141 (BLACK, XL, Parka)",Mc Fly 00141,"BLACK, XL, Parka",BLCK,XL
2000000020471,1-CAMP-M-00141-NAVY-M-PARK,"Mc Fly 00141 (Navy, M, Parka)",Mc Fly 00141,"Navy, M, Parka",NAVY,M
2000000020365,1-CAMP-M-00141-MGRN-M-NOBR,"Mc Fly 00141 (Military green, M, nobrand)",Mc Fly 00141,"Military green, M, nobrand",MGRN,M
2000000003818,1-CHOM-M-MICR4-BLCK-L-NOBR,"Micro4 (BLACK, L)",Micro4,"BLACK, L",BLCK,L
2000000003856,1-CHOM-M-MICR4-BLCK-XXL-NOBR,"Micro4 (BLACK, XXL)",Micro4,"BLACK, XXL",BLCK,XXL
2000000038452,1-CAMP-W-02068-OFWH-L-NOBR,"Matrix 02068 (Off white, L, nobrand)",Matrix 02068,"Off white, L, nobrand",OFWH,L
2000000038490,1-CAMP-W-02068-OFWH-S-NOBR,"Matrix 02068 (Off white, S, nobrand)",Matrix 02068,"Off white, S, nobrand",OFWH,S
2000000038377,1-CAMP-W-02068-BLCK-L-NOBR,"Matrix 02068 (BLACK, L, nobrand)",Matrix 02068,"BLACK, L, nobrand",BLCK,L
2000000020266,1-CAMP-M-00141-BLCK-M-NOBR,"Mc Fly 00141 (BLACK, M, nobrand)",Mc Fly 00141,"BLACK, M, nobrand",BLCK,M
2000000020433,1-CAMP-M-00141-MGRN-XXL-PARK,"Mc Fly 00141 (Military green, XXL, Parka)",Mc Fly 00141,"Military green, XXL, Parka",MGRN,XXL
2000000020334,1-CAMP-M-00141-BLCK-XXL-PARK,"Mc Fly 00141 (BLACK, XXL, Parka)",Mc Fly 00141,"BLACK, XXL, Parka",BLCK,XXL
2000000020273,1-CAMP-M-00141-BLCK-M-PARK,"Mc Fly 00141 (BLACK, M, Parka)",Mc Fly 00141,"BLACK, M, Parka",BLCK,M
2000000020280,1-CAMP-M-00141-BLCK-S-NOBR,"Mc Fly 00141 (BLACK, S, nobrand)",Mc Fly 00141,"BLACK, S, nobrand",BLCK,S
2000000020501,1-CAMP-M-00141-NAVY-XL-NOBR,"Mc Fly 00141 (Navy, XL, nobrand)",Mc Fly 00141,"Navy, XL, nobrand",NAVY,XL
2000000020372,1-CAMP-M-00141-MGRN-M-PARK,"Mc Fly 00141 (Military green, M, Parka)",Mc Fly 00141,"Military green, M, Parka",MGRN,M
2000000003825,1-CHOM-M-MICR4-BLCK-M-NOBR,"Micro4 (BLACK, M)",Micro4,"BLACK, M",BLCK,M
2000000003955,1-CHOM-M-MICR4-WHIT-XXL-NOBR,"Micro4 (White, XXL)",Micro4,"White, XXL",WHIT,XXL
2000000038469,1-CAMP-W-02068-OFWH-L-PARK,"Matrix 02068 (Off white, L, Parka)",Matrix 02068,"Off white, L, Parka",OFWH,L
2000000038506,1-CAMP-W-02068-OFWH-S-PARK,"Matrix 02068 (Off white, S, Parka)",Matrix 02068,"Off white, S, Parka",OFWH,S
2000000020396,1-CAMP-M-00141-MGRN-S-PARK,"Mc Fly 00141 (Military green, S, Parka)",Mc Fly 00141,"Military green, S, Parka",MGRN,S
2000000020464,1-CAMP-M-00141-NAVY-M-NOBR,"Mc Fly 00141 (Navy, M, nobrand)",Mc Fly 00141,"Navy, M, nobrand",NAVY,M
2000000020532,1-CAMP-M-00141-NAVY-XXL-PARK,"Mc Fly 00141 (Navy, XXL, Parka)",Mc Fly 00141,"Navy, XXL, Parka",NAVY,XXL
2000000020297,1-CAMP-M-00141-BLCK-S-PARK,"Mc Fly 00141 (BLACK, S, Parka)",Mc Fly 00141,"BLACK, S, Parka",BLCK,S
2000000020358,1-CAMP-M-00141-MGRN-L-PARK,"Mc Fly 00141 (Military green, L, Parka)",Mc Fly 00141,"Military green, L, Parka",MGRN,L
2000000020495,1-CAMP-M-00141-NAVY-S-PARK,"Mc Fly 00141 (Navy, S, Parka)",Mc Fly 00141,"Navy, S, Parka",NAVY,S
2000000020518,1-CAMP-M-00141-NAVY-XL-PARK,"Mc Fly 00141 (Navy, XL, Parka)",Mc Fly 00141,"Navy, XL, Parka",NAVY,XL
2000000020389,1-CAMP-M-00141-MGRN-S-NOBR,"Mc Fly 00141 (Military green, S, nobrand)",Mc Fly 00141,"Military green, S, nobrand",MGRN,S
2000000003832,1-CHOM-M-MICR4-BLCK-S-NOBR,"Micro4 (BLACK, S)",Micro4,"BLACK, S",BLCK,S
2000000003948,1-CHOM-M-MICR4-WHIT-XL-NOBR,"Micro4 (White, XL)",Micro4,"White, XL",WHIT,XL
2000000038476,1-CAMP-W-02068-OFWH-M-NOBR,"Matrix 02068 (Off white, M, nobrand)",Matrix 02068,"Off white, M, nobrand",OFWH,M
2000000038513,1-CAMP-W-02068-OFWH-XL-NOBR,"Matrix 02068 (Off white, XL, nobrand)",Matrix 02068,"Off white, XL, nobrand",OFWH,XL
2000000020242,1-CAMP-M-00141-BLCK-L-NOBR,"Mc Fly 00141 (BLACK, L, nobrand)",Mc Fly 00141,"BLACK, L, nobrand",BLCK,L
2000000020327,1-CAMP-M-00141-BLCK-XXL-NOBR,"Mc Fly 00141 (BLACK, XXL, nobrand)",Mc Fly 00141,"BLACK, XXL, nobrand",BLCK,XXL
2000000020426,1-CAMP-M-00141-MGRN-XXL-NOBR,"Mc Fly 00141 (Military green, XXL, nobrand)",Mc Fly 00141,"Military green, XXL, nobrand",MGRN,XXL
2000000020341,1-CAMP-M-00141-MGRN-L-NOBR,"Mc Fly 00141 (Military green, L, nobrand)",Mc Fly 00141,"Military green, L, nobrand",MGRN,L
2000000020457,1-CAMP-M-00141-NAVY-L-PARK,"Mc Fly 00141 (Navy, L, Parka)",Mc Fly 00141,"Navy, L, Parka",NAVY,L
2000000020303,1-CAMP-M-00141-BLCK-XL-NOBR,"Mc Fly 00141 (BLACK, XL, nobrand)",Mc Fly 00141,"BLACK, XL, nobrand",BLCK,XL
2000000020525,1-CAMP-M-00141-NAVY-XXL-NOBR,"Mc Fly 00141 (Navy, XXL, nobrand)",Mc Fly 00141,"Navy, XXL, nobrand",NAVY,XXL
2000000020402,1-CAMP-M-00141-MGRN-XL-NOBR,"Mc Fly 00141 (Military green, XL, nobrand)",Mc Fly 00141,"Military green, XL, nobrand",MGRN,XL
2000000003849,1-CHOM-M-MICR4-BLCK-XL-NOBR,"Micro4 (BLACK, XL)",Micro4,"BLACK, XL",BLCK,XL
2000000003931,1-CHOM-M-MICR4-WHIT-S-NOBR,"Micro4 (White, S)",Micro4,"White, S",WHIT,S
2000000003924,1-CHOM-M-MICR4-WHIT-M-NOBR,"Micro4 (White, M)",Micro4,"White, M",WHIT,M
2000000003887,1-CHOM-M-MICR4-GREY-S-NOBR,"Micro4 (grey, S)",Micro4,"grey, S",GREY,S
2000000006925,1-TRDB-M-MINSK-UNIC-M-NOBR,Minsk MINSK (M),Minsk MINSK,M,UNIC,M
2000000006987,1-TRDB-M-MONTJ-UNIC-S-NOBR,Mont Joly MONTJ (S),Mont Joly MONTJ,S,UNIC,S
2000000006963,1-TRDB-M-MONTJ-UNIC-L-NOBR,Mont Joly MONTJ (L),Mont Joly MONTJ,L,UNIC,L
2000000018638,1-CAMP-M-00132-NAVY-XXL-PARK,"Murdock 00132 (Navy, XXL, Parka)",Murdock 00132,"Navy, XXL, Parka",NAVY,XXL
2000000018591,1-CAMP-M-00132-NAVY-S-PARK,"Murdock 00132 (Navy, S, Parka)",Murdock 00132,"Navy, S, Parka",NAVY,S
2000000018522,1-CAMP-M-00132-MGRN-XXL-NOBR,"Murdock 00132 (Military green, XXL, nobrand)",Murdock 00132,"Military green, XXL, nobrand",MGRN,XXL
2000000018485,1-CAMP-M-00132-MGRN-S-NOBR,"Murdock 00132 (Military green, S, nobrand)",Murdock 00132,"Military green, S, nobrand",MGRN,S
2000000018447,1-CAMP-M-00132-MGRN-L-NOBR,"Murdock 00132 (Military green, L, nobrand)",Murdock 00132,"Military green, L, nobrand",MGRN,L
2000000018362,1-CAMP-M-00132-BLCK-M-NOBR,"Murdock 00132 (BLACK, M, nobrand)",Murdock 00132,"BLACK, M, nobrand",BLCK,M
2000000018409,1-CAMP-M-00132-BLCK-XL-NOBR,"Murdock 00132 (BLACK, XL, nobrand)",Murdock 00132,"BLACK, XL, nobrand",BLCK,XL
2000000003917,1-CHOM-M-MICR4-WHIT-L-NOBR,"Micro4 (White, L)",Micro4,"White, L",WHIT,L
2000000003863,1-CHOM-M-MICR4-GREY-L-NOBR,"Micro4 (grey, L)",Micro4,"grey, L",GREY,L
2000000006918,1-TRDB-M-MINSK-UNIC-L-NOBR,Minsk MINSK (L),Minsk MINSK,L,UNIC,L
2000000006994,1-TRDB-M-MONTJ-UNIC-XL-NOBR,Mont Joly MONTJ (XL),Mont Joly MONTJ,XL,UNIC,XL
2000000018621,1-CAMP-M-00132-NAVY-XXL-NOBR,"Murdock 00132 (Navy, XXL, nobrand)",Murdock 00132,"Navy, XXL, nobrand",NAVY,XXL
2000000018584,1-CAMP-M-00132-NAVY-S-NOBR,"Murdock 00132 (Navy, S, nobrand)",Murdock 00132,"Navy, S, nobrand",NAVY,S
2000000018515,1-CAMP-M-00132-MGRN-XL-PARK,"Murdock 00132 (Military green, XL, Parka)",Murdock 00132,"Military green, XL, Parka",MGRN,XL
2000000018478,1-CAMP-M-00132-MGRN-M-PARK,"Murdock 00132 (Military green, M, Parka)",Murdock 00132,"Military green, M, Parka",MGRN,M
2000000018430,1-CAMP-M-00132-BLCK-XXL-PARK,"Murdock 00132 (BLACK, XXL, Parka)",Murdock 00132,"BLACK, XXL, Parka",BLCK,XXL
2000000018379,1-CAMP-M-00132-BLCK-M-PARK,"Murdock 00132 (BLACK, M, Parka)",Murdock 00132,"BLACK, M, Parka",BLCK,M
2000000018560,1-CAMP-M-00132-NAVY-M-NOBR,"Murdock 00132 (Navy, M, nobrand)",Murdock 00132,"Navy, M, nobrand",NAVY,M
2000000003900,1-CHOM-M-MICR4-GREY-XXL-NOBR,"Micro4 (grey, XXL)",Micro4,"grey, XXL",GREY,XXL
2000000003870,1-CHOM-M-MICR4-GREY-M-NOBR,"Micro4 (grey, M)",Micro4,"grey, M",GREY,M
2000000006956,1-TRDB-M-MINSK-UNIC-XXL-NOBR,Minsk MINSK (XXL),Minsk MINSK,XXL,UNIC,XXL
2000000007007,1-TRDB-M-MONTJ-UNIC-XXL-NOBR,Mont Joly MONTJ (XXL),Mont Joly MONTJ,XXL,UNIC,XXL
2000000018423,1-CAMP-M-00132-BLCK-XXL-NOBR,"Murdock 00132 (BLACK, XXL, nobrand)",Murdock 00132,"BLACK, XXL, nobrand",BLCK,XXL
2000000018614,1-CAMP-M-00132-NAVY-XL-PARK,"Murdock 00132 (Navy, XL, Parka)",Murdock 00132,"Navy, XL, Parka",NAVY,XL
2000000018577,1-CAMP-M-00132-NAVY-M-PARK,"Murdock 00132 (Navy, M, Parka)",Murdock 00132,"Navy, M, Parka",NAVY,M
2000000018508,1-CAMP-M-00132-MGRN-XL-NOBR,"Murdock 00132 (Military green, XL, nobrand)",Murdock 00132,"Military green, XL, nobrand",MGRN,XL
2000000018461,1-CAMP-M-00132-MGRN-M-NOBR,"Murdock 00132 (Military green, M, nobrand)",Murdock 00132,"Military green, M, nobrand",MGRN,M
2000000018348,1-CAMP-M-00132-BLCK-L-NOBR,"Murdock 00132 (BLACK, L, nobrand)",Murdock 00132,"BLACK, L, nobrand",BLCK,L
2000000018386,1-CAMP-M-00132-BLCK-S-NOBR,"Murdock 00132 (BLACK, S, nobrand)",Murdock 00132,"BLACK, S, nobrand",BLCK,S
2000000018553,1-CAMP-M-00132-NAVY-L-PARK,"Murdock 00132 (Navy, L, Parka)",Murdock 00132,"Navy, L, Parka",NAVY,L
2000000003894,1-CHOM-M-MICR4-GREY-XL-NOBR,"Micro4 (grey, XL)",Micro4,"grey, XL",GREY,XL
2000000006932,1-TRDB-M-MINSK-UNIC-S-NOBR,Minsk MINSK (S),Minsk MINSK,S,UNIC,S
2000000006949,1-TRDB-M-MINSK-UNIC-XL-NOBR,Minsk MINSK (XL),Minsk MINSK,XL,UNIC,XL
2000000006970,1-TRDB-M-MONTJ-UNIC-M-NOBR,Mont Joly MONTJ (M),Mont Joly MONTJ,M,UNIC,M
2000000018416,1-CAMP-M-00132-BLCK-XL-PARK,"Murdock 00132 (BLACK, XL, Parka)",Murdock 00132,"BLACK, XL, Parka",BLCK,XL
2000000018607,1-CAMP-M-00132-NAVY-XL-NOBR,"Murdock 00132 (Navy, XL, nobrand)",Murdock 00132,"Navy, XL, nobrand",NAVY,XL
2000000018539,1-CAMP-M-00132-MGRN-XXL-PARK,"Murdock 00132 (Military green, XXL, Parka)",Murdock 00132,"Military green, XXL, Parka",MGRN,XXL
2000000018492,1-CAMP-M-00132-MGRN-S-PARK,"Murdock 00132 (Military green, S, Parka)",Murdock 00132,"Military green, S, Parka",MGRN,S
2000000018454,1-CAMP-M-00132-MGRN-L-PARK,"Murdock 00132 (Military green, L, Parka)",Murdock 00132,"Military green, L, Parka",MGRN,L
2000000018355,1-CAMP-M-00132-BLCK-L-PARK,"Murdock 00132 (BLACK, L, Parka)",Murdock 00132,"BLACK, L, Parka",BLCK,L
2000000018393,1-CAMP-M-00132-BLCK-S-PARK,"Murdock 00132 (BLACK, S, Parka)",Murdock 00132,"BLACK, S, Parka",BLCK,S
2000000018546,1-CAMP-M-00132-NAVY-L-NOBR,"Murdock 00132 (Navy, L, nobrand)",Murdock 00132,"Navy, L, nobrand",NAVY,L
2000000022369,1-CAMP-M-01145-GREY-M-NOBR,"NEXUS 01145 (grey, M, nobrand)",NEXUS 01145,"grey, M, nobrand",GREY,M
2000000022321,1-CAMP-M-01145-BLCK-XXL-NOBR,"NEXUS 01145 (BLACK, XXL, nobrand)",NEXUS 01145,"BLACK, XXL, nobrand",BLCK,XXL
2000000022284,1-CAMP-M-01145-BLCK-S-NOBR,"NEXUS 01145 (BLACK, S, nobrand)",NEXUS 01145,"BLACK, S, nobrand",BLCK,S
2000000022246,1-CAMP-M-01145-BLCK-L-NOBR,"NEXUS 01145 (BLACK, L, nobrand)",NEXUS 01145,"BLACK, L, nobrand",BLCK,L
2000000022390,1-CAMP-M-01145-GREY-S-PARK,"NEXUS 01145 (grey, S, Parka)",NEXUS 01145,"grey, S, Parka",GREY,S
,2-BI-U-NIGHT-UNIC-XL-0PRK-24V,"NIGHTMARE (XL, 24V)",NIGHTMARE,"XL, 24V",UNIC,XL
2000000053257,2-BI-U-NIGHT-UNIC-M-0PRK-24V,"NIGHTMARE (M, 24V)",NIGHTMARE,"M, 24V",UNIC,M
2000000053233,2-BI-U-NIGHT-UNIC-M-0PRK-10V,"NIGHTMARE (M, 10V)",NIGHTMARE,"M, 10V",UNIC,M
2000000022963,1-CAMP-M-01157-BLCK-M-NOBR,"NIMBUS 01157 (BLACK, M, nobrand)",NIMBUS 01157,"BLACK, M, nobrand",BLCK,M
2000000023137,1-CAMP-M-01157-OFWH-XXL-PARK,"NIMBUS 01157 (Off white, XXL, Parka)",NIMBUS 01157,"Off white, XXL, Parka",OFWH,XXL
2000000023038,1-CAMP-M-01157-BLCK-XXL-PARK,"NIMBUS 01157 (BLACK, XXL, Parka)",NIMBUS 01157,"BLACK, XXL, Parka",BLCK,XXL
2000000023076,1-CAMP-M-01157-OFWH-M-PARK,"NIMBUS 01157 (Off white, M, Parka)",NIMBUS 01157,"Off white, M, Parka",OFWH,M
2000000022352,1-CAMP-M-01145-GREY-L-PARK,"NEXUS 01145 (grey, L, Parka)",NEXUS 01145,"grey, L, Parka",GREY,L
2000000022314,1-CAMP-M-01145-BLCK-XL-PARK,"NEXUS 01145 (BLACK, XL, Parka)",NEXUS 01145,"BLACK, XL, Parka",BLCK,XL
2000000022277,1-CAMP-M-01145-BLCK-M-PARK,"NEXUS 01145 (BLACK, M, Parka)",NEXUS 01145,"BLACK, M, Parka",BLCK,M
2000000022413,1-CAMP-M-01145-GREY-XL-PARK,"NEXUS 01145 (grey, XL, Parka)",NEXUS 01145,"grey, XL, Parka",GREY,XL
2000000022406,1-CAMP-M-01145-GREY-XL-NOBR,"NEXUS 01145 (grey, XL, nobrand)",NEXUS 01145,"grey, XL, nobrand",GREY,XL
2000000053288,2-BI-U-NIGHT-UNIC-S-0PRK-24V,"NIGHTMARE (S, 24V)",NIGHTMARE,"S, 24V",UNIC,S
2000000053240,2-BI-U-NIGHT-UNIC-M-0PRK-21V,"NIGHTMARE (M, 21V)",NIGHTMARE,"M, 21V",UNIC,M
2000000053226,2-BI-U-NIGHT-UNIC-L-0PRK-24V,"NIGHTMARE (L, 24V)",NIGHTMARE,"L, 24V",UNIC,L
2000000022970,1-CAMP-M-01157-BLCK-M-PARK,"NIMBUS 01157 (BLACK, M, Parka)",NIMBUS 01157,"BLACK, M, Parka",BLCK,M
2000000023007,1-CAMP-M-01157-BLCK-XL-NOBR,"NIMBUS 01157 (BLACK, XL, nobrand)",NIMBUS 01157,"BLACK, XL, nobrand",BLCK,XL
2000000023045,1-CAMP-M-01157-OFWH-L-NOBR,"NIMBUS 01157 (Off white, L, nobrand)",NIMBUS 01157,"Off white, L, nobrand",OFWH,L
2000000023083,1-CAMP-M-01157-OFWH-S-NOBR,"NIMBUS 01157 (Off white, S, nobrand)",NIMBUS 01157,"Off white, S, nobrand",OFWH,S
2000000022345,1-CAMP-M-01145-GREY-L-NOBR,"NEXUS 01145 (grey, L, nobrand)",NEXUS 01145,"grey, L, nobrand",GREY,L
2000000022307,1-CAMP-M-01145-BLCK-XL-NOBR,"NEXUS 01145 (BLACK, XL, nobrand)",NEXUS 01145,"BLACK, XL, nobrand",BLCK,XL
2000000022260,1-CAMP-M-01145-BLCK-M-NOBR,"NEXUS 01145 (BLACK, M, nobrand)",NEXUS 01145,"BLACK, M, nobrand",BLCK,M
2000000022420,1-CAMP-M-01145-GREY-XXL-NOBR,"NEXUS 01145 (grey, XXL, nobrand)",NEXUS 01145,"grey, XXL, nobrand",GREY,XXL
2000000022383,1-CAMP-M-01145-GREY-S-NOBR,"NEXUS 01145 (grey, S, nobrand)",NEXUS 01145,"grey, S, nobrand",GREY,S
2000000053271,2-BI-U-NIGHT-UNIC-S-0PRK-21V,"NIGHTMARE (S, 21V)",NIGHTMARE,"S, 21V",UNIC,S
2000000053202,2-BI-U-NIGHT-UNIC-L-0PRK-10V,"NIGHTMARE (L, 10V)",NIGHTMARE,"L, 10V",UNIC,L
2000000053219,2-BI-U-NIGHT-UNIC-L-0PRK-21V,"NIGHTMARE (L, 21V)",NIGHTMARE,"L, 21V",UNIC,L
2000000022987,1-CAMP-M-01157-BLCK-S-NOBR,"NIMBUS 01157 (BLACK, S, nobrand)",NIMBUS 01157,"BLACK, S, nobrand",BLCK,S
2000000023014,1-CAMP-M-01157-BLCK-XL-PARK,"NIMBUS 01157 (BLACK, XL, Parka)",NIMBUS 01157,"BLACK, XL, Parka",BLCK,XL
2000000023052,1-CAMP-M-01157-OFWH-L-PARK,"NIMBUS 01157 (Off white, L, Parka)",NIMBUS 01157,"Off white, L, Parka",OFWH,L
2000000023090,1-CAMP-M-01157-OFWH-S-PARK,"NIMBUS 01157 (Off white, S, Parka)",NIMBUS 01157,"Off white, S, Parka",OFWH,S
2000000022338,1-CAMP-M-01145-BLCK-XXL-PARK,"NEXUS 01145 (BLACK, XXL, Parka)",NEXUS 01145,"BLACK, XXL, Parka",BLCK,XXL
2000000022291,1-CAMP-M-01145-BLCK-S-PARK,"NEXUS 01145 (BLACK, S, Parka)",NEXUS 01145,"BLACK, S, Parka",BLCK,S
2000000022253,1-CAMP-M-01145-BLCK-L-PARK,"NEXUS 01145 (BLACK, L, Parka)",NEXUS 01145,"BLACK, L, Parka",BLCK,L
2000000022437,1-CAMP-M-01145-GREY-XXL-PARK,"NEXUS 01145 (grey, XXL, Parka)",NEXUS 01145,"grey, XXL, Parka",GREY,XXL
2000000022376,1-CAMP-M-01145-GREY-M-PARK,"NEXUS 01145 (grey, M, Parka)",NEXUS 01145,"grey, M, Parka",GREY,M
2000000053264,2-BI-U-NIGHT-UNIC-S-0PRK-10V,"NIGHTMARE (S, 10V)",NIGHTMARE,"S, 10V",UNIC,S
2000000055480,2-BI-U-NIGHT-UNIC-XL-0PRK-21V,"NIGHTMARE (XL, 21V)",NIGHTMARE,"XL, 21V",UNIC,XL
,2-BI-U-NIGHT-UNIC-XL-0PRK-10V,"NIGHTMARE (XL, 10V)",NIGHTMARE,"XL, 10V",UNIC,XL
2000000022994,1-CAMP-M-01157-BLCK-S-PARK,"NIMBUS 01157 (BLACK, S, Parka)",NIMBUS 01157,"BLACK, S, Parka",BLCK,S
2000000023021,1-CAMP-M-01157-BLCK-XXL-NOBR,"NIMBUS 01157 (BLACK, XXL, nobrand)",NIMBUS 01157,"BLACK, XXL, nobrand",BLCK,XXL
2000000023069,1-CAMP-M-01157-OFWH-M-NOBR,"NIMBUS 01157 (Off white, M, nobrand)",NIMBUS 01157,"Off white, M, nobrand",OFWH,M
2000000023106,1-CAMP-M-01157-OFWH-XL-NOBR,"NIMBUS 01157 (Off white, XL, nobrand)",NIMBUS 01157,"Off white, XL, nobrand",OFWH,XL
2000000023113,1-CAMP-M-01157-OFWH-XL-PARK,"NIMBUS 01157 (Off white, XL, Parka)",NIMBUS 01157,"Off white, XL, Parka",OFWH,XL
2000000025049,1-CAMP-M-01182-BLCK-L-NOBR,"NODULO 01182 (L, nobrand)",NODULO 01182,"L, nobrand",BLCK,L
2000000025087,1-CAMP-M-01182-BLCK-M-PARK,"NODULO 01182 (M, Parka)",NODULO 01182,"M, Parka",BLCK,M
2000000025131,1-CAMP-M-01182-BLCK-XL-NOBR,"NODULO 01182 (XL, nobrand)",NODULO 01182,"XL, nobrand",BLCK,XL
2000000025179,1-CAMP-M-01182-BLCK-XXL-PARK,"NODULO 01182 (XXL, Parka)",NODULO 01182,"XXL, Parka",BLCK,XXL
2000000007021,1-TRDB-M-NASSA-BLCK-M-NOBR,"Nassau NASSA (BLACK, M)",Nassau NASSA,"BLACK, M",BLCK,M
2000000007045,1-TRDB-M-NASSA-BLCK-XL-NOBR,"Nassau NASSA (BLACK, XL)",Nassau NASSA,"BLACK, XL",BLCK,XL
2000000019062,1-CAMP-M-00134-BLCK-M-NOBR,"Neo 00134 (BLACK, M, nobrand)",Neo 00134,"BLACK, M, nobrand",BLCK,M
2000000019123,1-CAMP-M-00134-BLCK-XXL-NOBR,"Neo 00134 (BLACK, XXL, nobrand)",Neo 00134,"BLACK, XXL, nobrand",BLCK,XXL
2000000019161,1-CAMP-M-00134-MGRN-M-NOBR,"Neo 00134 (Military green, M, nobrand)",Neo 00134,"Military green, M, nobrand",MGRN,M
2000000019239,1-CAMP-M-00134-MGRN-XXL-PARK,"Neo 00134 (Military green, XXL, Parka)",Neo 00134,"Military green, XXL, Parka",MGRN,XXL
2000000023120,1-CAMP-M-01157-OFWH-XXL-NOBR,"NIMBUS 01157 (Off white, XXL, nobrand)",NIMBUS 01157,"Off white, XXL, nobrand",OFWH,XXL
2000000025056,1-CAMP-M-01182-BLCK-L-PARK,"NODULO 01182 (L, Parka)",NODULO 01182,"L, Parka",BLCK,L
2000000025094,1-CAMP-M-01182-BLCK-M-PUFE,"NODULO 01182 (M, Puffers)",NODULO 01182,"M, Puffers",BLCK,M
2000000025148,1-CAMP-M-01182-BLCK-XL-PARK,"NODULO 01182 (XL, Parka)",NODULO 01182,"XL, Parka",BLCK,XL
2000000025186,1-CAMP-M-01182-BLCK-XXL-PUFE,"NODULO 01182 (XXL, Puffers)",NODULO 01182,"XXL, Puffers",BLCK,XXL
2000000007090,1-TRDB-M-NASSA-REDD-XL-NOBR,"Nassau NASSA (Red, XL)",Nassau NASSA,"Red, XL",REDD,XL
2000000007069,1-TRDB-M-NASSA-REDD-L-NOBR,"Nassau NASSA (Red, L)",Nassau NASSA,"Red, L",REDD,L
2000000007052,1-TRDB-M-NASSA-BLCK-XXL-NOBR,"Nassau NASSA (BLACK, XXL)",Nassau NASSA,"BLACK, XXL",BLCK,XXL
2000000019208,1-CAMP-M-00134-MGRN-XL-NOBR,"Neo 00134 (Military green, XL, nobrand)",Neo 00134,"Military green, XL, nobrand",MGRN,XL
2000000019130,1-CAMP-M-00134-BLCK-XXL-PARK,"Neo 00134 (BLACK, XXL, Parka)",Neo 00134,"BLACK, XXL, Parka",BLCK,XXL
2000000019253,1-CAMP-M-00134-NAVY-L-PARK,"Neo 00134 (Navy, L, Parka)",Neo 00134,"Navy, L, Parka",NAVY,L
2000000019222,1-CAMP-M-00134-MGRN-XXL-NOBR,"Neo 00134 (Military green, XXL, nobrand)",Neo 00134,"Military green, XXL, nobrand",MGRN,XXL
2000000022949,1-CAMP-M-01157-BLCK-L-NOBR,"NIMBUS 01157 (BLACK, L, nobrand)",NIMBUS 01157,"BLACK, L, nobrand",BLCK,L
2000000025063,1-CAMP-M-01182-BLCK-L-PUFE,"NODULO 01182 (L, Puffers)",NODULO 01182,"L, Puffers",BLCK,L
2000000025100,1-CAMP-M-01182-BLCK-S-NOBR,"NODULO 01182 (S, nobrand)",NODULO 01182,"S, nobrand",BLCK,S
2000000025155,1-CAMP-M-01182-BLCK-XL-PUFE,"NODULO 01182 (XL, Puffers)",NODULO 01182,"XL, Puffers",BLCK,XL
2000000025117,1-CAMP-M-01182-BLCK-S-PARK,"NODULO 01182 (S, Parka)",NODULO 01182,"S, Parka",BLCK,S
2000000007106,1-TRDB-M-NASSA-REDD-XXL-NOBR,"Nassau NASSA (Red, XXL)",Nassau NASSA,"Red, XXL",REDD,XXL
2000000007083,1-TRDB-M-NASSA-REDD-S-NOBR,"Nassau NASSA (Red, S)",Nassau NASSA,"Red, S",REDD,S
2000000007076,1-TRDB-M-NASSA-REDD-M-NOBR,"Nassau NASSA (Red, M)",Nassau NASSA,"Red, M",REDD,M
2000000019192,1-CAMP-M-00134-MGRN-S-PARK,"Neo 00134 (Military green, S, Parka)",Neo 00134,"Military green, S, Parka",MGRN,S
2000000019147,1-CAMP-M-00134-MGRN-L-NOBR,"Neo 00134 (Military green, L, nobrand)",Neo 00134,"Military green, L, nobrand",MGRN,L
2000000019260,1-CAMP-M-00134-NAVY-M-NOBR,"Neo 00134 (Navy, M, nobrand)",Neo 00134,"Navy, M, nobrand",NAVY,M
2000000019215,1-CAMP-M-00134-MGRN-XL-PARK,"Neo 00134 (Military green, XL, Parka)",Neo 00134,"Military green, XL, Parka",MGRN,XL
2000000022956,1-CAMP-M-01157-BLCK-L-PARK,"NIMBUS 01157 (BLACK, L, Parka)",NIMBUS 01157,"BLACK, L, Parka",BLCK,L
2000000025070,1-CAMP-M-01182-BLCK-M-NOBR,"NODULO 01182 (M, nobrand)",NODULO 01182,"M, nobrand",BLCK,M
2000000025124,1-CAMP-M-01182-BLCK-S-PUFE,"NODULO 01182 (S, Puffers)",NODULO 01182,"S, Puffers",BLCK,S
2000000025162,1-CAMP-M-01182-BLCK-XXL-NOBR,"NODULO 01182 (XXL, nobrand)",NODULO 01182,"XXL, nobrand",BLCK,XXL
2000000007014,1-TRDB-M-NASSA-BLCK-L-NOBR,"Nassau NASSA (BLACK, L)",Nassau NASSA,"BLACK, L",BLCK,L
2000000007038,1-TRDB-M-NASSA-BLCK-S-NOBR,"Nassau NASSA (BLACK, S)",Nassau NASSA,"BLACK, S",BLCK,S
2000000019048,1-CAMP-M-00134-BLCK-L-NOBR,"Neo 00134 (BLACK, L, nobrand)",Neo 00134,"BLACK, L, nobrand",BLCK,L
2000000019116,1-CAMP-M-00134-BLCK-XL-PARK,"Neo 00134 (BLACK, XL, Parka)",Neo 00134,"BLACK, XL, Parka",BLCK,XL
2000000019154,1-CAMP-M-00134-MGRN-L-PARK,"Neo 00134 (Military green, L, Parka)",Neo 00134,"Military green, L, Parka",MGRN,L
2000000019246,1-CAMP-M-00134-NAVY-L-NOBR,"Neo 00134 (Navy, L, nobrand)",Neo 00134,"Navy, L, nobrand",NAVY,L
2000000019055,1-CAMP-M-00134-BLCK-L-PARK,"Neo 00134 (BLACK, L, Parka)",Neo 00134,"BLACK, L, Parka",BLCK,L
2000000019338,1-CAMP-M-00134-NAVY-XXL-PARK,"Neo 00134 (Navy, XXL, Parka)",Neo 00134,"Navy, XXL, Parka",NAVY,XXL
2000000019291,1-CAMP-M-00134-NAVY-S-PARK,"Neo 00134 (Navy, S, Parka)",Neo 00134,"Navy, S, Parka",NAVY,S
2000000019178,1-CAMP-M-00134-MGRN-M-PARK,"Neo 00134 (Military green, M, Parka)",Neo 00134,"Military green, M, Parka",MGRN,M
2000000019109,1-CAMP-M-00134-BLCK-XL-NOBR,"Neo 00134 (BLACK, XL, nobrand)",Neo 00134,"BLACK, XL, nobrand",BLCK,XL
2000000039053,1-CAMP-W-02078-BLCK-S-NOBR,"Nirvana 02078 (S, nobrand)",Nirvana 02078,"S, nobrand",BLCK,S
2000000039015,1-CAMP-W-02078-BLCK-L-NOBR,"Nirvana 02078 (L, nobrand)",Nirvana 02078,"L, nobrand",BLCK,L
2000000004884,1-TRDB-M-0NIZA-UNIC-S-NOBR,Niza 0NIZA (S),Niza 0NIZA,S,UNIC,S
2000000025346,1-CAMP-M-01184-BLCK-S-PARK,"ODISSEY 01184 (S, Parka)",ODISSEY 01184,"S, Parka",BLCK,S
2000000025360,1-CAMP-M-01184-BLCK-XL-PARK,"ODISSEY 01184 (XL, Parka)",ODISSEY 01184,"XL, Parka",BLCK,XL
2000000025339,1-CAMP-M-01184-BLCK-S-NOBR,"ODISSEY 01184 (S, nobrand)",ODISSEY 01184,"S, nobrand",BLCK,S
2000000037806,1-CAMP-W-02057-BLCK-XL-PARK,"ONYX 02057 (XL, Parka)",ONYX 02057,"XL, Parka",BLCK,XL
2000000037745,1-CAMP-W-02057-BLCK-L-PARK,"ONYX 02057 (L, Parka)",ONYX 02057,"L, Parka",BLCK,L
2000000019321,1-CAMP-M-00134-NAVY-XXL-NOBR,"Neo 00134 (Navy, XXL, nobrand)",Neo 00134,"Navy, XXL, nobrand",NAVY,XXL
2000000019284,1-CAMP-M-00134-NAVY-S-NOBR,"Neo 00134 (Navy, S, nobrand)",Neo 00134,"Navy, S, nobrand",NAVY,S
2000000019079,1-CAMP-M-00134-BLCK-M-PARK,"Neo 00134 (BLACK, M, Parka)",Neo 00134,"BLACK, M, Parka",BLCK,M
2000000039022,1-CAMP-W-02078-BLCK-L-PUFE,"Nirvana 02078 (L, Puffers)",Nirvana 02078,"L, Puffers",BLCK,L
2000000039077,1-CAMP-W-02078-BLCK-XL-NOBR,"Nirvana 02078 (XL, nobrand)",Nirvana 02078,"XL, nobrand",BLCK,XL
2000000004907,1-TRDB-M-0NIZA-UNIC-XXL-NOBR,Niza 0NIZA (XXL),Niza 0NIZA,XXL,UNIC,XXL
2000000004891,1-TRDB-M-0NIZA-UNIC-XL-NOBR,Niza 0NIZA (XL),Niza 0NIZA,XL,UNIC,XL
2000000025308,1-CAMP-M-01184-BLCK-L-PARK,"ODISSEY 01184 (L, Parka)",ODISSEY 01184,"L, Parka",BLCK,L
2000000025377,1-CAMP-M-01184-BLCK-XXL-NOBR,"ODISSEY 01184 (XXL, nobrand)",ODISSEY 01184,"XXL, nobrand",BLCK,XXL
2000000037790,1-CAMP-W-02057-BLCK-XL-NOBR,"ONYX 02057 (XL, nobrand)",ONYX 02057,"XL, nobrand",BLCK,XL
2000000037752,1-CAMP-W-02057-BLCK-M-NOBR,"ONYX 02057 (M, nobrand)",ONYX 02057,"M, nobrand",BLCK,M
2000000019314,1-CAMP-M-00134-NAVY-XL-PARK,"Neo 00134 (Navy, XL, Parka)",Neo 00134,"Navy, XL, Parka",NAVY,XL
2000000019277,1-CAMP-M-00134-NAVY-M-PARK,"Neo 00134 (Navy, M, Parka)",Neo 00134,"Navy, M, Parka",NAVY,M
2000000019086,1-CAMP-M-00134-BLCK-S-NOBR,"Neo 00134 (BLACK, S, nobrand)",Neo 00134,"BLACK, S, nobrand",BLCK,S
2000000039039,1-CAMP-W-02078-BLCK-M-NOBR,"Nirvana 02078 (M, nobrand)",Nirvana 02078,"M, nobrand",BLCK,M
2000000039060,1-CAMP-W-02078-BLCK-S-PUFE,"Nirvana 02078 (S, Puffers)",Nirvana 02078,"S, Puffers",BLCK,S
2000000004860,1-TRDB-M-0NIZA-UNIC-L-NOBR,Niza 0NIZA (L),Niza 0NIZA,L,UNIC,L
,CURVA-ODESA-UNIC-NOBR,ODESA — Curva 8u (1S/2M/2L/2XL/1XXL),ODESA — Curva 8u,1S/2M/2L/2XL/1XXL,,
2000000025315,1-CAMP-M-01184-BLCK-M-NOBR,"ODISSEY 01184 (M, nobrand)",ODISSEY 01184,"M, nobrand",BLCK,M
2000000025384,1-CAMP-M-01184-BLCK-XXL-PARK,"ODISSEY 01184 (XXL, Parka)",ODISSEY 01184,"XXL, Parka",BLCK,XXL
2000000037783,1-CAMP-W-02057-BLCK-S-PARK,"ONYX 02057 (S, Parka)",ONYX 02057,"S, Parka",BLCK,S
2000000037769,1-CAMP-W-02057-BLCK-M-PARK,"ONYX 02057 (M, Parka)",ONYX 02057,"M, Parka",BLCK,M
,CURVA-OPORT-UNIC-NOBR,OPORTO — Curva 8u (1S/2M/2L/2XL/1XXL),OPORTO — Curva 8u,1S/2M/2L/2XL/1XXL,,
2000000019307,1-CAMP-M-00134-NAVY-XL-NOBR,"Neo 00134 (Navy, XL, nobrand)",Neo 00134,"Navy, XL, nobrand",NAVY,XL
2000000019185,1-CAMP-M-00134-MGRN-S-NOBR,"Neo 00134 (Military green, S, nobrand)",Neo 00134,"Military green, S, nobrand",MGRN,S
2000000019093,1-CAMP-M-00134-BLCK-S-PARK,"Neo 00134 (BLACK, S, Parka)",Neo 00134,"BLACK, S, Parka",BLCK,S
2000000039046,1-CAMP-W-02078-BLCK-M-PUFE,"Nirvana 02078 (M, Puffers)",Nirvana 02078,"M, Puffers",BLCK,M
2000000039084,1-CAMP-W-02078-BLCK-XL-PUFE,"Nirvana 02078 (XL, Puffers)",Nirvana 02078,"XL, Puffers",BLCK,XL
2000000004877,1-TRDB-M-0NIZA-UNIC-M-NOBR,Niza 0NIZA (M),Niza 0NIZA,M,UNIC,M
2000000025322,1-CAMP-M-01184-BLCK-M-PARK,"ODISSEY 01184 (M, Parka)",ODISSEY 01184,"M, Parka",BLCK,M
2000000025353,1-CAMP-M-01184-BLCK-XL-NOBR,"ODISSEY 01184 (XL, nobrand)",ODISSEY 01184,"XL, nobrand",BLCK,XL
2000000025292,1-CAMP-M-01184-BLCK-L-NOBR,"ODISSEY 01184 (L, nobrand)",ODISSEY 01184,"L, nobrand",BLCK,L
2000000037738,1-CAMP-W-02057-BLCK-L-NOBR,"ONYX 02057 (L, nobrand)",ONYX 02057,"L, nobrand",BLCK,L
2000000037776,1-CAMP-W-02057-BLCK-S-NOBR,"ONYX 02057 (S, nobrand)",ONYX 02057,"S, nobrand",BLCK,S
2000000011455,1-CAMP-M-WORKJ-GREN-XXL-NOBR,"ORIGIN 00002 (Green, XXL, nobrand)",ORIGIN 00002,"Green, XXL, nobrand",GREN,XXL
2000000011295,1-CAMP-M-WORKJ-BLCK-XXL-BRIG,"ORIGIN 00002 (BLACK, XXL, Briganti)",ORIGIN 00002,"BLACK, XXL, Briganti",BLCK,XXL
2000000011288,1-CAMP-M-WORKJ-BLCK-XL-PARK,"ORIGIN 00002 (BLACK, XL, Parka)",ORIGIN 00002,"BLACK, XL, Parka",BLCK,XL
2000000011363,1-CAMP-M-WORKJ-GREN-M-NOBR,"ORIGIN 00002 (Green, M, nobrand)",ORIGIN 00002,"Green, M, nobrand",GREN,M
2000000011257,1-CAMP-M-WORKJ-BLCK-S-PARK,"ORIGIN 00002 (BLACK, S, Parka)",ORIGIN 00002,"BLACK, S, Parka",BLCK,S
2000000011219,1-CAMP-M-WORKJ-BLCK-M-NOBR,"ORIGIN 00002 (BLACK, M, nobrand)",ORIGIN 00002,"BLACK, M, nobrand",BLCK,M
2000000011394,1-CAMP-M-WORKJ-GREN-S-NOBR,"ORIGIN 00002 (Green, S, nobrand)",ORIGIN 00002,"Green, S, nobrand",GREN,S
2000000011431,1-CAMP-M-WORKJ-GREN-XL-PARK,"ORIGIN 00002 (Green, XL, Parka)",ORIGIN 00002,"Green, XL, Parka",GREN,XL
2000000011356,1-CAMP-M-WORKJ-GREN-M-BRIG,"ORIGIN 00002 (Green, M, Briganti)",ORIGIN 00002,"Green, M, Briganti",GREN,M
2000000007113,1-TRDB-M-ODESA-UNIC-L-NOBR,Odesa ODESA (L),Odesa ODESA,L,UNIC,L
2000000007151,1-TRDB-M-ODESA-UNIC-XXL-NOBR,Odesa ODESA (XXL),Odesa ODESA,XXL,UNIC,XXL
2000000007199,1-TRDB-M-OPORT-UNIC-XL-NOBR,Oporto OPORT (XL),Oporto OPORT,XL,UNIC,XL
2000000020839,1-CAMP-M-00142-MGRN-XXL-PARK,"Orion 00142 (Military green, XXL, Parka)",Orion 00142,"Military green, XXL, Parka",MGRN,XXL
2000000011301,1-CAMP-M-WORKJ-BLCK-XXL-NOBR,"ORIGIN 00002 (BLACK, XXL, nobrand)",ORIGIN 00002,"BLACK, XXL, nobrand",BLCK,XXL
2000000011462,1-CAMP-M-WORKJ-GREN-XXL-PARK,"ORIGIN 00002 (Green, XXL, Parka)",ORIGIN 00002,"Green, XXL, Parka",GREN,XXL
2000000011370,1-CAMP-M-WORKJ-GREN-M-PARK,"ORIGIN 00002 (Green, M, Parka)",ORIGIN 00002,"Green, M, Parka",GREN,M
2000000011240,1-CAMP-M-WORKJ-BLCK-S-NOBR,"ORIGIN 00002 (BLACK, S, nobrand)",ORIGIN 00002,"BLACK, S, nobrand",BLCK,S
2000000011202,1-CAMP-M-WORKJ-BLCK-M-BRIG,"ORIGIN 00002 (BLACK, M, Briganti)",ORIGIN 00002,"BLACK, M, Briganti",BLCK,M
2000000011400,1-CAMP-M-WORKJ-GREN-S-PARK,"ORIGIN 00002 (Green, S, Parka)",ORIGIN 00002,"Green, S, Parka",GREN,S
2000000011448,1-CAMP-M-WORKJ-GREN-XXL-BRIG,"ORIGIN 00002 (Green, XXL, Briganti)",ORIGIN 00002,"Green, XXL, Briganti",GREN,XXL
2000000007120,1-TRDB-M-ODESA-UNIC-M-NOBR,Odesa ODESA (M),Odesa ODESA,M,UNIC,M
2000000007168,1-TRDB-M-OPORT-UNIC-L-NOBR,Oporto OPORT (L),Oporto OPORT,L,UNIC,L
2000000007182,1-TRDB-M-OPORT-UNIC-S-NOBR,Oporto OPORT (S),Oporto OPORT,S,UNIC,S
2000000020549,1-CAMP-M-00142-BEIG-L-NOBR,"Orion 00142 (Beige, L, nobrand)",Orion 00142,"Beige, L, nobrand",BEIG,L
2000000011318,1-CAMP-M-WORKJ-BLCK-XXL-PARK,"ORIGIN 00002 (BLACK, XXL, Parka)",ORIGIN 00002,"BLACK, XXL, Parka",BLCK,XXL
2000000011332,1-CAMP-M-WORKJ-GREN-L-NOBR,"ORIGIN 00002 (Green, L, nobrand)",ORIGIN 00002,"Green, L, nobrand",GREN,L
2000000011271,1-CAMP-M-WORKJ-BLCK-XL-NOBR,"ORIGIN 00002 (BLACK, XL, nobrand)",ORIGIN 00002,"BLACK, XL, nobrand",BLCK,XL
2000000011233,1-CAMP-M-WORKJ-BLCK-S-BRIG,"ORIGIN 00002 (BLACK, S, Briganti)",ORIGIN 00002,"BLACK, S, Briganti",BLCK,S
2000000011196,1-CAMP-M-WORKJ-BLCK-L-PARK,"ORIGIN 00002 (BLACK, L, Parka)",ORIGIN 00002,"BLACK, L, Parka",BLCK,L
2000000011417,1-CAMP-M-WORKJ-GREN-XL-BRIG,"ORIGIN 00002 (Green, XL, Briganti)",ORIGIN 00002,"Green, XL, Briganti",GREN,XL
2000000011172,1-CAMP-M-WORKJ-BLCK-L-BRIG,"ORIGIN 00002 (BLACK, L, Briganti)",ORIGIN 00002,"BLACK, L, Briganti",BLCK,L
2000000052861,4-MOCH-U-03014-BLCK-NOBR,OVERLAND 03014 (nobrand),OVERLAND 03014,nobrand,,
2000000007137,1-TRDB-M-ODESA-UNIC-S-NOBR,Odesa ODESA (S),Odesa ODESA,S,UNIC,S
2000000007175,1-TRDB-M-OPORT-UNIC-M-NOBR,Oporto OPORT (M),Oporto OPORT,M,UNIC,M
2000000020587,1-CAMP-M-00142-BEIG-S-NOBR,"Orion 00142 (Beige, S, nobrand)",Orion 00142,"Beige, S, nobrand",BEIG,S
2000000020563,1-CAMP-M-00142-BEIG-M-NOBR,"Orion 00142 (Beige, M, nobrand)",Orion 00142,"Beige, M, nobrand",BEIG,M
2000000011325,1-CAMP-M-WORKJ-GREN-L-BRIG,"ORIGIN 00002 (Green, L, Briganti)",ORIGIN 00002,"Green, L, Briganti",GREN,L
2000000011349,1-CAMP-M-WORKJ-GREN-L-PARK,"ORIGIN 00002 (Green, L, Parka)",ORIGIN 00002,"Green, L, Parka",GREN,L
2000000011264,1-CAMP-M-WORKJ-BLCK-XL-BRIG,"ORIGIN 00002 (BLACK, XL, Briganti)",ORIGIN 00002,"BLACK, XL, Briganti",BLCK,XL
2000000011226,1-CAMP-M-WORKJ-BLCK-M-PARK,"ORIGIN 00002 (BLACK, M, Parka)",ORIGIN 00002,"BLACK, M, Parka",BLCK,M
2000000011387,1-CAMP-M-WORKJ-GREN-S-BRIG,"ORIGIN 00002 (Green, S, Briganti)",ORIGIN 00002,"Green, S, Briganti",GREN,S
2000000011424,1-CAMP-M-WORKJ-GREN-XL-NOBR,"ORIGIN 00002 (Green, XL, nobrand)",ORIGIN 00002,"Green, XL, nobrand",GREN,XL
2000000011189,1-CAMP-M-WORKJ-BLCK-L-NOBR,"ORIGIN 00002 (BLACK, L, nobrand)",ORIGIN 00002,"BLACK, L, nobrand",BLCK,L
2000000052878,4-MOCH-U-03014-BLCK-PARK,OVERLAND 03014 (Parka),OVERLAND 03014,Parka,,
2000000007144,1-TRDB-M-ODESA-UNIC-XL-NOBR,Odesa ODESA (XL),Odesa ODESA,XL,UNIC,XL
2000000007205,1-TRDB-M-OPORT-UNIC-XXL-NOBR,Oporto OPORT (XXL),Oporto OPORT,XXL,UNIC,XXL
2000000020822,1-CAMP-M-00142-MGRN-XXL-NOBR,"Orion 00142 (Military green, XXL, nobrand)",Orion 00142,"Military green, XXL, nobrand",MGRN,XXL
2000000020570,1-CAMP-M-00142-BEIG-M-PARK,"Orion 00142 (Beige, M, Parka)",Orion 00142,"Beige, M, Parka",BEIG,M
2000000020730,1-CAMP-M-00142-BLCK-XXL-PARK,"Orion 00142 (BLACK, XXL, Parka)",Orion 00142,"BLACK, XXL, Parka",BLCK,XXL
2000000020778,1-CAMP-M-00142-MGRN-M-PARK,"Orion 00142 (Military green, M, Parka)",Orion 00142,"Military green, M, Parka",MGRN,M
2000000020815,1-CAMP-M-00142-MGRN-XL-PARK,"Orion 00142 (Military green, XL, Parka)",Orion 00142,"Military green, XL, Parka",MGRN,XL
2000000020617,1-CAMP-M-00142-BEIG-XL-PARK,"Orion 00142 (Beige, XL, Parka)",Orion 00142,"Beige, XL, Parka",BEIG,XL
2000000020655,1-CAMP-M-00142-BLCK-L-PARK,"Orion 00142 (BLACK, L, Parka)",Orion 00142,"BLACK, L, Parka",BLCK,L
2000000020693,1-CAMP-M-00142-BLCK-S-PARK,"Orion 00142 (BLACK, S, Parka)",Orion 00142,"BLACK, S, Parka",BLCK,S
2000000004952,1-TRDB-M-0OSLO-UNIC-XXL-NOBR,Oslo 0OSLO (XXL),Oslo 0OSLO,XXL,UNIC,XXL
2000000004921,1-TRDB-M-0OSLO-UNIC-M-NOBR,Oslo 0OSLO (M),Oslo 0OSLO,M,UNIC,M
2000000007229,1-TRDB-M-OXFOR-UNIC-M-NOBR,Oxford OXFOR (M),Oxford OXFOR,M,UNIC,M
2000000004044,1-CHOM-M-PEETA-BLCK-XXL-NOBR,"PEETA (BLACK, XXL, no brand)",PEETA,"BLACK, XXL, no brand",BLCK,XXL
2000000004389,1-CHOM-M-PEETA-Stone-M-NOBR,"PEETA (Stone, M, no brand)",PEETA,"Stone, M, no brand",Stone,M
2000000004426,1-CHOM-M-PEETA-Stone-XL-NOBR,"PEETA (Stone, XL, no brand)",PEETA,"Stone, XL, no brand",Stone,XL
2000000020747,1-CAMP-M-00142-MGRN-L-NOBR,"Orion 00142 (Military green, L, nobrand)",Orion 00142,"Military green, L, nobrand",MGRN,L
2000000020785,1-CAMP-M-00142-MGRN-S-NOBR,"Orion 00142 (Military green, S, nobrand)",Orion 00142,"Military green, S, nobrand",MGRN,S
2000000020556,1-CAMP-M-00142-BEIG-L-PARK,"Orion 00142 (Beige, L, Parka)",Orion 00142,"Beige, L, Parka",BEIG,L
2000000020624,1-CAMP-M-00142-BEIG-XXL-NOBR,"Orion 00142 (Beige, XXL, nobrand)",Orion 00142,"Beige, XXL, nobrand",BEIG,XXL
2000000020662,1-CAMP-M-00142-BLCK-M-NOBR,"Orion 00142 (BLACK, M, nobrand)",Orion 00142,"BLACK, M, nobrand",BLCK,M
2000000020709,1-CAMP-M-00142-BLCK-XL-NOBR,"Orion 00142 (BLACK, XL, nobrand)",Orion 00142,"BLACK, XL, nobrand",BLCK,XL
2000000004914,1-TRDB-M-0OSLO-UNIC-L-NOBR,Oslo 0OSLO (L),Oslo 0OSLO,L,UNIC,L
2000000007243,1-TRDB-M-OXFOR-UNIC-XL-NOBR,Oxford OXFOR (XL),Oxford OXFOR,XL,UNIC,XL
2000000007212,1-TRDB-M-OXFOR-UNIC-L-NOBR,Oxford OXFOR (L),Oxford OXFOR,L,UNIC,L
2000000004358,1-CHOM-M-PEETA-NAVY-XXL-ORSO,"PEETA (Navy, XXL, Orso Bianco)",PEETA,"Navy, XXL, Orso Bianco",NAVY,XXL
2000000004396,1-CHOM-M-PEETA-Stone-M-ORSO,"PEETA (Stone, M, Orso Bianco)",PEETA,"Stone, M, Orso Bianco",Stone,M
2000000004211,1-CHOM-M-PEETA-LGRY-S-ORSO,"PEETA (Light grey, S, Orso Bianco)",PEETA,"Light grey, S, Orso Bianco",LGRY,S
2000000020754,1-CAMP-M-00142-MGRN-L-PARK,"Orion 00142 (Military green, L, Parka)",Orion 00142,"Military green, L, Parka",MGRN,L
2000000020792,1-CAMP-M-00142-MGRN-S-PARK,"Orion 00142 (Military green, S, Parka)",Orion 00142,"Military green, S, Parka",MGRN,S
2000000020594,1-CAMP-M-00142-BEIG-S-PARK,"Orion 00142 (Beige, S, Parka)",Orion 00142,"Beige, S, Parka",BEIG,S
2000000020631,1-CAMP-M-00142-BEIG-XXL-PARK,"Orion 00142 (Beige, XXL, Parka)",Orion 00142,"Beige, XXL, Parka",BEIG,XXL
2000000020679,1-CAMP-M-00142-BLCK-M-PARK,"Orion 00142 (BLACK, M, Parka)",Orion 00142,"BLACK, M, Parka",BLCK,M
2000000020716,1-CAMP-M-00142-BLCK-XL-PARK,"Orion 00142 (BLACK, XL, Parka)",Orion 00142,"BLACK, XL, Parka",BLCK,XL
2000000004938,1-TRDB-M-0OSLO-UNIC-S-NOBR,Oslo 0OSLO (S),Oslo 0OSLO,S,UNIC,S
2000000007236,1-TRDB-M-OXFOR-UNIC-S-NOBR,Oxford OXFOR (S),Oxford OXFOR,S,UNIC,S
2000000004037,1-CHOM-M-PEETA-BLCK-XL-ORSO,"PEETA (BLACK, XL, Orso Bianco)",PEETA,"BLACK, XL, Orso Bianco",BLCK,XL
2000000004365,1-CHOM-M-PEETA-Stone-L-NOBR,"PEETA (Stone, L, no brand)",PEETA,"Stone, L, no brand",Stone,L
2000000004402,1-CHOM-M-PEETA-Stone-S-NOBR,"PEETA (Stone, S, no brand)",PEETA,"Stone, S, no brand",Stone,S
2000000004228,1-CHOM-M-PEETA-LGRY-XL-NOBR,"PEETA (Light grey, XL, no brand)",PEETA,"Light grey, XL, no brand",LGRY,XL
2000000020761,1-CAMP-M-00142-MGRN-M-NOBR,"Orion 00142 (Military green, M, nobrand)",Orion 00142,"Military green, M, nobrand",MGRN,M
2000000020808,1-CAMP-M-00142-MGRN-XL-NOBR,"Orion 00142 (Military green, XL, nobrand)",Orion 00142,"Military green, XL, nobrand",MGRN,XL
2000000020600,1-CAMP-M-00142-BEIG-XL-NOBR,"Orion 00142 (Beige, XL, nobrand)",Orion 00142,"Beige, XL, nobrand",BEIG,XL
2000000020648,1-CAMP-M-00142-BLCK-L-NOBR,"Orion 00142 (BLACK, L, nobrand)",Orion 00142,"BLACK, L, nobrand",BLCK,L
2000000020686,1-CAMP-M-00142-BLCK-S-NOBR,"Orion 00142 (BLACK, S, nobrand)",Orion 00142,"BLACK, S, nobrand",BLCK,S
2000000020723,1-CAMP-M-00142-BLCK-XXL-NOBR,"Orion 00142 (BLACK, XXL, nobrand)",Orion 00142,"BLACK, XXL, nobrand",BLCK,XXL
2000000004945,1-TRDB-M-0OSLO-UNIC-XL-NOBR,Oslo 0OSLO (XL),Oslo 0OSLO,XL,UNIC,XL
2000000007250,1-TRDB-M-OXFOR-UNIC-XXL-NOBR,Oxford OXFOR (XXL),Oxford OXFOR,XXL,UNIC,XXL
2000000004433,1-CHOM-M-PEETA-Stone-XL-ORSO,"PEETA (Stone, XL, Orso Bianco)",PEETA,"Stone, XL, Orso Bianco",Stone,XL
2000000004372,1-CHOM-M-PEETA-Stone-L-ORSO,"PEETA (Stone, L, Orso Bianco)",PEETA,"Stone, L, Orso Bianco",Stone,L
2000000004419,1-CHOM-M-PEETA-Stone-S-ORSO,"PEETA (Stone, S, Orso Bianco)",PEETA,"Stone, S, Orso Bianco",Stone,S
2000000004297,1-CHOM-M-PEETA-NAVY-M-ORSO,"PEETA (Navy, M, Orso Bianco)",PEETA,"Navy, M, Orso Bianco",NAVY,M
2000000004303,1-CHOM-M-PEETA-NAVY-S-NOBR,"PEETA (Navy, S, no brand)",PEETA,"Navy, S, no brand",NAVY,S
2000000004204,1-CHOM-M-PEETA-LGRY-S-NOBR,"PEETA (Light grey, S, no brand)",PEETA,"Light grey, S, no brand",LGRY,S
2000000004099,1-CHOM-M-PEETA-ECRU-M-ORSO,"PEETA (Ecru, M, Orso Bianco)",PEETA,"Ecru, M, Orso Bianco",ECRU,M
2000000004136,1-CHOM-M-PEETA-ECRU-XL-ORSO,"PEETA (Ecru, XL, Orso Bianco)",PEETA,"Ecru, XL, Orso Bianco",ECRU,XL
2000000004174,1-CHOM-M-PEETA-LGRY-L-ORSO,"PEETA (Light grey, L, Orso Bianco)",PEETA,"Light grey, L, Orso Bianco",LGRY,L
2000000004242,1-CHOM-M-PEETA-LGRY-XXL-NOBR,"PEETA (Light grey, XXL, no brand)",PEETA,"Light grey, XXL, no brand",LGRY,XXL
2000000004266,1-CHOM-M-PEETA-NAVY-L-NOBR,"PEETA (Navy, L, no brand)",PEETA,"Navy, L, no brand",NAVY,L
2000000004068,1-CHOM-M-PEETA-ECRU-L-NOBR,"PEETA (Ecru, L, no brand)",PEETA,"Ecru, L, no brand",ECRU,L
2000000003986,1-CHOM-M-PEETA-BLCK-M-NOBR,"PEETA (BLACK, M, no brand)",PEETA,"BLACK, M, no brand",BLCK,M
,CURVA-PEETA-BLCK-NOBR,PEETA BLACK — Curva 8u (1S/2M/2L/2XL/1XXL),PEETA BLACK — Curva 8u,1S/2M/2L/2XL/1XXL,,
2000000053318,2-BI-U-PEGAS-UNIC-S-0PRK-21V,PEGASUS (S),PEGASUS,S,UNIC,S
2000000004310,1-CHOM-M-PEETA-NAVY-S-ORSO,"PEETA (Navy, S, Orso Bianco)",PEETA,"Navy, S, Orso Bianco",NAVY,S
2000000004341,1-CHOM-M-PEETA-NAVY-XXL-NOBR,"PEETA (Navy, XXL, no brand)",PEETA,"Navy, XXL, no brand",NAVY,XXL
2000000004105,1-CHOM-M-PEETA-ECRU-S-NOBR,"PEETA (Ecru, S, no brand)",PEETA,"Ecru, S, no brand",ECRU,S
2000000004143,1-CHOM-M-PEETA-ECRU-XXL-NOBR,"PEETA (Ecru, XXL, no brand)",PEETA,"Ecru, XXL, no brand",ECRU,XXL
2000000004181,1-CHOM-M-PEETA-LGRY-M-NOBR,"PEETA (Light grey, M, no brand)",PEETA,"Light grey, M, no brand",LGRY,M
2000000004020,1-CHOM-M-PEETA-BLCK-XL-NOBR,"PEETA (BLACK, XL, no brand)",PEETA,"BLACK, XL, no brand",BLCK,XL
2000000004259,1-CHOM-M-PEETA-LGRY-XXL-ORSO,"PEETA (Light grey, XXL, Orso Bianco)",PEETA,"Light grey, XXL, Orso Bianco",LGRY,XXL
2000000004051,1-CHOM-M-PEETA-BLCK-XXL-ORSO,"PEETA (BLACK, XXL, Orso Bianco)",PEETA,"BLACK, XXL, Orso Bianco",BLCK,XXL
2000000003993,1-CHOM-M-PEETA-BLCK-M-ORSO,"PEETA (BLACK, M, Orso Bianco)",PEETA,"BLACK, M, Orso Bianco",BLCK,M
,CURVA-PEETA-NAVY-NOBR,PEETA NAVY — Curva 8u (1S/2M/2L/2XL/1XXL),PEETA NAVY — Curva 8u,1S/2M/2L/2XL/1XXL,,
2000000053301,2-BI-U-PEGAS-UNIC-M-0PRK-21V,PEGASUS (M),PEGASUS,M,UNIC,M
2000000044149,1-SWEA-M-01001-BLCK-M-NOBR,"PIVOT 01001 (BLACK, M)",PIVOT 01001,"BLACK, M",BLCK,M
2000000004327,1-CHOM-M-PEETA-NAVY-XL-NOBR,"PEETA (Navy, XL, no brand)",PEETA,"Navy, XL, no brand",NAVY,XL
2000000004075,1-CHOM-M-PEETA-ECRU-L-ORSO,"PEETA (Ecru, L, Orso Bianco)",PEETA,"Ecru, L, Orso Bianco",ECRU,L
2000000004112,1-CHOM-M-PEETA-ECRU-S-ORSO,"PEETA (Ecru, S, Orso Bianco)",PEETA,"Ecru, S, Orso Bianco",ECRU,S
2000000004150,1-CHOM-M-PEETA-ECRU-XXL-ORSO,"PEETA (Ecru, XXL, Orso Bianco)",PEETA,"Ecru, XXL, Orso Bianco",ECRU,XXL
2000000004198,1-CHOM-M-PEETA-LGRY-M-ORSO,"PEETA (Light grey, M, Orso Bianco)",PEETA,"Light grey, M, Orso Bianco",LGRY,M
2000000004280,1-CHOM-M-PEETA-NAVY-M-NOBR,"PEETA (Navy, M, no brand)",PEETA,"Navy, M, no brand",NAVY,M
2000000004457,1-CHOM-M-PEETA-Stone-XXL-ORSO,"PEETA (Stone, XXL, Orso Bianco)",PEETA,"Stone, XXL, Orso Bianco",Stone,XXL
2000000003962,1-CHOM-M-PEETA-BLCK-L-NOBR,"PEETA (BLACK, L, no brand)",PEETA,"BLACK, L, no brand",BLCK,L
2000000004006,1-CHOM-M-PEETA-BLCK-S-NOBR,"PEETA (BLACK, S, no brand)",PEETA,"BLACK, S, no brand",BLCK,S
,CURVA-PEETA-ECRU-NOBR,PEETA OFFWHITE — Curva 8u (1S/2M/2L/2XL/1XXL),PEETA OFFWHITE — Curva 8u,1S/2M/2L/2XL/1XXL,,
2000000055497,2-BI-U-PEGAS-UNIC-XL-0PRK-21V,PEGASUS (XL),PEGASUS,XL,UNIC,XL
2000000044156,1-SWEA-M-01001-BLCK-S-NOBR,"PIVOT 01001 (BLACK, S)",PIVOT 01001,"BLACK, S",BLCK,S
2000000004334,1-CHOM-M-PEETA-NAVY-XL-ORSO,"PEETA (Navy, XL, Orso Bianco)",PEETA,"Navy, XL, Orso Bianco",NAVY,XL
2000000004082,1-CHOM-M-PEETA-ECRU-M-NOBR,"PEETA (Ecru, M, no brand)",PEETA,"Ecru, M, no brand",ECRU,M
2000000004129,1-CHOM-M-PEETA-ECRU-XL-NOBR,"PEETA (Ecru, XL, no brand)",PEETA,"Ecru, XL, no brand",ECRU,XL
2000000004167,1-CHOM-M-PEETA-LGRY-L-NOBR,"PEETA (Light grey, L, no brand)",PEETA,"Light grey, L, no brand",LGRY,L
2000000004235,1-CHOM-M-PEETA-LGRY-XL-ORSO,"PEETA (Light grey, XL, Orso Bianco)",PEETA,"Light grey, XL, Orso Bianco",LGRY,XL
2000000004273,1-CHOM-M-PEETA-NAVY-L-ORSO,"PEETA (Navy, L, Orso Bianco)",PEETA,"Navy, L, Orso Bianco",NAVY,L
2000000004440,1-CHOM-M-PEETA-Stone-XXL-NOBR,"PEETA (Stone, XXL, no brand)",PEETA,"Stone, XXL, no brand",Stone,XXL
2000000003979,1-CHOM-M-PEETA-BLCK-L-ORSO,"PEETA (BLACK, L, Orso Bianco)",PEETA,"BLACK, L, Orso Bianco",BLCK,L
2000000004013,1-CHOM-M-PEETA-BLCK-S-ORSO,"PEETA (BLACK, S, Orso Bianco)",PEETA,"BLACK, S, Orso Bianco",BLCK,S
2000000053295,2-BI-U-PEGAS-UNIC-L-0PRK-21V,PEGASUS (L),PEGASUS,L,UNIC,L
2000000044163,1-SWEA-M-01001-BLCK-XL-NOBR,"PIVOT 01001 (BLACK, XL)",PIVOT 01001,"BLACK, XL",BLCK,XL
2000000044170,1-SWEA-M-01001-BLCK-XXL-NOBR,"PIVOT 01001 (BLACK, XXL)",PIVOT 01001,"BLACK, XXL",BLCK,XXL
2000000044224,1-SWEA-M-01001-BRWN-XXL-NOBR,"PIVOT 01001 (Brown, XXL)",PIVOT 01001,"Brown, XXL",BRWN,XXL
2000000044255,1-SWEA-M-01002-BLCK-S-NOBR,"PIVOT 01002 (BLACK, S)",PIVOT 01002,"BLACK, S",BLCK,S
2000000044293,1-SWEA-M-01002-NAVY-M-NOBR,"PIVOT 01002 (Navy, M)",PIVOT 01002,"Navy, M",NAVY,M
2000000044231,1-SWEA-M-01002-BLCK-L-NOBR,"PIVOT 01002 (BLACK, L)",PIVOT 01002,"BLACK, L",BLCK,L
2000000044699,1-SWEA-M-01003-OFWH-XL-NOBR,"PIVOT 01003 (Off white, XL, nobrand)",PIVOT 01003,"Off white, XL, nobrand",OFWH,XL
2000000044644,1-SWEA-M-01003-OFWH-L-PARK,"PIVOT 01003 (Off white, L, Parka)",PIVOT 01003,"Off white, L, Parka",OFWH,L
2000000044606,1-SWEA-M-01003-GREY-XL-PARK,"PIVOT 01003 (grey, XL, Parka)",PIVOT 01003,"grey, XL, Parka",GREY,XL
2000000044569,1-SWEA-M-01003-GREY-M-PARK,"PIVOT 01003 (grey, M, Parka)",PIVOT 01003,"grey, M, Parka",GREY,M
2000000044521,1-SWEA-M-01003-BRWN-XXL-PARK,"PIVOT 01003 (Brown, XXL, Parka)",PIVOT 01003,"Brown, XXL, Parka",BRWN,XXL
2000000044484,1-SWEA-M-01003-BRWN-S-PARK,"PIVOT 01003 (Brown, S, Parka)",PIVOT 01003,"Brown, S, Parka",BRWN,S
2000000044446,1-SWEA-M-01003-BRWN-L-PARK,"PIVOT 01003 (Brown, L, Parka)",PIVOT 01003,"Brown, L, Parka",BRWN,L
2000000044187,1-SWEA-M-01001-BRWN-L-NOBR,"PIVOT 01001 (Brown, L)",PIVOT 01001,"Brown, L",BRWN,L
2000000044132,1-SWEA-M-01001-BLCK-L-NOBR,"PIVOT 01001 (BLACK, L)",PIVOT 01001,"BLACK, L",BLCK,L
2000000044262,1-SWEA-M-01002-BLCK-XL-NOBR,"PIVOT 01002 (BLACK, XL)",PIVOT 01002,"BLACK, XL",BLCK,XL
2000000044309,1-SWEA-M-01002-NAVY-S-NOBR,"PIVOT 01002 (Navy, S)",PIVOT 01002,"Navy, S",NAVY,S
2000000044729,1-SWEA-M-01003-OFWH-XXL-PARK,"PIVOT 01003 (Off white, XXL, Parka)",PIVOT 01003,"Off white, XXL, Parka",OFWH,XXL
2000000044675,1-SWEA-M-01003-OFWH-S-NOBR,"PIVOT 01003 (Off white, S, nobrand)",PIVOT 01003,"Off white, S, nobrand",OFWH,S
2000000044637,1-SWEA-M-01003-OFWH-L-NOBR,"PIVOT 01003 (Off white, L, nobrand)",PIVOT 01003,"Off white, L, nobrand",OFWH,L
2000000044590,1-SWEA-M-01003-GREY-XL-NOBR,"PIVOT 01003 (grey, XL, nobrand)",PIVOT 01003,"grey, XL, nobrand",GREY,XL
2000000044552,1-SWEA-M-01003-GREY-M-NOBR,"PIVOT 01003 (grey, M, nobrand)",PIVOT 01003,"grey, M, nobrand",GREY,M
2000000044514,1-SWEA-M-01003-BRWN-XXL-NOBR,"PIVOT 01003 (Brown, XXL, nobrand)",PIVOT 01003,"Brown, XXL, nobrand",BRWN,XXL
2000000044477,1-SWEA-M-01003-BRWN-S-NOBR,"PIVOT 01003 (Brown, S, nobrand)",PIVOT 01003,"Brown, S, nobrand",BRWN,S
2000000044439,1-SWEA-M-01003-BRWN-L-NOBR,"PIVOT 01003 (Brown, L, nobrand)",PIVOT 01003,"Brown, L, nobrand",BRWN,L
2000000044194,1-SWEA-M-01001-BRWN-M-NOBR,"PIVOT 01001 (Brown, M)",PIVOT 01001,"Brown, M",BRWN,M
2000000044217,1-SWEA-M-01001-BRWN-XL-NOBR,"PIVOT 01001 (Brown, XL)",PIVOT 01001,"Brown, XL",BRWN,XL
2000000044279,1-SWEA-M-01002-BLCK-XXL-NOBR,"PIVOT 01002 (BLACK, XXL)",PIVOT 01002,"BLACK, XXL",BLCK,XXL
2000000044316,1-SWEA-M-01002-NAVY-XL-NOBR,"PIVOT 01002 (Navy, XL)",PIVOT 01002,"Navy, XL",NAVY,XL
2000000044712,1-SWEA-M-01003-OFWH-XXL-NOBR,"PIVOT 01003 (Off white, XXL, nobrand)",PIVOT 01003,"Off white, XXL, nobrand",OFWH,XXL
2000000044668,1-SWEA-M-01003-OFWH-M-PARK,"PIVOT 01003 (Off white, M, Parka)",PIVOT 01003,"Off white, M, Parka",OFWH,M
2000000044620,1-SWEA-M-01003-GREY-XXL-PARK,"PIVOT 01003 (grey, XXL, Parka)",PIVOT 01003,"grey, XXL, Parka",GREY,XXL
2000000044583,1-SWEA-M-01003-GREY-S-PARK,"PIVOT 01003 (grey, S, Parka)",PIVOT 01003,"grey, S, Parka",GREY,S
2000000044545,1-SWEA-M-01003-GREY-L-PARK,"PIVOT 01003 (grey, L, Parka)",PIVOT 01003,"grey, L, Parka",GREY,L
2000000044507,1-SWEA-M-01003-BRWN-XL-PARK,"PIVOT 01003 (Brown, XL, Parka)",PIVOT 01003,"Brown, XL, Parka",BRWN,XL
2000000044460,1-SWEA-M-01003-BRWN-M-PARK,"PIVOT 01003 (Brown, M, Parka)",PIVOT 01003,"Brown, M, Parka",BRWN,M
2000000044422,1-SWEA-M-01003-BLCK-XXL-PARK,"PIVOT 01003 (BLACK, XXL, Parka)",PIVOT 01003,"BLACK, XXL, Parka",BLCK,XXL
2000000044200,1-SWEA-M-01001-BRWN-S-NOBR,"PIVOT 01001 (Brown, S)",PIVOT 01001,"Brown, S",BRWN,S
2000000044248,1-SWEA-M-01002-BLCK-M-NOBR,"PIVOT 01002 (BLACK, M)",PIVOT 01002,"BLACK, M",BLCK,M
2000000044286,1-SWEA-M-01002-NAVY-L-NOBR,"PIVOT 01002 (Navy, L)",PIVOT 01002,"Navy, L",NAVY,L
2000000044323,1-SWEA-M-01002-NAVY-XXL-NOBR,"PIVOT 01002 (Navy, XXL)",PIVOT 01002,"Navy, XXL",NAVY,XXL
2000000044705,1-SWEA-M-01003-OFWH-XL-PARK,"PIVOT 01003 (Off white, XL, Parka)",PIVOT 01003,"Off white, XL, Parka",OFWH,XL
2000000044651,1-SWEA-M-01003-OFWH-M-NOBR,"PIVOT 01003 (Off white, M, nobrand)",PIVOT 01003,"Off white, M, nobrand",OFWH,M
2000000044613,1-SWEA-M-01003-GREY-XXL-NOBR,"PIVOT 01003 (grey, XXL, nobrand)",PIVOT 01003,"grey, XXL, nobrand",GREY,XXL
2000000044576,1-SWEA-M-01003-GREY-S-NOBR,"PIVOT 01003 (grey, S, nobrand)",PIVOT 01003,"grey, S, nobrand",GREY,S
2000000044538,1-SWEA-M-01003-GREY-L-NOBR,"PIVOT 01003 (grey, L, nobrand)",PIVOT 01003,"grey, L, nobrand",GREY,L
2000000044491,1-SWEA-M-01003-BRWN-XL-NOBR,"PIVOT 01003 (Brown, XL, nobrand)",PIVOT 01003,"Brown, XL, nobrand",BRWN,XL
2000000044453,1-SWEA-M-01003-BRWN-M-NOBR,"PIVOT 01003 (Brown, M, nobrand)",PIVOT 01003,"Brown, M, nobrand",BRWN,M
2000000044415,1-SWEA-M-01003-BLCK-XXL-NOBR,"PIVOT 01003 (BLACK, XXL, nobrand)",PIVOT 01003,"BLACK, XXL, nobrand",BLCK,XXL
2000000044408,1-SWEA-M-01003-BLCK-XL-PARK,"PIVOT 01003 (BLACK, XL, Parka)",PIVOT 01003,"BLACK, XL, Parka",BLCK,XL
2000000044361,1-SWEA-M-01003-BLCK-M-PARK,"PIVOT 01003 (BLACK, M, Parka)",PIVOT 01003,"BLACK, M, Parka",BLCK,M
2000000044682,1-SWEA-M-01003-OFWH-S-PARK,"PIVOT 01003 (Off white, S, Parka)",PIVOT 01003,"Off white, S, Parka",OFWH,S
2000000044767,1-SWEA-M-01004-BLCK-XL-NOBR,PIVOT 01004 (XL),PIVOT 01004,XL,BLCK,XL
2000000044996,1-SWEA-M-01006-NAVY-M-NOBR,"PIVOT 01006 (Navy, M)",PIVOT 01006,"Navy, M",NAVY,M
2000000044958,1-SWEA-M-01006-GREY-S-NOBR,"PIVOT 01006 (grey, S)",PIVOT 01006,"grey, S",GREY,S
2000000044910,1-SWEA-M-01006-BRWN-XL-NOBR,"PIVOT 01006 (Brown, XL)",PIVOT 01006,"Brown, XL",BRWN,XL
2000000044873,1-SWEA-M-01006-BLCK-XXL-NOBR,"PIVOT 01006 (BLACK, XXL)",PIVOT 01006,"BLACK, XXL",BLCK,XXL
2000000044835,1-SWEA-M-01006-BLCK-L-NOBR,"PIVOT 01006 (BLACK, L)",PIVOT 01006,"BLACK, L",BLCK,L
2000000044798,1-SWEA-M-01006-BEIG-M-NOBR,"PIVOT 01006 (Beige, M)",PIVOT 01006,"Beige, M",BEIG,M
2000000045047,1-SWEA-M-01006-SKYB-M-NOBR,"PIVOT 01006 (Sky blue, M)",PIVOT 01006,"Sky blue, M",SKYB,M
2000000045160,1-SWEA-M-01007-SKYB-XL-NOBR,"PIVOT 01007 (Sky blue, XL)",PIVOT 01007,"Sky blue, XL",SKYB,XL
2000000044392,1-SWEA-M-01003-BLCK-XL-NOBR,"PIVOT 01003 (BLACK, XL, nobrand)",PIVOT 01003,"BLACK, XL, nobrand",BLCK,XL
2000000044354,1-SWEA-M-01003-BLCK-M-NOBR,"PIVOT 01003 (BLACK, M, nobrand)",PIVOT 01003,"BLACK, M, nobrand",BLCK,M
2000000044743,1-SWEA-M-01004-BLCK-M-NOBR,PIVOT 01004 (M),PIVOT 01004,M,BLCK,M
2000000044774,1-SWEA-M-01004-BLCK-XXL-NOBR,PIVOT 01004 (XXL),PIVOT 01004,XXL,BLCK,XXL
2000000044989,1-SWEA-M-01006-NAVY-L-NOBR,"PIVOT 01006 (Navy, L)",PIVOT 01006,"Navy, L",NAVY,L
2000000044941,1-SWEA-M-01006-GREY-M-NOBR,"PIVOT 01006 (grey, M)",PIVOT 01006,"grey, M",GREY,M
2000000044903,1-SWEA-M-01006-BRWN-S-NOBR,"PIVOT 01006 (Brown, S)",PIVOT 01006,"Brown, S",BRWN,S
2000000044866,1-SWEA-M-01006-BLCK-XL-NOBR,"PIVOT 01006 (BLACK, XL)",PIVOT 01006,"BLACK, XL",BLCK,XL
2000000044828,1-SWEA-M-01006-BEIG-XXL-NOBR,"PIVOT 01006 (Beige, XXL)",PIVOT 01006,"Beige, XXL",BEIG,XXL
2000000044781,1-SWEA-M-01006-BEIG-L-NOBR,"PIVOT 01006 (Beige, L)",PIVOT 01006,"Beige, L",BEIG,L
2000000045030,1-SWEA-M-01006-SKYB-L-NOBR,"PIVOT 01006 (Sky blue, L)",PIVOT 01006,"Sky blue, L",SKYB,L
2000000045177,1-SWEA-M-01007-SKYB-XXL-NOBR,"PIVOT 01007 (Sky blue, XXL)",PIVOT 01007,"Sky blue, XXL",SKYB,XXL
2000000044385,1-SWEA-M-01003-BLCK-S-PARK,"PIVOT 01003 (BLACK, S, Parka)",PIVOT 01003,"BLACK, S, Parka",BLCK,S
2000000044347,1-SWEA-M-01003-BLCK-L-PARK,"PIVOT 01003 (BLACK, L, Parka)",PIVOT 01003,"BLACK, L, Parka",BLCK,L
2000000044750,1-SWEA-M-01004-BLCK-S-NOBR,PIVOT 01004 (S),PIVOT 01004,S,BLCK,S
2000000045016,1-SWEA-M-01006-NAVY-XL-NOBR,"PIVOT 01006 (Navy, XL)",PIVOT 01006,"Navy, XL",NAVY,XL
2000000044972,1-SWEA-M-01006-GREY-XXL-NOBR,"PIVOT 01006 (grey, XXL)",PIVOT 01006,"grey, XXL",GREY,XXL
2000000044934,1-SWEA-M-01006-GREY-L-NOBR,"PIVOT 01006 (grey, L)",PIVOT 01006,"grey, L",GREY,L
2000000044897,1-SWEA-M-01006-BRWN-M-NOBR,"PIVOT 01006 (Brown, M)",PIVOT 01006,"Brown, M",BRWN,M
2000000044859,1-SWEA-M-01006-BLCK-S-NOBR,"PIVOT 01006 (BLACK, S)",PIVOT 01006,"BLACK, S",BLCK,S
2000000044811,1-SWEA-M-01006-BEIG-XL-NOBR,"PIVOT 01006 (Beige, XL)",PIVOT 01006,"Beige, XL",BEIG,XL
2000000045061,1-SWEA-M-01006-SKYB-XL-NOBR,"PIVOT 01006 (Sky blue, XL)",PIVOT 01006,"Sky blue, XL",SKYB,XL
2000000045023,1-SWEA-M-01006-NAVY-XXL-NOBR,"PIVOT 01006 (Navy, XXL)",PIVOT 01006,"Navy, XXL",NAVY,XXL
2000000045092,1-SWEA-M-01007-BRWN-M-NOBR,"PIVOT 01007 (Brown, M)",PIVOT 01007,"Brown, M",BRWN,M
2000000044378,1-SWEA-M-01003-BLCK-S-NOBR,"PIVOT 01003 (BLACK, S, nobrand)",PIVOT 01003,"BLACK, S, nobrand",BLCK,S
2000000044330,1-SWEA-M-01003-BLCK-L-NOBR,"PIVOT 01003 (BLACK, L, nobrand)",PIVOT 01003,"BLACK, L, nobrand",BLCK,L
2000000044736,1-SWEA-M-01004-BLCK-L-NOBR,PIVOT 01004 (L),PIVOT 01004,L,BLCK,L
2000000045009,1-SWEA-M-01006-NAVY-S-NOBR,"PIVOT 01006 (Navy, S)",PIVOT 01006,"Navy, S",NAVY,S
2000000044965,1-SWEA-M-01006-GREY-XL-NOBR,"PIVOT 01006 (grey, XL)",PIVOT 01006,"grey, XL",GREY,XL
2000000044927,1-SWEA-M-01006-BRWN-XXL-NOBR,"PIVOT 01006 (Brown, XXL)",PIVOT 01006,"Brown, XXL",BRWN,XXL
2000000044880,1-SWEA-M-01006-BRWN-L-NOBR,"PIVOT 01006 (Brown, L)",PIVOT 01006,"Brown, L",BRWN,L
2000000044842,1-SWEA-M-01006-BLCK-M-NOBR,"PIVOT 01006 (BLACK, M)",PIVOT 01006,"BLACK, M",BLCK,M
2000000044804,1-SWEA-M-01006-BEIG-S-NOBR,"PIVOT 01006 (Beige, S)",PIVOT 01006,"Beige, S",BEIG,S
2000000045054,1-SWEA-M-01006-SKYB-S-NOBR,"PIVOT 01006 (Sky blue, S)",PIVOT 01006,"Sky blue, S",SKYB,S
2000000045078,1-SWEA-M-01006-SKYB-XXL-NOBR,"PIVOT 01006 (Sky blue, XXL)",PIVOT 01006,"Sky blue, XXL",SKYB,XXL
2000000045146,1-SWEA-M-01007-SKYB-M-NOBR,"PIVOT 01007 (Sky blue, M)",PIVOT 01007,"Sky blue, M",SKYB,M
2000000045139,1-SWEA-M-01007-SKYB-L-NOBR,"PIVOT 01007 (Sky blue, L)",PIVOT 01007,"Sky blue, L",SKYB,L
2000000045108,1-SWEA-M-01007-BRWN-S-NOBR,"PIVOT 01007 (Brown, S)",PIVOT 01007,"Brown, S",BRWN,S
2000000045207,1-SWEA-M-01008-BEIG-S-NOBR,"PIVOT 01008 (Beige, S)",PIVOT 01008,"Beige, S",BEIG,S
2000000045252,1-SWEA-M-01008-GREY-S-NOBR,"PIVOT 01008 (grey, S)",PIVOT 01008,"grey, S",GREY,S
2000000026046,1-CAMP-M-01197-BLCK-S-PARK,"PIVOT 01197 (S, Parka)",PIVOT 01197,"S, Parka",BLCK,S
2000000026039,1-CAMP-M-01197-BLCK-S-NOBR,"PIVOT 01197 (S, nobrand)",PIVOT 01197,"S, nobrand",BLCK,S
2000000026084,1-CAMP-M-01197-BLCK-XXL-PARK,"PIVOT 01197 (XXL, Parka)",PIVOT 01197,"XXL, Parka",BLCK,XXL
2000000042992,1-PANT-M-24010-MGRN-XL-NOBR,"PIVOT 24010 (Military green, XL)",PIVOT 24010,"Military green, XL",MGRN,XL
2000000042930,1-PANT-M-24010-BLCK-S-NOBR,"PIVOT 24010 (BLACK, S)",PIVOT 24010,"BLACK, S",BLCK,S
2000000027401,1-CAMP-M-BENTO-BLCK-XXL-PARK,"PIVOT MJBENTON (XXL, Parka)",PIVOT MJBENTON,"XXL, Parka",BLCK,XXL
2000000027357,1-CAMP-M-BENTO-BLCK-S-NOBR,"PIVOT MJBENTON (S, nobrand)",PIVOT MJBENTON,"S, nobrand",BLCK,S
2000000027319,1-CAMP-M-BENTO-BLCK-L-NOBR,"PIVOT MJBENTON (L, nobrand)",PIVOT MJBENTON,"L, nobrand",BLCK,L
2000000045122,1-SWEA-M-01007-BRWN-XXL-NOBR,"PIVOT 01007 (Brown, XXL)",PIVOT 01007,"Brown, XXL",BRWN,XXL
2000000045153,1-SWEA-M-01007-SKYB-S-NOBR,"PIVOT 01007 (Sky blue, S)",PIVOT 01007,"Sky blue, S",SKYB,S
2000000045221,1-SWEA-M-01008-BEIG-XXL-NOBR,"PIVOT 01008 (Beige, XXL)",PIVOT 01008,"Beige, XXL",BEIG,XXL
2000000045269,1-SWEA-M-01008-GREY-XL-NOBR,"PIVOT 01008 (grey, XL)",PIVOT 01008,"grey, XL",GREY,XL
2000000026008,1-CAMP-M-01197-BLCK-L-PARK,"PIVOT 01197 (L, Parka)",PIVOT 01197,"L, Parka",BLCK,L
2000000026053,1-CAMP-M-01197-BLCK-XL-NOBR,"PIVOT 01197 (XL, nobrand)",PIVOT 01197,"XL, nobrand",BLCK,XL
2000000025995,1-CAMP-M-01197-BLCK-L-NOBR,"PIVOT 01197 (L, nobrand)",PIVOT 01197,"L, nobrand",BLCK,L
2000000043005,1-PANT-M-24010-MGRN-XXL-NOBR,"PIVOT 24010 (Military green, XXL)",PIVOT 24010,"Military green, XXL",MGRN,XXL
2000000042947,1-PANT-M-24010-BLCK-XL-NOBR,"PIVOT 24010 (BLACK, XL)",PIVOT 24010,"BLACK, XL",BLCK,XL
2000000027395,1-CAMP-M-BENTO-BLCK-XXL-NOBR,"PIVOT MJBENTON (XXL, nobrand)",PIVOT MJBENTON,"XXL, nobrand",BLCK,XXL
2000000027340,1-CAMP-M-BENTO-BLCK-M-PARK,"PIVOT MJBENTON (M, Parka)",PIVOT MJBENTON,"M, Parka",BLCK,M
2000000027388,1-CAMP-M-BENTO-BLCK-XL-PARK,"PIVOT MJBENTON (XL, Parka)",PIVOT MJBENTON,"XL, Parka",BLCK,XL
2000000045115,1-SWEA-M-01007-BRWN-XL-NOBR,"PIVOT 01007 (Brown, XL)",PIVOT 01007,"Brown, XL",BRWN,XL
2000000045184,1-SWEA-M-01008-BEIG-L-NOBR,"PIVOT 01008 (Beige, L)",PIVOT 01008,"Beige, L",BEIG,L
2000000045238,1-SWEA-M-01008-GREY-L-NOBR,"PIVOT 01008 (grey, L)",PIVOT 01008,"grey, L",GREY,L
2000000045276,1-SWEA-M-01008-GREY-XXL-NOBR,"PIVOT 01008 (grey, XXL)",PIVOT 01008,"grey, XXL",GREY,XXL
2000000026015,1-CAMP-M-01197-BLCK-M-NOBR,"PIVOT 01197 (M, nobrand)",PIVOT 01197,"M, nobrand",BLCK,M
2000000026060,1-CAMP-M-01197-BLCK-XL-PARK,"PIVOT 01197 (XL, Parka)",PIVOT 01197,"XL, Parka",BLCK,XL
2000000042978,1-PANT-M-24010-MGRN-M-NOBR,"PIVOT 24010 (Military green, M)",PIVOT 24010,"Military green, M",MGRN,M
2000000042916,1-PANT-M-24010-BLCK-L-NOBR,"PIVOT 24010 (BLACK, L)",PIVOT 24010,"BLACK, L",BLCK,L
2000000042954,1-PANT-M-24010-BLCK-XXL-NOBR,"PIVOT 24010 (BLACK, XXL)",PIVOT 24010,"BLACK, XXL",BLCK,XXL
2000000027371,1-CAMP-M-BENTO-BLCK-XL-NOBR,"PIVOT MJBENTON (XL, nobrand)",PIVOT MJBENTON,"XL, nobrand",BLCK,XL
2000000027333,1-CAMP-M-BENTO-BLCK-M-NOBR,"PIVOT MJBENTON (M, nobrand)",PIVOT MJBENTON,"M, nobrand",BLCK,M
2000000027432,1-CAMP-M-CRICH-BEIG-M-NOBR,"PIVOT MJCRICH (Beige, M, nobrand)",PIVOT MJCRICH,"Beige, M, nobrand",BEIG,M
2000000045085,1-SWEA-M-01007-BRWN-L-NOBR,"PIVOT 01007 (Brown, L)",PIVOT 01007,"Brown, L",BRWN,L
2000000045191,1-SWEA-M-01008-BEIG-M-NOBR,"PIVOT 01008 (Beige, M)",PIVOT 01008,"Beige, M",BEIG,M
2000000045245,1-SWEA-M-01008-GREY-M-NOBR,"PIVOT 01008 (grey, M)",PIVOT 01008,"grey, M",GREY,M
2000000045214,1-SWEA-M-01008-BEIG-XL-NOBR,"PIVOT 01008 (Beige, XL)",PIVOT 01008,"Beige, XL",BEIG,XL
2000000026022,1-CAMP-M-01197-BLCK-M-PARK,"PIVOT 01197 (M, Parka)",PIVOT 01197,"M, Parka",BLCK,M
2000000026077,1-CAMP-M-01197-BLCK-XXL-NOBR,"PIVOT 01197 (XXL, nobrand)",PIVOT 01197,"XXL, nobrand",BLCK,XXL
2000000042985,1-PANT-M-24010-MGRN-S-NOBR,"PIVOT 24010 (Military green, S)",PIVOT 24010,"Military green, S",MGRN,S
2000000042923,1-PANT-M-24010-BLCK-M-NOBR,"PIVOT 24010 (BLACK, M)",PIVOT 24010,"BLACK, M",BLCK,M
2000000042961,1-PANT-M-24010-MGRN-L-NOBR,"PIVOT 24010 (Military green, L)",PIVOT 24010,"Military green, L",MGRN,L
2000000027364,1-CAMP-M-BENTO-BLCK-S-PARK,"PIVOT MJBENTON (S, Parka)",PIVOT MJBENTON,"S, Parka",BLCK,S
2000000027326,1-CAMP-M-BENTO-BLCK-L-PARK,"PIVOT MJBENTON (L, Parka)",PIVOT MJBENTON,"L, Parka",BLCK,L
2000000027425,1-CAMP-M-CRICH-BEIG-L-PARK,"PIVOT MJCRICH (Beige, L, Parka)",PIVOT MJCRICH,"Beige, L, Parka",BEIG,L
2000000027418,1-CAMP-M-CRICH-BEIG-L-NOBR,"PIVOT MJCRICH (Beige, L, nobrand)",PIVOT MJCRICH,"Beige, L, nobrand",BEIG,L
2000000027579,1-CAMP-M-CRICH-BLCK-XL-NOBR,"PIVOT MJCRICH (BLACK, XL, nobrand)",PIVOT MJCRICH,"BLACK, XL, nobrand",BLCK,XL
2000000027548,1-CAMP-M-CRICH-BLCK-M-PARK,"PIVOT MJCRICH (BLACK, M, Parka)",PIVOT MJCRICH,"BLACK, M, Parka",BLCK,M
2000000027494,1-CAMP-M-CRICH-BEIG-XXL-NOBR,"PIVOT MJCRICH (Beige, XXL, nobrand)",PIVOT MJCRICH,"Beige, XXL, nobrand",BEIG,XXL
2000000027456,1-CAMP-M-CRICH-BEIG-S-NOBR,"PIVOT MJCRICH (Beige, S, nobrand)",PIVOT MJCRICH,"Beige, S, nobrand",BEIG,S
2000000027616,1-CAMP-M-TRENT-BLCK-L-NOBR,"PIVOT MJTRENT (L, nobrand)",PIVOT MJTRENT,"L, nobrand",BLCK,L
2000000027708,1-CAMP-M-TRENT-BLCK-XXL-PARK,"PIVOT MJTRENT (XXL, Parka)",PIVOT MJTRENT,"XXL, Parka",BLCK,XXL
2000000029054,1-CAMP-M-PUFCO-GREY-M-PARK,"PUFCOMBI (grey, M, Parka)",PUFCOMBI,"grey, M, Parka",GREY,M
2000000028521,1-CAMP-M-PUFCO-BLCK-M-BRIG,"PUFCOMBI (BLACK, M, Briganti)",PUFCOMBI,"BLACK, M, Briganti",BLCK,M
2000000028569,1-CAMP-M-PUFCO-BLCK-S-AIRB,"PUFCOMBI (BLACK, S, Airborn)",PUFCOMBI,"BLACK, S, Airborn",BLCK,S
2000000028606,1-CAMP-M-PUFCO-BLCK-S-PARK,"PUFCOMBI (BLACK, S, Parka)",PUFCOMBI,"BLACK, S, Parka",BLCK,S
2000000028644,1-CAMP-M-PUFCO-BLCK-XL-NOBR,"PUFCOMBI (BLACK, XL, nobrand)",PUFCOMBI,"BLACK, XL, nobrand",BLCK,XL
2000000027609,1-CAMP-M-CRICH-BLCK-XXL-PARK,"PIVOT MJCRICH (BLACK, XXL, Parka)",PIVOT MJCRICH,"BLACK, XXL, Parka",BLCK,XXL
2000000027562,1-CAMP-M-CRICH-BLCK-S-PARK,"PIVOT MJCRICH (BLACK, S, Parka)",PIVOT MJCRICH,"BLACK, S, Parka",BLCK,S
2000000027524,1-CAMP-M-CRICH-BLCK-L-PARK,"PIVOT MJCRICH (BLACK, L, Parka)",PIVOT MJCRICH,"BLACK, L, Parka",BLCK,L
2000000027487,1-CAMP-M-CRICH-BEIG-XL-PARK,"PIVOT MJCRICH (Beige, XL, Parka)",PIVOT MJCRICH,"Beige, XL, Parka",BEIG,XL
2000000027449,1-CAMP-M-CRICH-BEIG-M-PARK,"PIVOT MJCRICH (Beige, M, Parka)",PIVOT MJCRICH,"Beige, M, Parka",BEIG,M
2000000027685,1-CAMP-M-TRENT-BLCK-XL-PARK,"PIVOT MJTRENT (XL, Parka)",PIVOT MJTRENT,"XL, Parka",BLCK,XL
2000000027654,1-CAMP-M-TRENT-BLCK-S-NOBR,"PIVOT MJTRENT (S, nobrand)",PIVOT MJTRENT,"S, nobrand",BLCK,S
2000000029047,1-CAMP-M-PUFCO-GREY-M-NOBR,"PUFCOMBI (grey, M, nobrand)",PUFCOMBI,"grey, M, nobrand",GREY,M
2000000028538,1-CAMP-M-PUFCO-BLCK-M-DAIL,"PUFCOMBI (BLACK, M, Daily)",PUFCOMBI,"BLACK, M, Daily",BLCK,M
2000000028576,1-CAMP-M-PUFCO-BLCK-S-BRIG,"PUFCOMBI (BLACK, S, Briganti)",PUFCOMBI,"BLACK, S, Briganti",BLCK,S
2000000028613,1-CAMP-M-PUFCO-BLCK-XL-AIRB,"PUFCOMBI (BLACK, XL, Airborn)",PUFCOMBI,"BLACK, XL, Airborn",BLCK,XL
2000000028651,1-CAMP-M-PUFCO-BLCK-XL-PARK,"PUFCOMBI (BLACK, XL, Parka)",PUFCOMBI,"BLACK, XL, Parka",BLCK,XL
2000000027593,1-CAMP-M-CRICH-BLCK-XXL-NOBR,"PIVOT MJCRICH (BLACK, XXL, nobrand)",PIVOT MJCRICH,"BLACK, XXL, nobrand",BLCK,XXL
2000000027555,1-CAMP-M-CRICH-BLCK-S-NOBR,"PIVOT MJCRICH (BLACK, S, nobrand)",PIVOT MJCRICH,"BLACK, S, nobrand",BLCK,S
2000000027517,1-CAMP-M-CRICH-BLCK-L-NOBR,"PIVOT MJCRICH (BLACK, L, nobrand)",PIVOT MJCRICH,"BLACK, L, nobrand",BLCK,L
2000000027470,1-CAMP-M-CRICH-BEIG-XL-NOBR,"PIVOT MJCRICH (Beige, XL, nobrand)",PIVOT MJCRICH,"Beige, XL, nobrand",BEIG,XL
2000000027630,1-CAMP-M-TRENT-BLCK-M-NOBR,"PIVOT MJTRENT (M, nobrand)",PIVOT MJTRENT,"M, nobrand",BLCK,M
2000000027692,1-CAMP-M-TRENT-BLCK-XXL-NOBR,"PIVOT MJTRENT (XXL, nobrand)",PIVOT MJTRENT,"XXL, nobrand",BLCK,XXL
2000000027661,1-CAMP-M-TRENT-BLCK-S-PARK,"PIVOT MJTRENT (S, Parka)",PIVOT MJTRENT,"S, Parka",BLCK,S
2000000029030,1-CAMP-M-PUFCO-GREY-M-DAIL,"PUFCOMBI (grey, M, Daily)",PUFCOMBI,"grey, M, Daily",GREY,M
2000000028545,1-CAMP-M-PUFCO-BLCK-M-NOBR,"PUFCOMBI (BLACK, M, nobrand)",PUFCOMBI,"BLACK, M, nobrand",BLCK,M
2000000028583,1-CAMP-M-PUFCO-BLCK-S-DAIL,"PUFCOMBI (BLACK, S, Daily)",PUFCOMBI,"BLACK, S, Daily",BLCK,S
2000000028620,1-CAMP-M-PUFCO-BLCK-XL-BRIG,"PUFCOMBI (BLACK, XL, Briganti)",PUFCOMBI,"BLACK, XL, Briganti",BLCK,XL
2000000028668,1-CAMP-M-PUFCO-BLCK-XXL-AIRB,"PUFCOMBI (BLACK, XXL, Airborn)",PUFCOMBI,"BLACK, XXL, Airborn",BLCK,XXL
2000000027586,1-CAMP-M-CRICH-BLCK-XL-PARK,"PIVOT MJCRICH (BLACK, XL, Parka)",PIVOT MJCRICH,"BLACK, XL, Parka",BLCK,XL
2000000027531,1-CAMP-M-CRICH-BLCK-M-NOBR,"PIVOT MJCRICH (BLACK, M, nobrand)",PIVOT MJCRICH,"BLACK, M, nobrand",BLCK,M
2000000027500,1-CAMP-M-CRICH-BEIG-XXL-PARK,"PIVOT MJCRICH (Beige, XXL, Parka)",PIVOT MJCRICH,"Beige, XXL, Parka",BEIG,XXL
2000000027463,1-CAMP-M-CRICH-BEIG-S-PARK,"PIVOT MJCRICH (Beige, S, Parka)",PIVOT MJCRICH,"Beige, S, Parka",BEIG,S
2000000027623,1-CAMP-M-TRENT-BLCK-L-PARK,"PIVOT MJTRENT (L, Parka)",PIVOT MJTRENT,"L, Parka",BLCK,L
2000000027647,1-CAMP-M-TRENT-BLCK-M-PARK,"PIVOT MJTRENT (M, Parka)",PIVOT MJTRENT,"M, Parka",BLCK,M
2000000027678,1-CAMP-M-TRENT-BLCK-XL-NOBR,"PIVOT MJTRENT (XL, nobrand)",PIVOT MJTRENT,"XL, nobrand",BLCK,XL
2000000028514,1-CAMP-M-PUFCO-BLCK-M-AIRB,"PUFCOMBI (BLACK, M, Airborn)",PUFCOMBI,"BLACK, M, Airborn",BLCK,M
2000000028552,1-CAMP-M-PUFCO-BLCK-M-PARK,"PUFCOMBI (BLACK, M, Parka)",PUFCOMBI,"BLACK, M, Parka",BLCK,M
2000000028590,1-CAMP-M-PUFCO-BLCK-S-NOBR,"PUFCOMBI (BLACK, S, nobrand)",PUFCOMBI,"BLACK, S, nobrand",BLCK,S
2000000028637,1-CAMP-M-PUFCO-BLCK-XL-DAIL,"PUFCOMBI (BLACK, XL, Daily)",PUFCOMBI,"BLACK, XL, Daily",BLCK,XL
2000000028675,1-CAMP-M-PUFCO-BLCK-XXL-BRIG,"PUFCOMBI (BLACK, XXL, Briganti)",PUFCOMBI,"BLACK, XXL, Briganti",BLCK,XXL
2000000028682,1-CAMP-M-PUFCO-BLCK-XXL-DAIL,"PUFCOMBI (BLACK, XXL, Daily)",PUFCOMBI,"BLACK, XXL, Daily",BLCK,XXL
2000000028729,1-CAMP-M-PUFCO-GREN-L-BRIG,"PUFCOMBI (Green, L, Briganti)",PUFCOMBI,"Green, L, Briganti",GREN,L
2000000028767,1-CAMP-M-PUFCO-GREN-M-AIRB,"PUFCOMBI (Green, M, Airborn)",PUFCOMBI,"Green, M, Airborn",GREN,M
2000000028804,1-CAMP-M-PUFCO-GREN-M-PARK,"PUFCOMBI (Green, M, Parka)",PUFCOMBI,"Green, M, Parka",GREN,M
2000000028842,1-CAMP-M-PUFCO-GREN-S-NOBR,"PUFCOMBI (Green, S, nobrand)",PUFCOMBI,"Green, S, nobrand",GREN,S
2000000028880,1-CAMP-M-PUFCO-GREN-XL-DAIL,"PUFCOMBI (Green, XL, Daily)",PUFCOMBI,"Green, XL, Daily",GREN,XL
2000000028927,1-CAMP-M-PUFCO-GREN-XXL-BRIG,"PUFCOMBI (Green, XXL, Briganti)",PUFCOMBI,"Green, XXL, Briganti",GREN,XXL
2000000028965,1-CAMP-M-PUFCO-GREY-L-AIRB,"PUFCOMBI (grey, L, Airborn)",PUFCOMBI,"grey, L, Airborn",GREY,L
2000000029009,1-CAMP-M-PUFCO-GREY-L-PARK,"PUFCOMBI (grey, L, Parka)",PUFCOMBI,"grey, L, Parka",GREY,L
2000000029450,1-CAMP-M-PUFCO-NAVY-XXL-PARK,"PUFCOMBI (Navy, XXL, Parka)",PUFCOMBI,"Navy, XXL, Parka",NAVY,XXL
2000000029412,1-CAMP-M-PUFCO-NAVY-XXL-AIRB,"PUFCOMBI (Navy, XXL, Airborn)",PUFCOMBI,"Navy, XXL, Airborn",NAVY,XXL
2000000029375,1-CAMP-M-PUFCO-NAVY-XL-BRIG,"PUFCOMBI (Navy, XL, Briganti)",PUFCOMBI,"Navy, XL, Briganti",NAVY,XL
2000000028699,1-CAMP-M-PUFCO-BLCK-XXL-NOBR,"PUFCOMBI (BLACK, XXL, nobrand)",PUFCOMBI,"BLACK, XXL, nobrand",BLCK,XXL
2000000028736,1-CAMP-M-PUFCO-GREN-L-DAIL,"PUFCOMBI (Green, L, Daily)",PUFCOMBI,"Green, L, Daily",GREN,L
2000000028774,1-CAMP-M-PUFCO-GREN-M-BRIG,"PUFCOMBI (Green, M, Briganti)",PUFCOMBI,"Green, M, Briganti",GREN,M
2000000028811,1-CAMP-M-PUFCO-GREN-S-AIRB,"PUFCOMBI (Green, S, Airborn)",PUFCOMBI,"Green, S, Airborn",GREN,S
2000000028859,1-CAMP-M-PUFCO-GREN-S-PARK,"PUFCOMBI (Green, S, Parka)",PUFCOMBI,"Green, S, Parka",GREN,S
2000000028897,1-CAMP-M-PUFCO-GREN-XL-NOBR,"PUFCOMBI (Green, XL, nobrand)",PUFCOMBI,"Green, XL, nobrand",GREN,XL
2000000028934,1-CAMP-M-PUFCO-GREN-XXL-DAIL,"PUFCOMBI (Green, XXL, Daily)",PUFCOMBI,"Green, XXL, Daily",GREN,XXL
2000000028972,1-CAMP-M-PUFCO-GREY-L-BRIG,"PUFCOMBI (grey, L, Briganti)",PUFCOMBI,"grey, L, Briganti",GREY,L
2000000029016,1-CAMP-M-PUFCO-GREY-M-AIRB,"PUFCOMBI (grey, M, Airborn)",PUFCOMBI,"grey, M, Airborn",GREY,M
2000000029443,1-CAMP-M-PUFCO-NAVY-XXL-NOBR,"PUFCOMBI (Navy, XXL, nobrand)",PUFCOMBI,"Navy, XXL, nobrand",NAVY,XXL
2000000029405,1-CAMP-M-PUFCO-NAVY-XL-PARK,"PUFCOMBI (Navy, XL, Parka)",PUFCOMBI,"Navy, XL, Parka",NAVY,XL
2000000029368,1-CAMP-M-PUFCO-NAVY-XL-AIRB,"PUFCOMBI (Navy, XL, Airborn)",PUFCOMBI,"Navy, XL, Airborn",NAVY,XL
2000000028705,1-CAMP-M-PUFCO-BLCK-XXL-PARK,"PUFCOMBI (BLACK, XXL, Parka)",PUFCOMBI,"BLACK, XXL, Parka",BLCK,XXL
2000000028743,1-CAMP-M-PUFCO-GREN-L-NOBR,"PUFCOMBI (Green, L, nobrand)",PUFCOMBI,"Green, L, nobrand",GREN,L
2000000028781,1-CAMP-M-PUFCO-GREN-M-DAIL,"PUFCOMBI (Green, M, Daily)",PUFCOMBI,"Green, M, Daily",GREN,M
2000000028828,1-CAMP-M-PUFCO-GREN-S-BRIG,"PUFCOMBI (Green, S, Briganti)",PUFCOMBI,"Green, S, Briganti",GREN,S
2000000028866,1-CAMP-M-PUFCO-GREN-XL-AIRB,"PUFCOMBI (Green, XL, Airborn)",PUFCOMBI,"Green, XL, Airborn",GREN,XL
2000000028903,1-CAMP-M-PUFCO-GREN-XL-PARK,"PUFCOMBI (Green, XL, Parka)",PUFCOMBI,"Green, XL, Parka",GREN,XL
2000000028941,1-CAMP-M-PUFCO-GREN-XXL-NOBR,"PUFCOMBI (Green, XXL, nobrand)",PUFCOMBI,"Green, XXL, nobrand",GREN,XXL
2000000028989,1-CAMP-M-PUFCO-GREY-L-DAIL,"PUFCOMBI (grey, L, Daily)",PUFCOMBI,"grey, L, Daily",GREY,L
2000000029313,1-CAMP-M-PUFCO-NAVY-S-AIRB,"PUFCOMBI (Navy, S, Airborn)",PUFCOMBI,"Navy, S, Airborn",NAVY,S
2000000029436,1-CAMP-M-PUFCO-NAVY-XXL-DAIL,"PUFCOMBI (Navy, XXL, Daily)",PUFCOMBI,"Navy, XXL, Daily",NAVY,XXL
2000000029399,1-CAMP-M-PUFCO-NAVY-XL-NOBR,"PUFCOMBI (Navy, XL, nobrand)",PUFCOMBI,"Navy, XL, nobrand",NAVY,XL
2000000029351,1-CAMP-M-PUFCO-NAVY-S-PARK,"PUFCOMBI (Navy, S, Parka)",PUFCOMBI,"Navy, S, Parka",NAVY,S
2000000028712,1-CAMP-M-PUFCO-GREN-L-AIRB,"PUFCOMBI (Green, L, Airborn)",PUFCOMBI,"Green, L, Airborn",GREN,L
2000000028750,1-CAMP-M-PUFCO-GREN-L-PARK,"PUFCOMBI (Green, L, Parka)",PUFCOMBI,"Green, L, Parka",GREN,L
2000000028798,1-CAMP-M-PUFCO-GREN-M-NOBR,"PUFCOMBI (Green, M, nobrand)",PUFCOMBI,"Green, M, nobrand",GREN,M
2000000028835,1-CAMP-M-PUFCO-GREN-S-DAIL,"PUFCOMBI (Green, S, Daily)",PUFCOMBI,"Green, S, Daily",GREN,S
2000000028873,1-CAMP-M-PUFCO-GREN-XL-BRIG,"PUFCOMBI (Green, XL, Briganti)",PUFCOMBI,"Green, XL, Briganti",GREN,XL
2000000028910,1-CAMP-M-PUFCO-GREN-XXL-AIRB,"PUFCOMBI (Green, XXL, Airborn)",PUFCOMBI,"Green, XXL, Airborn",GREN,XXL
2000000028958,1-CAMP-M-PUFCO-GREN-XXL-PARK,"PUFCOMBI (Green, XXL, Parka)",PUFCOMBI,"Green, XXL, Parka",GREN,XXL
2000000028996,1-CAMP-M-PUFCO-GREY-L-NOBR,"PUFCOMBI (grey, L, nobrand)",PUFCOMBI,"grey, L, nobrand",GREY,L
2000000029023,1-CAMP-M-PUFCO-GREY-M-BRIG,"PUFCOMBI (grey, M, Briganti)",PUFCOMBI,"grey, M, Briganti",GREY,M
2000000029429,1-CAMP-M-PUFCO-NAVY-XXL-BRIG,"PUFCOMBI (Navy, XXL, Briganti)",PUFCOMBI,"Navy, XXL, Briganti",NAVY,XXL
2000000029382,1-CAMP-M-PUFCO-NAVY-XL-DAIL,"PUFCOMBI (Navy, XL, Daily)",PUFCOMBI,"Navy, XL, Daily",NAVY,XL
2000000029344,1-CAMP-M-PUFCO-NAVY-S-NOBR,"PUFCOMBI (Navy, S, nobrand)",PUFCOMBI,"Navy, S, nobrand",NAVY,S
2000000029337,1-CAMP-M-PUFCO-NAVY-S-DAIL,"PUFCOMBI (Navy, S, Daily)",PUFCOMBI,"Navy, S, Daily",NAVY,S
2000000029283,1-CAMP-M-PUFCO-NAVY-M-DAIL,"PUFCOMBI (Navy, M, Daily)",PUFCOMBI,"Navy, M, Daily",NAVY,M
2000000028507,1-CAMP-M-PUFCO-BLCK-L-PARK,"PUFCOMBI (BLACK, L, Parka)",PUFCOMBI,"BLACK, L, Parka",BLCK,L
2000000028460,1-CAMP-M-PUFCO-BLCK-L-AIRB,"PUFCOMBI (BLACK, L, Airborn)",PUFCOMBI,"BLACK, L, Airborn",BLCK,L
2000000029214,1-CAMP-M-PUFCO-NAVY-L-AIRB,"PUFCOMBI (Navy, L, Airborn)",PUFCOMBI,"Navy, L, Airborn",NAVY,L
2000000029177,1-CAMP-M-PUFCO-GREY-XXL-BRIG,"PUFCOMBI (grey, XXL, Briganti)",PUFCOMBI,"grey, XXL, Briganti",GREY,XXL
2000000029139,1-CAMP-M-PUFCO-GREY-XL-DAIL,"PUFCOMBI (grey, XL, Daily)",PUFCOMBI,"grey, XL, Daily",GREY,XL
2000000029092,1-CAMP-M-PUFCO-GREY-S-NOBR,"PUFCOMBI (grey, S, nobrand)",PUFCOMBI,"grey, S, nobrand",GREY,S
2000000007281,1-TRDB-M-PALMB-UNIC-S-NOBR,Palm Beach PALMB (S),Palm Beach PALMB,S,UNIC,S
2000000007304,1-TRDB-M-PALMB-UNIC-XXL-NOBR,Palm Beach PALMB (XXL),Palm Beach PALMB,XXL,UNIC,XXL
,1-PANT-M-CHINO-WHIT-L-NOBR,"(White, L, no Pantalon Chino Lino brand)",,"White, L, no Pantalon Chino Lino brand",WHIT,L
,1-PANT-M-CHINO-NATU-S-NOBR,"(Natural, S, Pantalon Chino Lino no brand)",,"Natural, S, Pantalon Chino Lino no brand",NATU,S
2000000029320,1-CAMP-M-PUFCO-NAVY-S-BRIG,"PUFCOMBI (Navy, S, Briganti)",PUFCOMBI,"Navy, S, Briganti",NAVY,S
2000000029276,1-CAMP-M-PUFCO-NAVY-M-BRIG,"PUFCOMBI (Navy, M, Briganti)",PUFCOMBI,"Navy, M, Briganti",NAVY,M
2000000028491,1-CAMP-M-PUFCO-BLCK-L-NOBR,"PUFCOMBI (BLACK, L, nobrand)",PUFCOMBI,"BLACK, L, nobrand",BLCK,L
2000000029245,1-CAMP-M-PUFCO-NAVY-L-NOBR,"PUFCOMBI (Navy, L, nobrand)",PUFCOMBI,"Navy, L, nobrand",NAVY,L
2000000029207,1-CAMP-M-PUFCO-GREY-XXL-PARK,"PUFCOMBI (grey, XXL, Parka)",PUFCOMBI,"grey, XXL, Parka",GREY,XXL
2000000029160,1-CAMP-M-PUFCO-GREY-XXL-AIRB,"PUFCOMBI (grey, XXL, Airborn)",PUFCOMBI,"grey, XXL, Airborn",GREY,XXL
2000000029122,1-CAMP-M-PUFCO-GREY-XL-BRIG,"PUFCOMBI (grey, XL, Briganti)",PUFCOMBI,"grey, XL, Briganti",GREY,XL
2000000029085,1-CAMP-M-PUFCO-GREY-S-DAIL,"PUFCOMBI (grey, S, Daily)",PUFCOMBI,"grey, S, Daily",GREY,S
2000000007298,1-TRDB-M-PALMB-UNIC-XL-NOBR,Palm Beach PALMB (XL),Palm Beach PALMB,XL,UNIC,XL
,1-PANT-M-CHINO-NAVY-L-OLDB,"(Navy, L, Old Pantalon Chino Lino Bridge)",,"Navy, L, Old Pantalon Chino Lino Bridge",NAVY,L
,1-PANT-M-CHINO-NATU-XL-OLDB,"(Natural, XL, Pantalon Chino Lino Old Bridge)",,"Natural, XL, Pantalon Chino Lino Old Bridge",NATU,XL
,1-PANT-M-CHINO-NATU-M-OLDB,"(Natural, M, Pantalon Chino Lino Old Bridge)",,"Natural, M, Pantalon Chino Lino Old Bridge",NATU,M
2000000029306,1-CAMP-M-PUFCO-NAVY-M-PARK,"PUFCOMBI (Navy, M, Parka)",PUFCOMBI,"Navy, M, Parka",NAVY,M
2000000029269,1-CAMP-M-PUFCO-NAVY-M-AIRB,"PUFCOMBI (Navy, M, Airborn)",PUFCOMBI,"Navy, M, Airborn",NAVY,M
2000000028484,1-CAMP-M-PUFCO-BLCK-L-DAIL,"PUFCOMBI (BLACK, L, Daily)",PUFCOMBI,"BLACK, L, Daily",BLCK,L
2000000029238,1-CAMP-M-PUFCO-NAVY-L-DAIL,"PUFCOMBI (Navy, L, Daily)",PUFCOMBI,"Navy, L, Daily",NAVY,L
2000000029191,1-CAMP-M-PUFCO-GREY-XXL-NOBR,"PUFCOMBI (grey, XXL, nobrand)",PUFCOMBI,"grey, XXL, nobrand",GREY,XXL
2000000029153,1-CAMP-M-PUFCO-GREY-XL-PARK,"PUFCOMBI (grey, XL, Parka)",PUFCOMBI,"grey, XL, Parka",GREY,XL
2000000029115,1-CAMP-M-PUFCO-GREY-XL-AIRB,"PUFCOMBI (grey, XL, Airborn)",PUFCOMBI,"grey, XL, Airborn",GREY,XL
2000000029078,1-CAMP-M-PUFCO-GREY-S-BRIG,"PUFCOMBI (grey, S, Briganti)",PUFCOMBI,"grey, S, Briganti",GREY,S
2000000007274,1-TRDB-M-PALMB-UNIC-M-NOBR,Palm Beach PALMB (M),Palm Beach PALMB,M,UNIC,M
,1-PANT-M-CHINO-NAVY-L-NOBR,"(Navy, L, no Pantalon Chino Lino brand)",,"Navy, L, no Pantalon Chino Lino brand",NAVY,L
,1-PANT-M-CHINO-NATU-XL-NOBR,"(Natural, XL, Pantalon Chino Lino no brand)",,"Natural, XL, Pantalon Chino Lino no brand",NATU,XL
,1-PANT-M-CHINO-NATU-M-NOBR,"(Natural, M, Pantalon Chino Lino no brand)",,"Natural, M, Pantalon Chino Lino no brand",NATU,M
2000000029290,1-CAMP-M-PUFCO-NAVY-M-NOBR,"PUFCOMBI (Navy, M, nobrand)",PUFCOMBI,"Navy, M, nobrand",NAVY,M
2000000029252,1-CAMP-M-PUFCO-NAVY-L-PARK,"PUFCOMBI (Navy, L, Parka)",PUFCOMBI,"Navy, L, Parka",NAVY,L
2000000028477,1-CAMP-M-PUFCO-BLCK-L-BRIG,"PUFCOMBI (BLACK, L, Briganti)",PUFCOMBI,"BLACK, L, Briganti",BLCK,L
2000000029221,1-CAMP-M-PUFCO-NAVY-L-BRIG,"PUFCOMBI (Navy, L, Briganti)",PUFCOMBI,"Navy, L, Briganti",NAVY,L
2000000029184,1-CAMP-M-PUFCO-GREY-XXL-DAIL,"PUFCOMBI (grey, XXL, Daily)",PUFCOMBI,"grey, XXL, Daily",GREY,XXL
2000000029146,1-CAMP-M-PUFCO-GREY-XL-NOBR,"PUFCOMBI (grey, XL, nobrand)",PUFCOMBI,"grey, XL, nobrand",GREY,XL
2000000029108,1-CAMP-M-PUFCO-GREY-S-PARK,"PUFCOMBI (grey, S, Parka)",PUFCOMBI,"grey, S, Parka",GREY,S
2000000029061,1-CAMP-M-PUFCO-GREY-S-AIRB,"PUFCOMBI (grey, S, Airborn)",PUFCOMBI,"grey, S, Airborn",GREY,S
2000000007267,1-TRDB-M-PALMB-UNIC-L-NOBR,Palm Beach PALMB (L),Palm Beach PALMB,L,UNIC,L
,1-PANT-M-CHINO-NATU-XXL-OLDB,"(Natural, Pantalon Chino Lino XXL, Old Bridge)",,"Natural, Pantalon Chino Lino XXL, Old Bridge",NATU,XXL
,1-PANT-M-CHINO-NATU-S-OLDB,"(Natural, S, Pantalon Chino Lino Old Bridge)",,"Natural, S, Pantalon Chino Lino Old Bridge",NATU,S
,1-PANT-M-CHINO-NATU-L-OLDB,"(Natural, L, Pantalon Chino Lino Old Bridge)",,"Natural, L, Pantalon Chino Lino Old Bridge",NATU,L
,1-PANT-M-CHINO-NATU-L-NOBR,"(Natural, L, Pantalon Chino Lino no brand)",,"Natural, L, Pantalon Chino Lino no brand",NATU,L
,1-PANT-M-CHINO-GREN-S-OLDB,"(Green, S, Pantalon Chino Lino Old Bridge)",,"Green, S, Pantalon Chino Lino Old Bridge",GREN,S
,1-PANT-M-CHINO-BLCK-XL-OLDB,"(BLACK, XL, Pantalon Chino Lino Old Bridge)",,"BLACK, XL, Pantalon Chino Lino Old Bridge",BLCK,XL
,1-PANT-M-CHINO-GREN-XL-NOBR,"(Green, XL, Pantalon Chino Lino no brand)",,"Green, XL, Pantalon Chino Lino no brand",GREN,XL
,1-PANT-M-CHINO-WHIT-S-OLDB,"(White, S, Pantalon Chino Lino Old Bridge)",,"White, S, Pantalon Chino Lino Old Bridge",WHIT,S
,1-PANT-M-CHINO-WHIT-XXL-OLDB,"(White, XXL, Pantalon Chino Lino Old Bridge)",,"White, XXL, Pantalon Chino Lino Old Bridge",WHIT,XXL
,1-PANT-M-CHINO-BLCK-XXL-NOBR,"(BLACK, Pantalon Chino Lino XXL, no brand)",,"BLACK, Pantalon Chino Lino XXL, no brand",BLCK,XXL
,1-PANT-M-CHINO-GREN-S-NOBR,"(Green, S, no Pantalon Chino Lino brand)",,"Green, S, no Pantalon Chino Lino brand",GREN,S
,1-PANT-M-CHINO-NAVY-S-NOBR,"(Navy, S, no Pantalon Chino Lino brand)",,"Navy, S, no Pantalon Chino Lino brand",NAVY,S
,1-PANT-M-CHINO-NAVY-XXL-NOBR,"(Navy, XXL, Pantalon Chino Lino no brand)",,"Navy, XXL, Pantalon Chino Lino no brand",NAVY,XXL
,1-PANT-M-20064-BLCK-L-CENI,"Pantalon Chino Lino 20064 (BLACK, L, Cenidor)",Pantalon Chino Lino 20064,"BLACK, L, Cenidor",BLCK,L
,1-PANT-M-20064-BLCK-S-AIRB,"Pantalon Chino Lino 20064 (BLACK, S, Airborn)",Pantalon Chino Lino 20064,"BLACK, S, Airborn",BLCK,S
,1-PANT-M-CHINO-GREN-XXL-OLDB,"(Green, XXL, Pantalon Chino Lino Old Bridge)",,"Green, XXL, Pantalon Chino Lino Old Bridge",GREN,XXL
,1-PANT-M-CHINO-GREN-M-OLDB,"(Green, M, Pantalon Chino Lino Old Bridge)",,"Green, M, Pantalon Chino Lino Old Bridge",GREN,M
,1-PANT-M-CHINO-BLCK-S-OLDB,"(BLACK, S, Pantalon Chino Lino Old Bridge)",,"BLACK, S, Pantalon Chino Lino Old Bridge",BLCK,S
,1-PANT-M-CHINO-WHIT-M-NOBR,"(White, M, Pantalon Chino Lino no brand)",,"White, M, Pantalon Chino Lino no brand",WHIT,M
,1-PANT-M-CHINO-WHIT-XL-NOBR,"(White, XL, Pantalon Chino Lino no brand)",,"White, XL, Pantalon Chino Lino no brand",WHIT,XL
,1-PANT-M-CHINO-BLCK-M-NOBR,"(BLACK, M, Pantalon Chino Lino no brand)",,"BLACK, M, Pantalon Chino Lino no brand",BLCK,M
,1-PANT-M-CHINO-GREN-L-NOBR,"(Green, L, no Pantalon Chino Lino brand)",,"Green, L, no Pantalon Chino Lino brand",GREN,L
,1-PANT-M-CHINO-BLCK-L-NOBR,"(BLACK, L, Pantalon Chino Lino no brand)",,"BLACK, L, Pantalon Chino Lino no brand",BLCK,L
,1-PANT-M-CHINO-NAVY-M-OLDB,"(Navy, M, Pantalon Chino Lino Old Bridge)",,"Navy, M, Pantalon Chino Lino Old Bridge",NAVY,M
,1-PANT-M-CHINO-NAVY-XXL-OLDB,"(Navy, XXL, Pantalon Chino Lino Old Bridge)",,"Navy, XXL, Pantalon Chino Lino Old Bridge",NAVY,XXL
2000000042466,1-PANT-M-20064-BLCK-L-NOBR,"Pantalon Chino Lino 20064 (BLACK, L, nobrand)",Pantalon Chino Lino 20064,"BLACK, L, nobrand",BLCK,L
,1-PANT-M-20064-BLCK-S-CENI,"Pantalon Chino Lino 20064 (BLACK, S, Cenidor)",Pantalon Chino Lino 20064,"BLACK, S, Cenidor",BLCK,S
,1-PANT-M-CHINO-GREN-XXL-NOBR,"(Green, XXL, Pantalon Chino Lino no brand)",,"Green, XXL, Pantalon Chino Lino no brand",GREN,XXL
,1-PANT-M-CHINO-GREN-L-OLDB,"(Green, L, Pantalon Chino Lino Old Bridge)",,"Green, L, Pantalon Chino Lino Old Bridge",GREN,L
,1-PANT-M-CHINO-BLCK-M-OLDB,"(BLACK, M, Pantalon Chino Lino Old Bridge)",,"BLACK, M, Pantalon Chino Lino Old Bridge",BLCK,M
,1-PANT-M-CHINO-WHIT-M-OLDB,"(White, M, Pantalon Chino Lino Old Bridge)",,"White, M, Pantalon Chino Lino Old Bridge",WHIT,M
,1-PANT-M-CHINO-WHIT-XL-OLDB,"(White, XL, Pantalon Chino Lino Old Bridge)",,"White, XL, Pantalon Chino Lino Old Bridge",WHIT,XL
,1-PANT-M-CHINO-BLCK-S-NOBR,"(BLACK, S, Pantalon Chino Lino no brand)",,"BLACK, S, Pantalon Chino Lino no brand",BLCK,S
,1-PANT-M-CHINO-GREN-M-NOBR,"(Green, M, Pantalon Chino Lino no brand)",,"Green, M, Pantalon Chino Lino no brand",GREN,M
,1-PANT-M-CHINO-WHIT-L-OLDB,"(White, L, Pantalon Chino Lino Old Bridge)",,"White, L, Pantalon Chino Lino Old Bridge",WHIT,L
,1-PANT-M-CHINO-NAVY-M-NOBR,"(Navy, M, no Pantalon Chino Lino brand)",,"Navy, M, no Pantalon Chino Lino brand",NAVY,M
,1-PANT-M-CHINO-NATU-XXL-NOBR,"(Natural, Pantalon Chino Lino XXL, no brand)",,"Natural, Pantalon Chino Lino XXL, no brand",NATU,XXL
,1-PANT-M-20064-BLCK-M-CENI,"Pantalon Chino Lino 20064 (BLACK, M, Cenidor)",Pantalon Chino Lino 20064,"BLACK, M, Cenidor",BLCK,M
2000000042480,1-PANT-M-20064-BLCK-S-NOBR,"Pantalon Chino Lino 20064 (BLACK, S, nobrand)",Pantalon Chino Lino 20064,"BLACK, S, nobrand",BLCK,S
,1-PANT-M-CHINO-GREN-XL-OLDB,"(Green, XL, Pantalon Chino Lino Old Bridge)",,"Green, XL, Pantalon Chino Lino Old Bridge",GREN,XL
,1-PANT-M-CHINO-BLCK-XXL-OLDB,"(BLACK, Pantalon Chino Lino XXL, Old Bridge)",,"BLACK, Pantalon Chino Lino XXL, Old Bridge",BLCK,XXL
,1-PANT-M-CHINO-BLCK-L-OLDB,"(BLACK, L, Pantalon Chino Lino Old Bridge)",,"BLACK, L, Pantalon Chino Lino Old Bridge",BLCK,L
,1-PANT-M-CHINO-WHIT-S-NOBR,"(White, S, no Pantalon Chino Lino brand)",,"White, S, no Pantalon Chino Lino brand",WHIT,S
,1-PANT-M-CHINO-WHIT-XXL-NOBR,"(White, XXL, Pantalon Chino Lino no brand)",,"White, XXL, Pantalon Chino Lino no brand",WHIT,XXL
,1-PANT-M-CHINO-BLCK-XL-NOBR,"(BLACK, XL, Pantalon Chino Lino no brand)",,"BLACK, XL, Pantalon Chino Lino no brand",BLCK,XL
,1-PANT-M-CHINO-NAVY-XL-NOBR,"(Navy, XL, Pantalon Chino Lino no brand)",,"Navy, XL, Pantalon Chino Lino no brand",NAVY,XL
,1-PANT-M-CHINO-NAVY-S-OLDB,"(Navy, S, Old Pantalon Chino Lino Bridge)",,"Navy, S, Old Pantalon Chino Lino Bridge",NAVY,S
,1-PANT-M-CHINO-NAVY-XL-OLDB,"(Navy, XL, Pantalon Chino Lino Old Bridge)",,"Navy, XL, Pantalon Chino Lino Old Bridge",NAVY,XL
,1-PANT-M-20064-BLCK-L-AIRB,"Pantalon Chino Lino 20064 (BLACK, L, Airborn)",Pantalon Chino Lino 20064,"BLACK, L, Airborn",BLCK,L
2000000042473,1-PANT-M-20064-BLCK-M-NOBR,"Pantalon Chino Lino 20064 (BLACK, M, nobrand)",Pantalon Chino Lino 20064,"BLACK, M, nobrand",BLCK,M
,1-PANT-M-20064-BLCK-XL-AIRB,"Pantalon Chino Lino 20064 (BLACK, XL, Airborn)",Pantalon Chino Lino 20064,"BLACK, XL, Airborn",BLCK,XL
,1-PANT-M-20064-BLCK-XL-CENI,"Pantalon Chino Lino 20064 (BLACK, XL, Cenidor)",Pantalon Chino Lino 20064,"BLACK, XL, Cenidor",BLCK,XL
2000000042503,1-PANT-M-20064-BLCK-XXL-NOBR,"Pantalon Chino Lino 20064 (BLACK, XXL, nobrand)",Pantalon Chino Lino 20064,"BLACK, XXL, nobrand",BLCK,XXL
,1-PANT-M-20064-GREN-M-AIRB,"Pantalon Chino Lino 20064 (Green, M, Airborn)",Pantalon Chino Lino 20064,"Green, M, Airborn",GREN,M
,1-PANT-M-20064-GREN-S-CENI,"Pantalon Chino Lino 20064 (Green, S, Cenidor)",Pantalon Chino Lino 20064,"Green, S, Cenidor",GREN,S
2000000042541,1-PANT-M-20064-GREN-XL-NOBR,"Pantalon Chino Lino 20064 (Green, XL, nobrand)",Pantalon Chino Lino 20064,"Green, XL, nobrand",GREN,XL
,1-PANT-M-20064-NATU-L-AIRB,"Pantalon Chino Lino 20064 (Natural, L, Airborn)",Pantalon Chino Lino 20064,"Natural, L, Airborn",NATU,L
,1-PANT-M-20064-NATU-M-CENI,"Pantalon Chino Lino 20064 (Natural, M, Cenidor)",Pantalon Chino Lino 20064,"Natural, M, Cenidor",NATU,M
2000000042589,1-PANT-M-20064-NATU-S-NOBR,"Pantalon Chino Lino 20064 (Natural, S, nobrand)",Pantalon Chino Lino 20064,"Natural, S, nobrand",NATU,S
,1-PANT-M-20064-NATU-XXL-AIRB,"Pantalon Chino Lino 20064 (Natural, XXL, Airborn)",Pantalon Chino Lino 20064,"Natural, XXL, Airborn",NATU,XXL
,1-PANT-M-20064-NAVY-L-CENI,"Pantalon Chino Lino 20064 (Navy, L, Cenidor)",Pantalon Chino Lino 20064,"Navy, L, Cenidor",NAVY,L
2000000042626,1-PANT-M-20064-NAVY-M-NOBR,"Pantalon Chino Lino 20064 (Navy, M, nobrand)",Pantalon Chino Lino 20064,"Navy, M, nobrand",NAVY,M
,1-PANT-M-20064-NAVY-XL-AIRB,"Pantalon Chino Lino 20064 (Navy, XL, Airborn)",Pantalon Chino Lino 20064,"Navy, XL, Airborn",NAVY,XL
2000000042497,1-PANT-M-20064-BLCK-XL-NOBR,"Pantalon Chino Lino 20064 (BLACK, XL, nobrand)",Pantalon Chino Lino 20064,"BLACK, XL, nobrand",BLCK,XL
,1-PANT-M-20064-GREN-L-AIRB,"Pantalon Chino Lino 20064 (Green, L, Airborn)",Pantalon Chino Lino 20064,"Green, L, Airborn",GREN,L
,1-PANT-M-20064-GREN-M-CENI,"Pantalon Chino Lino 20064 (Green, M, Cenidor)",Pantalon Chino Lino 20064,"Green, M, Cenidor",GREN,M
2000000042534,1-PANT-M-20064-GREN-S-NOBR,"Pantalon Chino Lino 20064 (Green, S, nobrand)",Pantalon Chino Lino 20064,"Green, S, nobrand",GREN,S
,1-PANT-M-20064-GREN-XXL-AIRB,"Pantalon Chino Lino 20064 (Green, XXL, Airborn)",Pantalon Chino Lino 20064,"Green, XXL, Airborn",GREN,XXL
,1-PANT-M-20064-NATU-L-CENI,"Pantalon Chino Lino 20064 (Natural, L, Cenidor)",Pantalon Chino Lino 20064,"Natural, L, Cenidor",NATU,L
2000000042572,1-PANT-M-20064-NATU-M-NOBR,"Pantalon Chino Lino 20064 (Natural, M, nobrand)",Pantalon Chino Lino 20064,"Natural, M, nobrand",NATU,M
,1-PANT-M-20064-NATU-XL-AIRB,"Pantalon Chino Lino 20064 (Natural, XL, Airborn)",Pantalon Chino Lino 20064,"Natural, XL, Airborn",NATU,XL
,1-PANT-M-20064-NATU-XXL-CENI,"Pantalon Chino Lino 20064 (Natural, XXL, Cenidor)",Pantalon Chino Lino 20064,"Natural, XXL, Cenidor",NATU,XXL
2000000042619,1-PANT-M-20064-NAVY-L-NOBR,"Pantalon Chino Lino 20064 (Navy, L, nobrand)",Pantalon Chino Lino 20064,"Navy, L, nobrand",NAVY,L
,1-PANT-M-20064-NAVY-S-AIRB,"Pantalon Chino Lino 20064 (Navy, S, Airborn)",Pantalon Chino Lino 20064,"Navy, S, Airborn",NAVY,S
,1-PANT-M-20064-NAVY-XL-CENI,"Pantalon Chino Lino 20064 (Navy, XL, Cenidor)",Pantalon Chino Lino 20064,"Navy, XL, Cenidor",NAVY,XL
,1-PANT-M-20064-BLCK-XXL-AIRB,"Pantalon Chino Lino 20064 (BLACK, XXL, Airborn)",Pantalon Chino Lino 20064,"BLACK, XXL, Airborn",BLCK,XXL
,1-PANT-M-20064-GREN-L-CENI,"Pantalon Chino Lino 20064 (Green, L, Cenidor)",Pantalon Chino Lino 20064,"Green, L, Cenidor",GREN,L
2000000042527,1-PANT-M-20064-GREN-M-NOBR,"Pantalon Chino Lino 20064 (Green, M, nobrand)",Pantalon Chino Lino 20064,"Green, M, nobrand",GREN,M
,1-PANT-M-20064-GREN-XL-AIRB,"Pantalon Chino Lino 20064 (Green, XL, Airborn)",Pantalon Chino Lino 20064,"Green, XL, Airborn",GREN,XL
,1-PANT-M-20064-GREN-XXL-CENI,"Pantalon Chino Lino 20064 (Green, XXL, Cenidor)",Pantalon Chino Lino 20064,"Green, XXL, Cenidor",GREN,XXL
2000000042565,1-PANT-M-20064-NATU-L-NOBR,"Pantalon Chino Lino 20064 (Natural, L, nobrand)",Pantalon Chino Lino 20064,"Natural, L, nobrand",NATU,L
,1-PANT-M-20064-NATU-S-AIRB,"Pantalon Chino Lino 20064 (Natural, S, Airborn)",Pantalon Chino Lino 20064,"Natural, S, Airborn",NATU,S
,1-PANT-M-20064-NATU-XL-CENI,"Pantalon Chino Lino 20064 (Natural, XL, Cenidor)",Pantalon Chino Lino 20064,"Natural, XL, Cenidor",NATU,XL
2000000042602,1-PANT-M-20064-NATU-XXL-NOBR,"Pantalon Chino Lino 20064 (Natural, XXL, nobrand)",Pantalon Chino Lino 20064,"Natural, XXL, nobrand",NATU,XXL
,1-PANT-M-20064-NAVY-M-AIRB,"Pantalon Chino Lino 20064 (Navy, M, Airborn)",Pantalon Chino Lino 20064,"Navy, M, Airborn",NAVY,M
,1-PANT-M-20064-NAVY-S-CENI,"Pantalon Chino Lino 20064 (Navy, S, Cenidor)",Pantalon Chino Lino 20064,"Navy, S, Cenidor",NAVY,S
2000000042640,1-PANT-M-20064-NAVY-XL-NOBR,"Pantalon Chino Lino 20064 (Navy, XL, nobrand)",Pantalon Chino Lino 20064,"Navy, XL, nobrand",NAVY,XL
,1-PANT-M-20064-BLCK-XXL-CENI,"Pantalon Chino Lino 20064 (BLACK, XXL, Cenidor)",Pantalon Chino Lino 20064,"BLACK, XXL, Cenidor",BLCK,XXL
2000000042510,1-PANT-M-20064-GREN-L-NOBR,"Pantalon Chino Lino 20064 (Green, L, nobrand)",Pantalon Chino Lino 20064,"Green, L, nobrand",GREN,L
,1-PANT-M-20064-GREN-S-AIRB,"Pantalon Chino Lino 20064 (Green, S, Airborn)",Pantalon Chino Lino 20064,"Green, S, Airborn",GREN,S
,1-PANT-M-20064-GREN-XL-CENI,"Pantalon Chino Lino 20064 (Green, XL, Cenidor)",Pantalon Chino Lino 20064,"Green, XL, Cenidor",GREN,XL
2000000042558,1-PANT-M-20064-GREN-XXL-NOBR,"Pantalon Chino Lino 20064 (Green, XXL, nobrand)",Pantalon Chino Lino 20064,"Green, XXL, nobrand",GREN,XXL
,1-PANT-M-20064-NATU-M-AIRB,"Pantalon Chino Lino 20064 (Natural, M, Airborn)",Pantalon Chino Lino 20064,"Natural, M, Airborn",NATU,M
,1-PANT-M-20064-NATU-S-CENI,"Pantalon Chino Lino 20064 (Natural, S, Cenidor)",Pantalon Chino Lino 20064,"Natural, S, Cenidor",NATU,S
2000000042596,1-PANT-M-20064-NATU-XL-NOBR,"Pantalon Chino Lino 20064 (Natural, XL, nobrand)",Pantalon Chino Lino 20064,"Natural, XL, nobrand",NATU,XL
,1-PANT-M-20064-NAVY-L-AIRB,"Pantalon Chino Lino 20064 (Navy, L, Airborn)",Pantalon Chino Lino 20064,"Navy, L, Airborn",NAVY,L
,1-PANT-M-20064-NAVY-M-CENI,"Pantalon Chino Lino 20064 (Navy, M, Cenidor)",Pantalon Chino Lino 20064,"Navy, M, Cenidor",NAVY,M
2000000042633,1-PANT-M-20064-NAVY-S-NOBR,"Pantalon Chino Lino 20064 (Navy, S, nobrand)",Pantalon Chino Lino 20064,"Navy, S, nobrand",NAVY,S
,1-PANT-M-20064-NAVY-XXL-AIRB,"Pantalon Chino Lino 20064 (Navy, XXL, Airborn)",Pantalon Chino Lino 20064,"Navy, XXL, Airborn",NAVY,XXL
,1-PANT-M-20064-NAVY-XXL-CENI,"Pantalon Chino Lino 20064 (Navy, XXL, Cenidor)",Pantalon Chino Lino 20064,"Navy, XXL, Cenidor",NAVY,XXL
2000000042664,1-PANT-M-20064-WHIT-L-NOBR,"Pantalon Chino Lino 20064 (White, L, nobrand)",Pantalon Chino Lino 20064,"White, L, nobrand",WHIT,L
,1-PANT-M-20064-WHIT-S-AIRB,"Pantalon Chino Lino 20064 (White, S, Airborn)",Pantalon Chino Lino 20064,"White, S, Airborn",WHIT,S
,1-PANT-M-20064-WHIT-XL-CENI,"Pantalon Chino Lino 20064 (White, XL, Cenidor)",Pantalon Chino Lino 20064,"White, XL, Cenidor",WHIT,XL
2000000042701,1-PANT-M-20064-WHIT-XXL-NOBR,"Pantalon Chino Lino 20064 (White, XXL, nobrand)",Pantalon Chino Lino 20064,"White, XXL, nobrand",WHIT,XXL
2000000042831,1-PANT-M-20066-NAVY-S-NOBR,"Pantalon Jogger Lino 20066 (Navy, S)",Pantalon Jogger Lino 20066,"Navy, S",NAVY,S
2000000042824,1-PANT-M-20066-NAVY-M-NOBR,"Pantalon Jogger Lino 20066 (Navy, M)",Pantalon Jogger Lino 20066,"Navy, M",NAVY,M
2000000042787,1-PANT-M-20066-NATU-S-NOBR,"Pantalon Jogger Lino 20066 (Natural, S)",Pantalon Jogger Lino 20066,"Natural, S",NATU,S
2000000042749,1-PANT-M-20066-BLCK-XL-NOBR,"Pantalon Jogger Lino 20066 (BLACK, XL)",Pantalon Jogger Lino 20066,"BLACK, XL",BLCK,XL
2000000042862,1-PANT-M-20066-WHIT-L-NOBR,"Pantalon Jogger Lino 20066 (White, L)",Pantalon Jogger Lino 20066,"White, L",WHIT,L
,1-PANT-M-20001-BLCK-M-BUDA,"Pantalon Plano 20001 (BLACK, M, Budapestt)",Pantalon Plano 20001,"BLACK, M, Budapestt",BLCK,M
2000000042404,1-PANT-M-20001-GREN-XXL-NOBR,"Pantalon Plano 20001 (Green, XXL, nobrand)",Pantalon Plano 20001,"Green, XXL, nobrand",GREN,XXL
2000000042657,1-PANT-M-20064-NAVY-XXL-NOBR,"Pantalon Chino Lino 20064 (Navy, XXL, nobrand)",Pantalon Chino Lino 20064,"Navy, XXL, nobrand",NAVY,XXL
,1-PANT-M-20064-WHIT-M-AIRB,"Pantalon Chino Lino 20064 (White, M, Airborn)",Pantalon Chino Lino 20064,"White, M, Airborn",WHIT,M
,1-PANT-M-20064-WHIT-S-CENI,"Pantalon Chino Lino 20064 (White, S, Cenidor)",Pantalon Chino Lino 20064,"White, S, Cenidor",WHIT,S
2000000042695,1-PANT-M-20064-WHIT-XL-NOBR,"Pantalon Chino Lino 20064 (White, XL, nobrand)",Pantalon Chino Lino 20064,"White, XL, nobrand",WHIT,XL
,1-PANT-M-20064-BLCK-M-AIRB,"Pantalon Chino Lino 20064 (BLACK, M, Airborn)",Pantalon Chino Lino 20064,"BLACK, M, Airborn",BLCK,M
2000000042886,1-PANT-M-20066-WHIT-S-NOBR,"Pantalon Jogger Lino 20066 (White, S)",Pantalon Jogger Lino 20066,"White, S",WHIT,S
2000000042817,1-PANT-M-20066-NAVY-L-NOBR,"Pantalon Jogger Lino 20066 (Navy, L)",Pantalon Jogger Lino 20066,"Navy, L",NAVY,L
2000000042770,1-PANT-M-20066-NATU-M-NOBR,"Pantalon Jogger Lino 20066 (Natural, M)",Pantalon Jogger Lino 20066,"Natural, M",NATU,M
2000000042732,1-PANT-M-20066-BLCK-S-NOBR,"Pantalon Jogger Lino 20066 (BLACK, S)",Pantalon Jogger Lino 20066,"BLACK, S",BLCK,S
2000000042855,1-PANT-M-20066-NAVY-XXL-NOBR,"Pantalon Jogger Lino 20066 (Navy, XXL)",Pantalon Jogger Lino 20066,"Navy, XXL",NAVY,XXL
2000000042329,1-PANT-M-20001-BLCK-M-NOBR,"Pantalon Plano 20001 (BLACK, M, nobrand)",Pantalon Plano 20001,"BLACK, M, nobrand",BLCK,M
,1-PANT-M-20001-GREN-XXL-BUDA,"Pantalon Plano 20001 (Green, XXL, Budapestt)",Pantalon Plano 20001,"Green, XXL, Budapestt",GREN,XXL
,1-PANT-M-20064-WHIT-L-AIRB,"Pantalon Chino Lino 20064 (White, L, Airborn)",Pantalon Chino Lino 20064,"White, L, Airborn",WHIT,L
,1-PANT-M-20064-WHIT-M-CENI,"Pantalon Chino Lino 20064 (White, M, Cenidor)",Pantalon Chino Lino 20064,"White, M, Cenidor",WHIT,M
2000000042688,1-PANT-M-20064-WHIT-S-NOBR,"Pantalon Chino Lino 20064 (White, S, nobrand)",Pantalon Chino Lino 20064,"White, S, nobrand",WHIT,S
,1-PANT-M-20064-WHIT-XXL-AIRB,"Pantalon Chino Lino 20064 (White, XXL, Airborn)",Pantalon Chino Lino 20064,"White, XXL, Airborn",WHIT,XXL
2000000042848,1-PANT-M-20066-NAVY-XL-NOBR,"Pantalon Jogger Lino 20066 (Navy, XL)",Pantalon Jogger Lino 20066,"Navy, XL",NAVY,XL
2000000042893,1-PANT-M-20066-WHIT-XL-NOBR,"Pantalon Jogger Lino 20066 (White, XL)",Pantalon Jogger Lino 20066,"White, XL",WHIT,XL
2000000042800,1-PANT-M-20066-NATU-XXL-NOBR,"Pantalon Jogger Lino 20066 (Natural, XXL)",Pantalon Jogger Lino 20066,"Natural, XXL",NATU,XXL
2000000042763,1-PANT-M-20066-NATU-L-NOBR,"Pantalon Jogger Lino 20066 (Natural, L)",Pantalon Jogger Lino 20066,"Natural, L",NATU,L
2000000042725,1-PANT-M-20066-BLCK-M-NOBR,"Pantalon Jogger Lino 20066 (BLACK, M)",Pantalon Jogger Lino 20066,"BLACK, M",BLCK,M
2000000042312,1-PANT-M-20001-BLCK-L-NOBR,"Pantalon Plano 20001 (BLACK, L, nobrand)",Pantalon Plano 20001,"BLACK, L, nobrand",BLCK,L
,1-PANT-M-20001-BLCK-S-BUDA,"Pantalon Plano 20001 (BLACK, S, Budapestt)",Pantalon Plano 20001,"BLACK, S, Budapestt",BLCK,S
2000000042398,1-PANT-M-20001-GREN-XL-NOBR,"Pantalon Plano 20001 (Green, XL, nobrand)",Pantalon Plano 20001,"Green, XL, nobrand",GREN,XL
,1-PANT-M-20064-WHIT-L-CENI,"Pantalon Chino Lino 20064 (White, L, Cenidor)",Pantalon Chino Lino 20064,"White, L, Cenidor",WHIT,L
2000000042671,1-PANT-M-20064-WHIT-M-NOBR,"Pantalon Chino Lino 20064 (White, M, nobrand)",Pantalon Chino Lino 20064,"White, M, nobrand",WHIT,M
,1-PANT-M-20064-WHIT-XL-AIRB,"Pantalon Chino Lino 20064 (White, XL, Airborn)",Pantalon Chino Lino 20064,"White, XL, Airborn",WHIT,XL
,1-PANT-M-20064-WHIT-XXL-CENI,"Pantalon Chino Lino 20064 (White, XXL, Cenidor)",Pantalon Chino Lino 20064,"White, XXL, Cenidor",WHIT,XXL
2000000042879,1-PANT-M-20066-WHIT-M-NOBR,"Pantalon Jogger Lino 20066 (White, M)",Pantalon Jogger Lino 20066,"White, M",WHIT,M
2000000042909,1-PANT-M-20066-WHIT-XXL-NOBR,"Pantalon Jogger Lino 20066 (White, XXL)",Pantalon Jogger Lino 20066,"White, XXL",WHIT,XXL
2000000042794,1-PANT-M-20066-NATU-XL-NOBR,"Pantalon Jogger Lino 20066 (Natural, XL)",Pantalon Jogger Lino 20066,"Natural, XL",NATU,XL
2000000042756,1-PANT-M-20066-BLCK-XXL-NOBR,"Pantalon Jogger Lino 20066 (BLACK, XXL)",Pantalon Jogger Lino 20066,"BLACK, XXL",BLCK,XXL
2000000042718,1-PANT-M-20066-BLCK-L-NOBR,"Pantalon Jogger Lino 20066 (BLACK, L)",Pantalon Jogger Lino 20066,"BLACK, L",BLCK,L
,1-PANT-M-20001-BLCK-L-BUDA,"Pantalon Plano 20001 (BLACK, L, Budapestt)",Pantalon Plano 20001,"BLACK, L, Budapestt",BLCK,L
2000000042336,1-PANT-M-20001-BLCK-S-NOBR,"Pantalon Plano 20001 (BLACK, S, nobrand)",Pantalon Plano 20001,"BLACK, S, nobrand",BLCK,S
,1-PANT-M-20001-BLCK-XL-BUDA,"Pantalon Plano 20001 (BLACK, XL, Budapestt)",Pantalon Plano 20001,"BLACK, XL, Budapestt",BLCK,XL
2000000042343,1-PANT-M-20001-BLCK-XL-NOBR,"Pantalon Plano 20001 (BLACK, XL, nobrand)",Pantalon Plano 20001,"BLACK, XL, nobrand",BLCK,XL
2000000042367,1-PANT-M-20001-GREN-L-NOBR,"Pantalon Plano 20001 (Green, L, nobrand)",Pantalon Plano 20001,"Green, L, nobrand",GREN,L
2000000042381,1-PANT-M-20001-GREN-S-NOBR,"Pantalon Plano 20001 (Green, S, nobrand)",Pantalon Plano 20001,"Green, S, nobrand",GREN,S
2000000042442,1-PANT-M-20002-ECRU-XL-NOBR,Pantalon Plano 20002 (XL),Pantalon Plano 20002,XL,ECRU,XL
2000000007335,1-TRDB-M-PAPAC-UNIC-S-NOBR,Papa Charlie PAPAC (S),Papa Charlie PAPAC,S,UNIC,S
2000000007397,1-TRDB-M-PARMA-UNIC-XL-NOBR,Parma PARMA (XL),Parma PARMA,XL,UNIC,XL
2000000007403,1-TRDB-M-PARMA-UNIC-XXL-NOBR,Parma PARMA (XXL),Parma PARMA,XXL,UNIC,XXL
2000000023274,1-CAMP-M-01158-MGRN-M-PARK,"Phantom 01158 (Military green, M, Parka)",Phantom 01158,"Military green, M, Parka",MGRN,M
2000000023311,1-CAMP-M-01158-MGRN-XL-PARK,"Phantom 01158 (Military green, XL, Parka)",Phantom 01158,"Military green, XL, Parka",MGRN,XL
2000000023359,1-CAMP-M-01158-OFWH-L-PARK,"Phantom 01158 (Off white, L, Parka)",Phantom 01158,"Off white, L, Parka",OFWH,L
2000000023397,1-CAMP-M-01158-OFWH-S-PARK,"Phantom 01158 (Off white, S, Parka)",Phantom 01158,"Off white, S, Parka",OFWH,S
2000000023434,1-CAMP-M-01158-OFWH-XXL-PARK,"Phantom 01158 (Off white, XXL, Parka)",Phantom 01158,"Off white, XXL, Parka",OFWH,XXL
,1-PANT-M-20001-BLCK-XXL-BUDA,"Pantalon Plano 20001 (BLACK, XXL, Budapestt)",Pantalon Plano 20001,"BLACK, XXL, Budapestt",BLCK,XXL
,1-PANT-M-20001-GREN-M-BUDA,"Pantalon Plano 20001 (Green, M, Budapestt)",Pantalon Plano 20001,"Green, M, Budapestt",GREN,M
,1-PANT-M-20001-GREN-L-BUDA,"Pantalon Plano 20001 (Green, L, Budapestt)",Pantalon Plano 20001,"Green, L, Budapestt",GREN,L
2000000042459,1-PANT-M-20002-ECRU-XXL-NOBR,Pantalon Plano 20002 (XXL),Pantalon Plano 20002,XXL,ECRU,XXL
2000000007328,1-TRDB-M-PAPAC-UNIC-M-NOBR,Papa Charlie PAPAC (M),Papa Charlie PAPAC,M,UNIC,M
2000000007380,1-TRDB-M-PARMA-UNIC-S-NOBR,Parma PARMA (S),Parma PARMA,S,UNIC,S
2000000023243,1-CAMP-M-01158-MGRN-L-NOBR,"Phantom 01158 (Military green, L, nobrand)",Phantom 01158,"Military green, L, nobrand",MGRN,L
2000000023281,1-CAMP-M-01158-MGRN-S-NOBR,"Phantom 01158 (Military green, S, nobrand)",Phantom 01158,"Military green, S, nobrand",MGRN,S
2000000023328,1-CAMP-M-01158-MGRN-XXL-NOBR,"Phantom 01158 (Military green, XXL, nobrand)",Phantom 01158,"Military green, XXL, nobrand",MGRN,XXL
2000000023366,1-CAMP-M-01158-OFWH-M-NOBR,"Phantom 01158 (Off white, M, nobrand)",Phantom 01158,"Off white, M, nobrand",OFWH,M
2000000023403,1-CAMP-M-01158-OFWH-XL-NOBR,"Phantom 01158 (Off white, XL, nobrand)",Phantom 01158,"Off white, XL, nobrand",OFWH,XL
2000000023229,1-CAMP-M-01158-BLCK-XXL-NOBR,"Phantom 01158 (BLACK, XXL, nobrand)",Phantom 01158,"BLACK, XXL, nobrand",BLCK,XXL
2000000042350,1-PANT-M-20001-BLCK-XXL-NOBR,"Pantalon Plano 20001 (BLACK, XXL, nobrand)",Pantalon Plano 20001,"BLACK, XXL, nobrand",BLCK,XXL
2000000042374,1-PANT-M-20001-GREN-M-NOBR,"Pantalon Plano 20001 (Green, M, nobrand)",Pantalon Plano 20001,"Green, M, nobrand",GREN,M
2000000042428,1-PANT-M-20002-ECRU-M-NOBR,Pantalon Plano 20002 (M),Pantalon Plano 20002,M,ECRU,M
2000000042411,1-PANT-M-20002-ECRU-L-NOBR,Pantalon Plano 20002 (L),Pantalon Plano 20002,L,ECRU,L
2000000007311,1-TRDB-M-PAPAC-UNIC-L-NOBR,Papa Charlie PAPAC (L),Papa Charlie PAPAC,L,UNIC,L
2000000007373,1-TRDB-M-PARMA-UNIC-M-NOBR,Parma PARMA (M),Parma PARMA,M,UNIC,M
2000000023250,1-CAMP-M-01158-MGRN-L-PARK,"Phantom 01158 (Military green, L, Parka)",Phantom 01158,"Military green, L, Parka",MGRN,L
2000000023298,1-CAMP-M-01158-MGRN-S-PARK,"Phantom 01158 (Military green, S, Parka)",Phantom 01158,"Military green, S, Parka",MGRN,S
2000000023335,1-CAMP-M-01158-MGRN-XXL-PARK,"Phantom 01158 (Military green, XXL, Parka)",Phantom 01158,"Military green, XXL, Parka",MGRN,XXL
2000000023373,1-CAMP-M-01158-OFWH-M-PARK,"Phantom 01158 (Off white, M, Parka)",Phantom 01158,"Off white, M, Parka",OFWH,M
2000000023410,1-CAMP-M-01158-OFWH-XL-PARK,"Phantom 01158 (Off white, XL, Parka)",Phantom 01158,"Off white, XL, Parka",OFWH,XL
2000000023144,1-CAMP-M-01158-BLCK-L-NOBR,"Phantom 01158 (BLACK, L, nobrand)",Phantom 01158,"BLACK, L, nobrand",BLCK,L
,1-PANT-M-20001-GREN-XL-BUDA,"Pantalon Plano 20001 (Green, XL, Budapestt)",Pantalon Plano 20001,"Green, XL, Budapestt",GREN,XL
,1-PANT-M-20001-GREN-S-BUDA,"Pantalon Plano 20001 (Green, S, Budapestt)",Pantalon Plano 20001,"Green, S, Budapestt",GREN,S
2000000042435,1-PANT-M-20002-ECRU-S-NOBR,Pantalon Plano 20002 (S),Pantalon Plano 20002,S,ECRU,S
2000000007342,1-TRDB-M-PAPAC-UNIC-XL-NOBR,Papa Charlie PAPAC (XL),Papa Charlie PAPAC,XL,UNIC,XL
2000000007359,1-TRDB-M-PAPAC-UNIC-XXL-NOBR,Papa Charlie PAPAC (XXL),Papa Charlie PAPAC,XXL,UNIC,XXL
2000000007366,1-TRDB-M-PARMA-UNIC-L-NOBR,Parma PARMA (L),Parma PARMA,L,UNIC,L
2000000023267,1-CAMP-M-01158-MGRN-M-NOBR,"Phantom 01158 (Military green, M, nobrand)",Phantom 01158,"Military green, M, nobrand",MGRN,M
2000000023304,1-CAMP-M-01158-MGRN-XL-NOBR,"Phantom 01158 (Military green, XL, nobrand)",Phantom 01158,"Military green, XL, nobrand",MGRN,XL
2000000023342,1-CAMP-M-01158-OFWH-L-NOBR,"Phantom 01158 (Off white, L, nobrand)",Phantom 01158,"Off white, L, nobrand",OFWH,L
2000000023380,1-CAMP-M-01158-OFWH-S-NOBR,"Phantom 01158 (Off white, S, nobrand)",Phantom 01158,"Off white, S, nobrand",OFWH,S
2000000023427,1-CAMP-M-01158-OFWH-XXL-NOBR,"Phantom 01158 (Off white, XXL, nobrand)",Phantom 01158,"Off white, XXL, nobrand",OFWH,XXL
2000000023151,1-CAMP-M-01158-BLCK-L-PARK,"Phantom 01158 (BLACK, L, Parka)",Phantom 01158,"BLACK, L, Parka",BLCK,L
2000000023168,1-CAMP-M-01158-BLCK-M-NOBR,"Phantom 01158 (BLACK, M, nobrand)",Phantom 01158,"BLACK, M, nobrand",BLCK,M
2000000023205,1-CAMP-M-01158-BLCK-XL-NOBR,"Phantom 01158 (BLACK, XL, nobrand)",Phantom 01158,"BLACK, XL, nobrand",BLCK,XL
2000000007441,1-TRDB-M-PIGEO-UNIC-XL-NOBR,Pigeons PIGEO (XL),Pigeons PIGEO,XL,UNIC,XL
2000000007465,,UNIC,UNIC,,,
2000000006741,1-TRDB-M-LEMON-UNIC-XL-NOBR,Pink Lemonade LEMON (XL),Pink Lemonade LEMON,XL,UNIC,XL
2000000049151,,1-TRDB-M-PIÑAC-UNIC-S-NOBR,1-TRDB-M-PIÑAC-UNIC-S-NOBR,,,
2000000049212,1-TRDB-M-PRAGA-UNIC-XL-NOBR,Praga PRAGA (XL),Praga PRAGA,XL,UNIC,XL
2000000038858,1-CAMP-W-02077-BLCK-L-NOBR,"Prisma 02077 (BLACK, L, nobrand)",Prisma 02077,"BLACK, L, nobrand",BLCK,L
2000000038896,1-CAMP-W-02077-BLCK-S-NOBR,"Prisma 02077 (BLACK, S, nobrand)",Prisma 02077,"BLACK, S, nobrand",BLCK,S
2000000038940,1-CAMP-W-02077-GREN-L-PARK,"Prisma 02077 (Green, L, Parka)",Prisma 02077,"Green, L, Parka",GREN,L
2000000038988,1-CAMP-W-02077-GREN-S-PARK,"Prisma 02077 (Green, S, Parka)",Prisma 02077,"Green, S, Parka",GREN,S
2000000039343,1-CAMP-W-02094-BLCK-L-PARK,"QUARTZ 02094 (L, Parka)",QUARTZ 02094,"L, Parka",BLCK,L
2000000023175,1-CAMP-M-01158-BLCK-M-PARK,"Phantom 01158 (BLACK, M, Parka)",Phantom 01158,"BLACK, M, Parka",BLCK,M
2000000023212,1-CAMP-M-01158-BLCK-XL-PARK,"Phantom 01158 (BLACK, XL, Parka)",Phantom 01158,"BLACK, XL, Parka",BLCK,XL
2000000007458,1-TRDB-M-PIGEO-UNIC-XXL-NOBR,Pigeons PIGEO (XXL),Pigeons PIGEO,XXL,UNIC,XXL
2000000006710,1-TRDB-M-LEMON-UNIC-L-NOBR,Pink Lemonade LEMON (L),Pink Lemonade LEMON,L,UNIC,L
2000000006758,1-TRDB-M-LEMON-UNIC-XXL-NOBR,Pink Lemonade LEMON (XXL),Pink Lemonade LEMON,XXL,UNIC,XXL
2000000049168,,1-TRDB-M-PIÑAC-UNIC-XL-NOBR,1-TRDB-M-PIÑAC-UNIC-XL-NOBR,,,
2000000049205,1-TRDB-M-PRAGA-UNIC-S-NOBR,Praga PRAGA (S),Praga PRAGA,S,UNIC,S
2000000038865,1-CAMP-W-02077-BLCK-L-PARK,"Prisma 02077 (BLACK, L, Parka)",Prisma 02077,"BLACK, L, Parka",BLCK,L
2000000038902,1-CAMP-W-02077-BLCK-S-PARK,"Prisma 02077 (BLACK, S, Parka)",Prisma 02077,"BLACK, S, Parka",BLCK,S
2000000038957,1-CAMP-W-02077-GREN-M-NOBR,"Prisma 02077 (Green, M, nobrand)",Prisma 02077,"Green, M, nobrand",GREN,M
2000000038995,1-CAMP-W-02077-GREN-XL-NOBR,"Prisma 02077 (Green, XL, nobrand)",Prisma 02077,"Green, XL, nobrand",GREN,XL
2000000039367,1-CAMP-W-02094-BLCK-M-PARK,"QUARTZ 02094 (M, Parka)",QUARTZ 02094,"M, Parka",BLCK,M
2000000023182,1-CAMP-M-01158-BLCK-S-NOBR,"Phantom 01158 (BLACK, S, nobrand)",Phantom 01158,"BLACK, S, nobrand",BLCK,S
2000000023236,1-CAMP-M-01158-BLCK-XXL-PARK,"Phantom 01158 (BLACK, XXL, Parka)",Phantom 01158,"BLACK, XXL, Parka",BLCK,XXL
2000000007427,1-TRDB-M-PIGEO-UNIC-M-NOBR,Pigeons PIGEO (M),Pigeons PIGEO,M,UNIC,M
2000000006727,1-TRDB-M-LEMON-UNIC-M-NOBR,Pink Lemonade LEMON (M),Pink Lemonade LEMON,M,UNIC,M
2000000049137,,1-TRDB-M-PIÑAC-UNIC-L-NOBR,1-TRDB-M-PIÑAC-UNIC-L-NOBR,,,
2000000049175,,1-TRDB-M-PIÑAC-UNIC-XXL-NOBR,1-TRDB-M-PIÑAC-UNIC-XXL-NOBR,,,
2000000049199,1-TRDB-M-PRAGA-UNIC-M-NOBR,Praga PRAGA (M),Praga PRAGA,M,UNIC,M
2000000038872,1-CAMP-W-02077-BLCK-M-NOBR,"Prisma 02077 (BLACK, M, nobrand)",Prisma 02077,"BLACK, M, nobrand",BLCK,M
2000000038926,1-CAMP-W-02077-BLCK-XL-PARK,"Prisma 02077 (BLACK, XL, Parka)",Prisma 02077,"BLACK, XL, Parka",BLCK,XL
2000000038964,1-CAMP-W-02077-GREN-M-PARK,"Prisma 02077 (Green, M, Parka)",Prisma 02077,"Green, M, Parka",GREN,M
2000000039008,1-CAMP-W-02077-GREN-XL-PARK,"Prisma 02077 (Green, XL, Parka)",Prisma 02077,"Green, XL, Parka",GREN,XL
2000000039404,1-CAMP-W-02094-BLCK-XL-PARK,"QUARTZ 02094 (XL, Parka)",QUARTZ 02094,"XL, Parka",BLCK,XL
2000000023199,1-CAMP-M-01158-BLCK-S-PARK,"Phantom 01158 (BLACK, S, Parka)",Phantom 01158,"BLACK, S, Parka",BLCK,S
2000000007410,1-TRDB-M-PIGEO-UNIC-L-NOBR,Pigeons PIGEO (L),Pigeons PIGEO,L,UNIC,L
2000000007434,1-TRDB-M-PIGEO-UNIC-S-NOBR,Pigeons PIGEO (S),Pigeons PIGEO,S,UNIC,S
2000000006734,1-TRDB-M-LEMON-UNIC-S-NOBR,Pink Lemonade LEMON (S),Pink Lemonade LEMON,S,UNIC,S
2000000049144,,1-TRDB-M-PIÑAC-UNIC-M-NOBR,1-TRDB-M-PIÑAC-UNIC-M-NOBR,,,
2000000049229,1-TRDB-M-PRAGA-UNIC-XXL-NOBR,Praga PRAGA (XXL),Praga PRAGA,XXL,UNIC,XXL
2000000049182,1-TRDB-M-PRAGA-UNIC-L-NOBR,Praga PRAGA (L),Praga PRAGA,L,UNIC,L
2000000038889,1-CAMP-W-02077-BLCK-M-PARK,"Prisma 02077 (BLACK, M, Parka)",Prisma 02077,"BLACK, M, Parka",BLCK,M
2000000038933,1-CAMP-W-02077-GREN-L-NOBR,"Prisma 02077 (Green, L, nobrand)",Prisma 02077,"Green, L, nobrand",GREN,L
2000000038971,1-CAMP-W-02077-GREN-S-NOBR,"Prisma 02077 (Green, S, nobrand)",Prisma 02077,"Green, S, nobrand",GREN,S
2000000038919,1-CAMP-W-02077-BLCK-XL-NOBR,"Prisma 02077 (BLACK, XL, nobrand)",Prisma 02077,"BLACK, XL, nobrand",BLCK,XL
2000000039398,1-CAMP-W-02094-BLCK-XL-NOBR,"QUARTZ 02094 (XL, nobrand)",QUARTZ 02094,"XL, nobrand",BLCK,XL
2000000039381,1-CAMP-W-02094-BLCK-S-PARK,"QUARTZ 02094 (S, Parka)",QUARTZ 02094,"S, Parka",BLCK,S
2000000049274,1-TRDB-M-QUEEN-BLCK-XXL-NOBR,"Queensland QUEEN (BLACK, XXL)",Queensland QUEEN,"BLACK, XXL",BLCK,XXL
2000000049328,1-TRDB-M-QUEEN-LBLU-XXL-NOBR,"Queensland QUEEN (Light blue, XXL)",Queensland QUEEN,"Light blue, XXL",LBLU,XXL
2000000049250,1-TRDB-M-QUEEN-BLCK-S-NOBR,"Queensland QUEEN (BLACK, S)",Queensland QUEEN,"BLACK, S",BLCK,S
,1-CAMI-M-RANGE-BLCK-XS-MANK,"RANGE (BLACK, XS)",RANGE,"BLACK, XS",BLCK,XS
2000000010991,1-CAMI-M-RANGE-ECRU-S-MANK,"RANGE (Ecru, S)",RANGE,"Ecru, S",ECRU,S
,1-CAMI-M-RANGE-BLCK-L-MANK,"RANGE (BLACK, L)",RANGE,"BLACK, L",BLCK,L
2000000023991,1-CAMP-M-01165-BLCK-S-PUFE,"RHIN 01165 (BLACK, S, Puffers)",RHIN 01165,"BLACK, S, Puffers",BLCK,S
2000000023960,1-CAMP-M-01165-BLCK-M-NOBR,"RHIN 01165 (BLACK, M, nobrand)",RHIN 01165,"BLACK, M, nobrand",BLCK,M
2000000023922,1-CAMP-M-01165-BEIG-XXL-NOBR,"RHIN 01165 (Beige, XXL, nobrand)",RHIN 01165,"Beige, XXL, nobrand",BEIG,XXL
2000000023861,1-CAMP-M-01165-BEIG-M-NOBR,"RHIN 01165 (Beige, M, nobrand)",RHIN 01165,"Beige, M, nobrand",BEIG,M
2000000024110,1-CAMP-M-01165-MGRN-XL-PUFE,"RHIN 01165 (Military green, XL, Puffers)",RHIN 01165,"Military green, XL, Puffers",MGRN,XL
2000000039374,1-CAMP-W-02094-BLCK-S-NOBR,"QUARTZ 02094 (S, nobrand)",QUARTZ 02094,"S, nobrand",BLCK,S
2000000049281,1-TRDB-M-QUEEN-LBLU-L-NOBR,"Queensland QUEEN (Light blue, L)",Queensland QUEEN,"Light blue, L",LBLU,L
2000000049311,1-TRDB-M-QUEEN-LBLU-XL-NOBR,"Queensland QUEEN (Light blue, XL)",Queensland QUEEN,"Light blue, XL",LBLU,XL
2000000049267,1-TRDB-M-QUEEN-BLCK-XL-NOBR,"Queensland QUEEN (BLACK, XL)",Queensland QUEEN,"BLACK, XL",BLCK,XL
,1-CAMI-M-RANGE-BLCK-XXL-MANK,"RANGE (BLACK, XXL)",RANGE,"BLACK, XXL",BLCK,XXL
2000000011004,1-CAMI-M-RANGE-ECRU-XL-MANK,"RANGE (Ecru, XL)",RANGE,"Ecru, XL",ECRU,XL
,1-CAMI-M-RANGE-BLCK-M-MANK,"RANGE (BLACK, M)",RANGE,"BLACK, M",BLCK,M
2000000023984,1-CAMP-M-01165-BLCK-S-NOBR,"RHIN 01165 (BLACK, S, nobrand)",RHIN 01165,"BLACK, S, nobrand",BLCK,S
2000000023953,1-CAMP-M-01165-BLCK-L-PUFE,"RHIN 01165 (BLACK, L, Puffers)",RHIN 01165,"BLACK, L, Puffers",BLCK,L
2000000024080,1-CAMP-M-01165-MGRN-S-NOBR,"RHIN 01165 (Military green, S, nobrand)",RHIN 01165,"Military green, S, nobrand",MGRN,S
2000000023915,1-CAMP-M-01165-BEIG-XL-PUFE,"RHIN 01165 (Beige, XL, Puffers)",RHIN 01165,"Beige, XL, Puffers",BEIG,XL
2000000024103,1-CAMP-M-01165-MGRN-XL-NOBR,"RHIN 01165 (Military green, XL, nobrand)",RHIN 01165,"Military green, XL, nobrand",MGRN,XL
2000000039336,1-CAMP-W-02094-BLCK-L-NOBR,"QUARTZ 02094 (L, nobrand)",QUARTZ 02094,"L, nobrand",BLCK,L
2000000049243,1-TRDB-M-QUEEN-BLCK-M-NOBR,"Queensland QUEEN (BLACK, M)",Queensland QUEEN,"BLACK, M",BLCK,M
2000000049304,1-TRDB-M-QUEEN-LBLU-S-NOBR,"Queensland QUEEN (Light blue, S)",Queensland QUEEN,"Light blue, S",LBLU,S
,1-CAMI-M-RANGE-BLCK-S-MANK,"RANGE (BLACK, S)",RANGE,"BLACK, S",BLCK,S
2000000010977,1-CAMI-M-RANGE-ECRU-L-MANK,"RANGE (Ecru, L)",RANGE,"Ecru, L",ECRU,L
,1-CAMI-M-RANGE-ECRU-XS-MANK,"RANGE (Ecru, XS)",RANGE,"Ecru, XS",ECRU,XS
2000000024011,1-CAMP-M-01165-BLCK-XL-PUFE,"RHIN 01165 (BLACK, XL, Puffers)",RHIN 01165,"BLACK, XL, Puffers",BLCK,XL
2000000023854,1-CAMP-M-01165-BEIG-L-PUFE,"RHIN 01165 (Beige, L, Puffers)",RHIN 01165,"Beige, L, Puffers",BEIG,L
2000000023946,1-CAMP-M-01165-BLCK-L-NOBR,"RHIN 01165 (BLACK, L, nobrand)",RHIN 01165,"BLACK, L, nobrand",BLCK,L
2000000024073,1-CAMP-M-01165-MGRN-M-PUFE,"RHIN 01165 (Military green, M, Puffers)",RHIN 01165,"Military green, M, Puffers",MGRN,M
2000000024134,1-CAMP-M-01165-MGRN-XXL-PUFE,"RHIN 01165 (Military green, XXL, Puffers)",RHIN 01165,"Military green, XXL, Puffers",MGRN,XXL
2000000024097,1-CAMP-M-01165-MGRN-S-PUFE,"RHIN 01165 (Military green, S, Puffers)",RHIN 01165,"Military green, S, Puffers",MGRN,S
2000000039350,1-CAMP-W-02094-BLCK-M-NOBR,"QUARTZ 02094 (M, nobrand)",QUARTZ 02094,"M, nobrand",BLCK,M
2000000049236,1-TRDB-M-QUEEN-BLCK-L-NOBR,"Queensland QUEEN (BLACK, L)",Queensland QUEEN,"BLACK, L",BLCK,L
2000000049298,1-TRDB-M-QUEEN-LBLU-M-NOBR,"Queensland QUEEN (Light blue, M)",Queensland QUEEN,"Light blue, M",LBLU,M
,1-CAMI-M-RANGE-BLCK-XL-MANK,"RANGE (BLACK, XL)",RANGE,"BLACK, XL",BLCK,XL
2000000010984,1-CAMI-M-RANGE-ECRU-M-MANK,"RANGE (Ecru, M)",RANGE,"Ecru, M",ECRU,M
2000000011011,1-CAMI-M-RANGE-ECRU-XXL-MANK,"RANGE (Ecru, XXL)",RANGE,"Ecru, XXL",ECRU,XXL
2000000024004,1-CAMP-M-01165-BLCK-XL-NOBR,"RHIN 01165 (BLACK, XL, nobrand)",RHIN 01165,"BLACK, XL, nobrand",BLCK,XL
2000000023977,1-CAMP-M-01165-BLCK-M-PUFE,"RHIN 01165 (BLACK, M, Puffers)",RHIN 01165,"BLACK, M, Puffers",BLCK,M
2000000023939,1-CAMP-M-01165-BEIG-XXL-PUFE,"RHIN 01165 (Beige, XXL, Puffers)",RHIN 01165,"Beige, XXL, Puffers",BEIG,XXL
2000000024066,1-CAMP-M-01165-MGRN-M-NOBR,"RHIN 01165 (Military green, M, nobrand)",RHIN 01165,"Military green, M, nobrand",MGRN,M
2000000024127,1-CAMP-M-01165-MGRN-XXL-NOBR,"RHIN 01165 (Military green, XXL, nobrand)",RHIN 01165,"Military green, XXL, nobrand",MGRN,XXL
2000000023892,1-CAMP-M-01165-BEIG-S-PUFE,"RHIN 01165 (Beige, S, Puffers)",RHIN 01165,"Beige, S, Puffers",BEIG,S
2000000023885,1-CAMP-M-01165-BEIG-S-NOBR,"RHIN 01165 (Beige, S, nobrand)",RHIN 01165,"Beige, S, nobrand",BEIG,S
2000000024059,1-CAMP-M-01165-MGRN-L-PUFE,"RHIN 01165 (Military green, L, Puffers)",RHIN 01165,"Military green, L, Puffers",MGRN,L
2000000041759,1-CHOM-M-RONAL-GREY-M-NOBR,"RONAL (grey, M)",RONAL,"grey, M",GREY,M
2000000041728,1-CHOM-M-RONAL-ECRU-XL-NOBR,"RONAL (Ecru, XL)",RONAL,"Ecru, XL",ECRU,XL
2000000041643,1-CHOM-M-RONAL-BLCK-L-NOBR,"RONAL (BLACK, L)",RONAL,"BLACK, L",BLCK,L
2000000041612,1-CHOM-M-RONAL-ABLU-S-NOBR,"RONAL (Airforced Blue, S)",RONAL,"Airforced Blue, S",ABLU,S
2000000041681,1-CHOM-M-RONAL-BLCK-XXL-NOBR,"RONAL (BLACK, XXL)",RONAL,"BLACK, XXL",BLCK,XXL
,CURVA-RONAL-BLCK-NOBR,RONALDO BLACK — Curva 8u (1S/2M/2L/2XL/1XXL),RONALDO BLACK — Curva 8u,1S/2M/2L/2XL/1XXL,,
2000000043180,1-REME-M-01028-NAVY-L-NOBR,"Remera Tejida 01028 (Navy, L)",Remera Tejida 01028,"Navy, L",NAVY,L
2000000043067,1-REME-M-01028-BEIG-XL-NOBR,"Remera Tejida 01028 (Beige, XL)",Remera Tejida 01028,"Beige, XL",BEIG,XL
2000000043104,1-REME-M-01028-BLCK-S-NOBR,"Remera Tejida 01028 (BLACK, S)",Remera Tejida 01028,"BLACK, S",BLCK,S
2000000023878,1-CAMP-M-01165-BEIG-M-PUFE,"RHIN 01165 (Beige, M, Puffers)",RHIN 01165,"Beige, M, Puffers",BEIG,M
2000000024042,1-CAMP-M-01165-MGRN-L-NOBR,"RHIN 01165 (Military green, L, nobrand)",RHIN 01165,"Military green, L, nobrand",MGRN,L
2000000041742,1-CHOM-M-RONAL-GREY-L-NOBR,"RONAL (grey, L)",RONAL,"grey, L",GREY,L
2000000041711,1-CHOM-M-RONAL-ECRU-S-NOBR,"RONAL (Ecru, S)",RONAL,"Ecru, S",ECRU,S
2000000041650,1-CHOM-M-RONAL-BLCK-M-NOBR,"RONAL (BLACK, M)",RONAL,"BLACK, M",BLCK,M
2000000041629,1-CHOM-M-RONAL-ABLU-XL-NOBR,"RONAL (Airforced Blue, XL)",RONAL,"Airforced Blue, XL",ABLU,XL
2000000041780,1-CHOM-M-RONAL-GREY-XXL-NOBR,"RONAL (grey, XXL)",RONAL,"grey, XXL",GREY,XXL
,CURVA-RONAL-GREY-NOBR,RONALDO GREY — Curva 8u (1S/2M/2L/2XL/1XXL),RONALDO GREY — Curva 8u,1S/2M/2L/2XL/1XXL,,
2000000043227,1-REME-M-01028-NAVY-XXL-NOBR,"Remera Tejida 01028 (Navy, XXL)",Remera Tejida 01028,"Navy, XXL",NAVY,XXL
2000000043036,1-REME-M-01028-BEIG-L-NOBR,"Remera Tejida 01028 (Beige, L)",Remera Tejida 01028,"Beige, L",BEIG,L
2000000043074,1-REME-M-01028-BEIG-XXL-NOBR,"Remera Tejida 01028 (Beige, XXL)",Remera Tejida 01028,"Beige, XXL",BEIG,XXL
2000000043111,1-REME-M-01028-BLCK-XL-NOBR,"Remera Tejida 01028 (BLACK, XL)",Remera Tejida 01028,"BLACK, XL",BLCK,XL
2000000023908,1-CAMP-M-01165-BEIG-XL-NOBR,"RHIN 01165 (Beige, XL, nobrand)",RHIN 01165,"Beige, XL, nobrand",BEIG,XL
2000000024035,1-CAMP-M-01165-BLCK-XXL-PUFE,"RHIN 01165 (BLACK, XXL, Puffers)",RHIN 01165,"BLACK, XXL, Puffers",BLCK,XXL
2000000041599,1-CHOM-M-RONAL-ABLU-L-NOBR,"RONAL (Airforced Blue, L)",RONAL,"Airforced Blue, L",ABLU,L
2000000041704,1-CHOM-M-RONAL-ECRU-M-NOBR,"RONAL (Ecru, M)",RONAL,"Ecru, M",ECRU,M
2000000041667,1-CHOM-M-RONAL-BLCK-S-NOBR,"RONAL (BLACK, S)",RONAL,"BLACK, S",BLCK,S
2000000041636,1-CHOM-M-RONAL-ABLU-XXL-NOBR,"RONAL (Airforced Blue, XXL)",RONAL,"Airforced Blue, XXL",ABLU,XXL
2000000041773,1-CHOM-M-RONAL-GREY-XL-NOBR,"RONAL (grey, XL)",RONAL,"grey, XL",GREY,XL
,CURVA-RONAL-ABLU-NOBR,RONALDO NAVY — Curva 8u (1S/2M/2L/2XL/1XXL),RONALDO NAVY — Curva 8u,1S/2M/2L/2XL/1XXL,,
2000000043210,1-REME-M-01028-NAVY-XL-NOBR,"Remera Tejida 01028 (Navy, XL)",Remera Tejida 01028,"Navy, XL",NAVY,XL
2000000043043,1-REME-M-01028-BEIG-M-NOBR,"Remera Tejida 01028 (Beige, M)",Remera Tejida 01028,"Beige, M",BEIG,M
2000000043081,1-REME-M-01028-BLCK-L-NOBR,"Remera Tejida 01028 (BLACK, L)",Remera Tejida 01028,"BLACK, L",BLCK,L
2000000043128,1-REME-M-01028-BLCK-XXL-NOBR,"Remera Tejida 01028 (BLACK, XXL)",Remera Tejida 01028,"BLACK, XXL",BLCK,XXL
2000000023847,1-CAMP-M-01165-BEIG-L-NOBR,"RHIN 01165 (Beige, L, nobrand)",RHIN 01165,"Beige, L, nobrand",BEIG,L
2000000024028,1-CAMP-M-01165-BLCK-XXL-NOBR,"RHIN 01165 (BLACK, XXL, nobrand)",RHIN 01165,"BLACK, XXL, nobrand",BLCK,XXL
2000000041735,1-CHOM-M-RONAL-ECRU-XXL-NOBR,"RONAL (Ecru, XXL)",RONAL,"Ecru, XXL",ECRU,XXL
2000000041605,1-CHOM-M-RONAL-ABLU-M-NOBR,"RONAL (Airforced Blue, M)",RONAL,"Airforced Blue, M",ABLU,M
2000000041674,1-CHOM-M-RONAL-BLCK-XL-NOBR,"RONAL (BLACK, XL)",RONAL,"BLACK, XL",BLCK,XL
2000000041698,1-CHOM-M-RONAL-ECRU-L-NOBR,"RONAL (Ecru, L)",RONAL,"Ecru, L",ECRU,L
2000000041766,1-CHOM-M-RONAL-GREY-S-NOBR,"RONAL (grey, S)",RONAL,"grey, S",GREY,S
,CURVA-RONAL-ECRU-NOBR,RONALDO OFFWHITE — Curva 8u (1S/2M/2L/2XL/1XXL),RONALDO OFFWHITE — Curva 8u,1S/2M/2L/2XL/1XXL,,
2000000043203,1-REME-M-01028-NAVY-S-NOBR,"Remera Tejida 01028 (Navy, S)",Remera Tejida 01028,"Navy, S",NAVY,S
2000000043050,1-REME-M-01028-BEIG-S-NOBR,"Remera Tejida 01028 (Beige, S)",Remera Tejida 01028,"Beige, S",BEIG,S
2000000043098,1-REME-M-01028-BLCK-M-NOBR,"Remera Tejida 01028 (BLACK, M)",Remera Tejida 01028,"BLACK, M",BLCK,M
2000000043135,1-REME-M-01028-GREY-L-NOBR,"Remera Tejida 01028 (grey, L)",Remera Tejida 01028,"grey, L",GREY,L
2000000043142,1-REME-M-01028-GREY-M-NOBR,"Remera Tejida 01028 (grey, M)",Remera Tejida 01028,"grey, M",GREY,M
2000000043197,1-REME-M-01028-NAVY-M-NOBR,"Remera Tejida 01028 (Navy, M)",Remera Tejida 01028,"Navy, M",NAVY,M
2000000049342,1-TRDB-M-REPTI-UNIC-M-NOBR,Reptile REPTI (M),Reptile REPTI,M,UNIC,M
2000000049380,1-TRDB-M-RNILE-UNIC-L-NOBR,River Nile RNILE (L),River Nile RNILE,L,UNIC,L
2000000052991,2-BI-U-ROCKS-UNIC-S-0PRK-21V,Rockslide (S),Rockslide,S,UNIC,S
2000000039282,1-CAMP-W-02083-BLCK-M-PUFE,"Ryder 02083 (M, Puffers)",Ryder 02083,"M, Puffers",BLCK,M
2000000039329,1-CAMP-W-02083-BLCK-XL-PUFE,"Ryder 02083 (XL, Puffers)",Ryder 02083,"XL, Puffers",BLCK,XL
2000000039626,1-CAMP-W-02114-GREY-S-PARK,"SAVANNA 02114 (grey, S, Parka)",SAVANNA 02114,"grey, S, Parka",GREY,S
2000000039589,1-CAMP-W-02114-GREY-L-PARK,"SAVANNA 02114 (grey, L, Parka)",SAVANNA 02114,"grey, L, Parka",GREY,L
2000000039510,1-CAMP-W-02114-BLCK-M-NOBR,"SAVANNA 02114 (BLACK, M, nobrand)",SAVANNA 02114,"BLACK, M, nobrand",BLCK,M
2000000039558,1-CAMP-W-02114-BLCK-XL-NOBR,"SAVANNA 02114 (BLACK, XL, nobrand)",SAVANNA 02114,"BLACK, XL, nobrand",BLCK,XL
2000000043159,1-REME-M-01028-GREY-S-NOBR,"Remera Tejida 01028 (grey, S)",Remera Tejida 01028,"grey, S",GREY,S
2000000049335,1-TRDB-M-REPTI-UNIC-L-NOBR,Reptile REPTI (L),Reptile REPTI,L,UNIC,L
2000000049359,1-TRDB-M-REPTI-UNIC-S-NOBR,Reptile REPTI (S),Reptile REPTI,S,UNIC,S
2000000049403,1-TRDB-M-RNILE-UNIC-S-NOBR,River Nile RNILE (S),River Nile RNILE,S,UNIC,S
2000000053004,2-BI-U-ROCKS-UNIC-M-0PRK-21V,Rockslide (M),Rockslide,M,UNIC,M
2000000039299,1-CAMP-W-02083-BLCK-S-NOBR,"Ryder 02083 (S, nobrand)",Ryder 02083,"S, nobrand",BLCK,S
2000000039275,1-CAMP-W-02083-BLCK-M-NOBR,"Ryder 02083 (M, nobrand)",Ryder 02083,"M, nobrand",BLCK,M
2000000039619,1-CAMP-W-02114-GREY-S-NOBR,"SAVANNA 02114 (grey, S, nobrand)",SAVANNA 02114,"grey, S, nobrand",GREY,S
2000000039565,1-CAMP-W-02114-BLCK-XL-PARK,"SAVANNA 02114 (BLACK, XL, Parka)",SAVANNA 02114,"BLACK, XL, Parka",BLCK,XL
2000000039527,1-CAMP-W-02114-BLCK-M-PARK,"SAVANNA 02114 (BLACK, M, Parka)",SAVANNA 02114,"BLACK, M, Parka",BLCK,M
2000000039497,1-CAMP-W-02114-BLCK-L-NOBR,"SAVANNA 02114 (BLACK, L, nobrand)",SAVANNA 02114,"BLACK, L, nobrand",BLCK,L
2000000043166,1-REME-M-01028-GREY-XL-NOBR,"Remera Tejida 01028 (grey, XL)",Remera Tejida 01028,"grey, XL",GREY,XL
2000000049373,1-TRDB-M-REPTI-UNIC-XXL-NOBR,Reptile REPTI (XXL),Reptile REPTI,XXL,UNIC,XXL
2000000049427,1-TRDB-M-RNILE-UNIC-XXL-NOBR,River Nile RNILE (XXL),River Nile RNILE,XXL,UNIC,XXL
2000000049397,1-TRDB-M-RNILE-UNIC-M-NOBR,River Nile RNILE (M),River Nile RNILE,M,UNIC,M
2000000039251,1-CAMP-W-02083-BLCK-L-NOBR,"Ryder 02083 (L, nobrand)",Ryder 02083,"L, nobrand",BLCK,L
2000000039305,1-CAMP-W-02083-BLCK-S-PUFE,"Ryder 02083 (S, Puffers)",Ryder 02083,"S, Puffers",BLCK,S
,CURVA-SARAJ-UNIC-NOBR,SARAJEVO — Curva 8u (1S/2M/2L/2XL/1XXL),SARAJEVO — Curva 8u,1S/2M/2L/2XL/1XXL,,
2000000039602,1-CAMP-W-02114-GREY-M-PARK,"SAVANNA 02114 (grey, M, Parka)",SAVANNA 02114,"grey, M, Parka",GREY,M
2000000039633,1-CAMP-W-02114-GREY-XL-NOBR,"SAVANNA 02114 (grey, XL, nobrand)",SAVANNA 02114,"grey, XL, nobrand",GREY,XL
2000000039572,1-CAMP-W-02114-GREY-L-NOBR,"SAVANNA 02114 (grey, L, nobrand)",SAVANNA 02114,"grey, L, nobrand",GREY,L
2000000039640,1-CAMP-W-02114-GREY-XL-PARK,"SAVANNA 02114 (grey, XL, Parka)",SAVANNA 02114,"grey, XL, Parka",GREY,XL
2000000043173,1-REME-M-01028-GREY-XXL-NOBR,"Remera Tejida 01028 (grey, XXL)",Remera Tejida 01028,"grey, XXL",GREY,XXL
2000000049366,1-TRDB-M-REPTI-UNIC-XL-NOBR,Reptile REPTI (XL),Reptile REPTI,XL,UNIC,XL
2000000049410,1-TRDB-M-RNILE-UNIC-XL-NOBR,River Nile RNILE (XL),River Nile RNILE,XL,UNIC,XL
2000000053011,2-BI-U-ROCKS-UNIC-L-0PRK-21V,Rockslide (L),Rockslide,L,UNIC,L
2000000039268,1-CAMP-W-02083-BLCK-L-PUFE,"Ryder 02083 (L, Puffers)",Ryder 02083,"L, Puffers",BLCK,L
2000000039312,1-CAMP-W-02083-BLCK-XL-NOBR,"Ryder 02083 (XL, nobrand)",Ryder 02083,"XL, nobrand",BLCK,XL
2000000039534,1-CAMP-W-02114-BLCK-S-NOBR,"SAVANNA 02114 (BLACK, S, nobrand)",SAVANNA 02114,"BLACK, S, nobrand",BLCK,S
2000000039596,1-CAMP-W-02114-GREY-M-NOBR,"SAVANNA 02114 (grey, M, nobrand)",SAVANNA 02114,"grey, M, nobrand",GREY,M
2000000039503,1-CAMP-W-02114-BLCK-L-PARK,"SAVANNA 02114 (BLACK, L, Parka)",SAVANNA 02114,"BLACK, L, Parka",BLCK,L
2000000039541,1-CAMP-W-02114-BLCK-S-PARK,"SAVANNA 02114 (BLACK, S, Parka)",SAVANNA 02114,"BLACK, S, Parka",BLCK,S
2000000037394,1-CAMP-W-02049-BLCK-L-PUFE,"SHELL 02049 (L, Puffers)",SHELL 02049,"L, Puffers",BLCK,L
2000000037431,1-CAMP-W-02049-BLCK-S-NOBR,"SHELL 02049 (S, nobrand)",SHELL 02049,"S, nobrand",BLCK,S
2000000037479,1-CAMP-W-02049-BLCK-XL-PARK,"SHELL 02049 (XL, Parka)",SHELL 02049,"XL, Parka",BLCK,XL
2000000025872,1-CAMP-M-01194-BLCK-XXL-NOBR,"SHELTER 01194 (XXL, nobrand)",SHELTER 01194,"XXL, nobrand",BLCK,XXL
2000000025827,1-CAMP-M-01194-BLCK-M-PARK,"SHELTER 01194 (M, Parka)",SHELTER 01194,"M, Parka",BLCK,M
2000000024752,1-CAMP-M-01180-BLCK-L-PARK,"SHERLING 01180 (L, Parka)",SHERLING 01180,"L, Parka",BLCK,L
2000000024790,1-CAMP-M-01180-BLCK-S-PARK,"SHERLING 01180 (S, Parka)",SHERLING 01180,"S, Parka",BLCK,S
2000000024837,1-CAMP-M-01180-BLCK-XXL-PARK,"SHERLING 01180 (XXL, Parka)",SHERLING 01180,"XXL, Parka",BLCK,XXL
2000000024868,1-CAMP-M-01181-BLCK-M-NOBR,"SHERLING 01181 (BLACK, M, nobrand)",SHERLING 01181,"BLACK, M, nobrand",BLCK,M
2000000024912,1-CAMP-M-01181-BLCK-XL-PARK,"SHERLING 01181 (BLACK, XL, Parka)",SHERLING 01181,"BLACK, XL, Parka",BLCK,XL
2000000037400,1-CAMP-W-02049-BLCK-M-NOBR,"SHELL 02049 (M, nobrand)",SHELL 02049,"M, nobrand",BLCK,M
2000000037448,1-CAMP-W-02049-BLCK-S-PARK,"SHELL 02049 (S, Parka)",SHELL 02049,"S, Parka",BLCK,S
2000000037486,1-CAMP-W-02049-BLCK-XL-PUFE,"SHELL 02049 (XL, Puffers)",SHELL 02049,"XL, Puffers",BLCK,XL
2000000025797,1-CAMP-M-01194-BLCK-L-NOBR,"SHELTER 01194 (L, nobrand)",SHELTER 01194,"L, nobrand",BLCK,L
2000000025834,1-CAMP-M-01194-BLCK-S-NOBR,"SHELTER 01194 (S, nobrand)",SHELTER 01194,"S, nobrand",BLCK,S
2000000024769,1-CAMP-M-01180-BLCK-M-NOBR,"SHERLING 01180 (M, nobrand)",SHERLING 01180,"M, nobrand",BLCK,M
2000000024806,1-CAMP-M-01180-BLCK-XL-NOBR,"SHERLING 01180 (XL, nobrand)",SHERLING 01180,"XL, nobrand",BLCK,XL
2000000024745,1-CAMP-M-01180-BLCK-L-NOBR,"SHERLING 01180 (L, nobrand)",SHERLING 01180,"L, nobrand",BLCK,L
2000000024875,1-CAMP-M-01181-BLCK-M-PARK,"SHERLING 01181 (BLACK, M, Parka)",SHERLING 01181,"BLACK, M, Parka",BLCK,M
2000000024929,1-CAMP-M-01181-BLCK-XXL-NOBR,"SHERLING 01181 (BLACK, XXL, nobrand)",SHERLING 01181,"BLACK, XXL, nobrand",BLCK,XXL
2000000037370,1-CAMP-W-02049-BLCK-L-NOBR,"SHELL 02049 (L, nobrand)",SHELL 02049,"L, nobrand",BLCK,L
2000000037417,1-CAMP-W-02049-BLCK-M-PARK,"SHELL 02049 (M, Parka)",SHELL 02049,"M, Parka",BLCK,M
2000000037455,1-CAMP-W-02049-BLCK-S-PUFE,"SHELL 02049 (S, Puffers)",SHELL 02049,"S, Puffers",BLCK,S
2000000025889,1-CAMP-M-01194-BLCK-XXL-PARK,"SHELTER 01194 (XXL, Parka)",SHELTER 01194,"XXL, Parka",BLCK,XXL
2000000025803,1-CAMP-M-01194-BLCK-L-PARK,"SHELTER 01194 (L, Parka)",SHELTER 01194,"L, Parka",BLCK,L
2000000025841,1-CAMP-M-01194-BLCK-S-PARK,"SHELTER 01194 (S, Parka)",SHELTER 01194,"S, Parka",BLCK,S
2000000024776,1-CAMP-M-01180-BLCK-M-PARK,"SHERLING 01180 (M, Parka)",SHERLING 01180,"M, Parka",BLCK,M
2000000024813,1-CAMP-M-01180-BLCK-XL-PARK,"SHERLING 01180 (XL, Parka)",SHERLING 01180,"XL, Parka",BLCK,XL
2000000024844,1-CAMP-M-01181-BLCK-L-NOBR,"SHERLING 01181 (BLACK, L, nobrand)",SHERLING 01181,"BLACK, L, nobrand",BLCK,L
2000000024899,1-CAMP-M-01181-BLCK-S-PARK,"SHERLING 01181 (BLACK, S, Parka)",SHERLING 01181,"BLACK, S, Parka",BLCK,S
2000000024936,1-CAMP-M-01181-BLCK-XXL-PARK,"SHERLING 01181 (BLACK, XXL, Parka)",SHERLING 01181,"BLACK, XXL, Parka",BLCK,XXL
2000000037387,1-CAMP-W-02049-BLCK-L-PARK,"SHELL 02049 (L, Parka)",SHELL 02049,"L, Parka",BLCK,L
2000000037424,1-CAMP-W-02049-BLCK-M-PUFE,"SHELL 02049 (M, Puffers)",SHELL 02049,"M, Puffers",BLCK,M
2000000037462,1-CAMP-W-02049-BLCK-XL-NOBR,"SHELL 02049 (XL, nobrand)",SHELL 02049,"XL, nobrand",BLCK,XL
2000000025865,1-CAMP-M-01194-BLCK-XL-PARK,"SHELTER 01194 (XL, Parka)",SHELTER 01194,"XL, Parka",BLCK,XL
2000000025810,1-CAMP-M-01194-BLCK-M-NOBR,"SHELTER 01194 (M, nobrand)",SHELTER 01194,"M, nobrand",BLCK,M
2000000025858,1-CAMP-M-01194-BLCK-XL-NOBR,"SHELTER 01194 (XL, nobrand)",SHELTER 01194,"XL, nobrand",BLCK,XL
2000000024783,1-CAMP-M-01180-BLCK-S-NOBR,"SHERLING 01180 (S, nobrand)",SHERLING 01180,"S, nobrand",BLCK,S
2000000024820,1-CAMP-M-01180-BLCK-XXL-NOBR,"SHERLING 01180 (XXL, nobrand)",SHERLING 01180,"XXL, nobrand",BLCK,XXL
2000000024851,1-CAMP-M-01181-BLCK-L-PARK,"SHERLING 01181 (BLACK, L, Parka)",SHERLING 01181,"BLACK, L, Parka",BLCK,L
2000000024905,1-CAMP-M-01181-BLCK-XL-NOBR,"SHERLING 01181 (BLACK, XL, nobrand)",SHERLING 01181,"BLACK, XL, nobrand",BLCK,XL
2000000024943,1-CAMP-M-01181-WASH-L-NOBR,"SHERLING 01181 (Wash, L, nobrand)",SHERLING 01181,"Wash, L, nobrand",WASH,L
2000000024950,1-CAMP-M-01181-WASH-L-PARK,"SHERLING 01181 (Wash, L, Parka)",SHERLING 01181,"Wash, L, Parka",WASH,L
2000000024998,1-CAMP-M-01181-WASH-S-PARK,"SHERLING 01181 (Wash, S, Parka)",SHERLING 01181,"Wash, S, Parka",WASH,S
2000000025032,1-CAMP-M-01181-WASH-XXL-PARK,"SHERLING 01181 (Wash, XXL, Parka)",SHERLING 01181,"Wash, XXL, Parka",WASH,XXL
2000000011028,1-CAMI-M-SIMBA-BLCK-L-MANK,"SIMBA (BLACK, L)",SIMBA,"BLACK, L",BLCK,L
2000000011066,1-CAMI-M-SIMBA-BLCK-XXL-MANK,"SIMBA (BLACK, XXL)",SIMBA,"BLACK, XXL",BLCK,XXL
2000000011080,1-CAMI-M-SIMBA-ECRU-M-MANK,"SIMBA (Ecru, M)",SIMBA,"Ecru, M",ECRU,M
2000000036311,1-CAMP-W-02010-GREN-XL-PARK,"SOUL 02010 (Green, XL, Parka)",SOUL 02010,"Green, XL, Parka",GREN,XL
2000000036274,1-CAMP-W-02010-GREN-S-NOBR,"SOUL 02010 (Green, S, nobrand)",SOUL 02010,"Green, S, nobrand",GREN,S
2000000036236,1-CAMP-W-02010-GREN-L-PUFE,"SOUL 02010 (Green, L, Puffers)",SOUL 02010,"Green, L, Puffers",GREN,L
2000000036199,1-CAMP-W-02010-BLCK-XL-PARK,"SOUL 02010 (BLACK, XL, Parka)",SOUL 02010,"BLACK, XL, Parka",BLCK,XL
2000000036021,1-CAMP-W-02010-BEIG-M-PUFE,"SOUL 02010 (Beige, M, Puffers)",SOUL 02010,"Beige, M, Puffers",BEIG,M
2000000024967,1-CAMP-M-01181-WASH-M-NOBR,"SHERLING 01181 (Wash, M, nobrand)",SHERLING 01181,"Wash, M, nobrand",WASH,M
2000000025001,1-CAMP-M-01181-WASH-XL-NOBR,"SHERLING 01181 (Wash, XL, nobrand)",SHERLING 01181,"Wash, XL, nobrand",WASH,XL
2000000024882,1-CAMP-M-01181-BLCK-S-NOBR,"SHERLING 01181 (BLACK, S, nobrand)",SHERLING 01181,"BLACK, S, nobrand",BLCK,S
2000000011042,1-CAMI-M-SIMBA-BLCK-S-MANK,"SIMBA (BLACK, S)",SIMBA,"BLACK, S",BLCK,S
,1-CAMI-M-SIMBA-BLCK-XS-MANK,"SIMBA (BLACK, XS)",SIMBA,"BLACK, XS",BLCK,XS
2000000011097,1-CAMI-M-SIMBA-ECRU-S-MANK,"SIMBA (Ecru, S)",SIMBA,"Ecru, S",ECRU,S
2000000035970,1-CAMP-W-02010-BEIG-L-NOBR,"SOUL 02010 (Beige, L, nobrand)",SOUL 02010,"Beige, L, nobrand",BEIG,L
2000000036304,1-CAMP-W-02010-GREN-XL-NOBR,"SOUL 02010 (Green, XL, nobrand)",SOUL 02010,"Green, XL, nobrand",GREN,XL
2000000036267,1-CAMP-W-02010-GREN-M-PUFE,"SOUL 02010 (Green, M, Puffers)",SOUL 02010,"Green, M, Puffers",GREN,M
2000000036229,1-CAMP-W-02010-GREN-L-PARK,"SOUL 02010 (Green, L, Parka)",SOUL 02010,"Green, L, Parka",GREN,L
2000000035994,1-CAMP-W-02010-BEIG-L-PUFE,"SOUL 02010 (Beige, L, Puffers)",SOUL 02010,"Beige, L, Puffers",BEIG,L
2000000036038,1-CAMP-W-02010-BEIG-S-NOBR,"SOUL 02010 (Beige, S, nobrand)",SOUL 02010,"Beige, S, nobrand",BEIG,S
2000000024974,1-CAMP-M-01181-WASH-M-PARK,"SHERLING 01181 (Wash, M, Parka)",SHERLING 01181,"Wash, M, Parka",WASH,M
2000000025018,1-CAMP-M-01181-WASH-XL-PARK,"SHERLING 01181 (Wash, XL, Parka)",SHERLING 01181,"Wash, XL, Parka",WASH,XL
2000000011103,1-CAMI-M-SIMBA-ECRU-XL-MANK,"SIMBA (Ecru, XL)",SIMBA,"Ecru, XL",ECRU,XL
2000000011035,1-CAMI-M-SIMBA-BLCK-M-MANK,"SIMBA (BLACK, M)",SIMBA,"BLACK, M",BLCK,M
,1-CAMI-M-SIMBA-ECRU-XS-MANK,"SIMBA (Ecru, XS)",SIMBA,"Ecru, XS",ECRU,XS
2000000035987,1-CAMP-W-02010-BEIG-L-PARK,"SOUL 02010 (Beige, L, Parka)",SOUL 02010,"Beige, L, Parka",BEIG,L
2000000036298,1-CAMP-W-02010-GREN-S-PUFE,"SOUL 02010 (Green, S, Puffers)",SOUL 02010,"Green, S, Puffers",GREN,S
2000000036250,1-CAMP-W-02010-GREN-M-PARK,"SOUL 02010 (Green, M, Parka)",SOUL 02010,"Green, M, Parka",GREN,M
2000000036212,1-CAMP-W-02010-GREN-L-NOBR,"SOUL 02010 (Green, L, nobrand)",SOUL 02010,"Green, L, nobrand",GREN,L
2000000036007,1-CAMP-W-02010-BEIG-M-NOBR,"SOUL 02010 (Beige, M, nobrand)",SOUL 02010,"Beige, M, nobrand",BEIG,M
2000000036045,1-CAMP-W-02010-BEIG-S-PARK,"SOUL 02010 (Beige, S, Parka)",SOUL 02010,"Beige, S, Parka",BEIG,S
2000000024981,1-CAMP-M-01181-WASH-S-NOBR,"SHERLING 01181 (Wash, S, nobrand)",SHERLING 01181,"Wash, S, nobrand",WASH,S
2000000025025,1-CAMP-M-01181-WASH-XXL-NOBR,"SHERLING 01181 (Wash, XXL, nobrand)",SHERLING 01181,"Wash, XXL, nobrand",WASH,XXL
2000000011110,1-CAMI-M-SIMBA-ECRU-XXL-MANK,"SIMBA (Ecru, XXL)",SIMBA,"Ecru, XXL",ECRU,XXL
2000000011059,1-CAMI-M-SIMBA-BLCK-XL-MANK,"SIMBA (BLACK, XL)",SIMBA,"BLACK, XL",BLCK,XL
2000000011073,1-CAMI-M-SIMBA-ECRU-L-MANK,"SIMBA (Ecru, L)",SIMBA,"Ecru, L",ECRU,L
,CURVA-SPNDX-BLCK-NOBR,SOLID SPANDEX BLACK — Curva 8u (1S/2M/2L/2XL/1XXL),SOLID SPANDEX BLACK — Curva 8u,1S/2M/2L/2XL/1XXL,,
2000000036328,1-CAMP-W-02010-GREN-XL-PUFE,"SOUL 02010 (Green, XL, Puffers)",SOUL 02010,"Green, XL, Puffers",GREN,XL
2000000036281,1-CAMP-W-02010-GREN-S-PARK,"SOUL 02010 (Green, S, Parka)",SOUL 02010,"Green, S, Parka",GREN,S
2000000036243,1-CAMP-W-02010-GREN-M-NOBR,"SOUL 02010 (Green, M, nobrand)",SOUL 02010,"Green, M, nobrand",GREN,M
2000000036205,1-CAMP-W-02010-BLCK-XL-PUFE,"SOUL 02010 (BLACK, XL, Puffers)",SOUL 02010,"BLACK, XL, Puffers",BLCK,XL
2000000036014,1-CAMP-W-02010-BEIG-M-PARK,"SOUL 02010 (Beige, M, Parka)",SOUL 02010,"Beige, M, Parka",BEIG,M
2000000036052,1-CAMP-W-02010-BEIG-S-PUFE,"SOUL 02010 (Beige, S, Puffers)",SOUL 02010,"Beige, S, Puffers",BEIG,S
2000000036069,1-CAMP-W-02010-BEIG-XL-NOBR,"SOUL 02010 (Beige, XL, nobrand)",SOUL 02010,"Beige, XL, nobrand",BEIG,XL
2000000036106,1-CAMP-W-02010-BLCK-L-PARK,"SOUL 02010 (BLACK, L, Parka)",SOUL 02010,"BLACK, L, Parka",BLCK,L
2000000036144,1-CAMP-W-02010-BLCK-M-PUFE,"SOUL 02010 (BLACK, M, Puffers)",SOUL 02010,"BLACK, M, Puffers",BLCK,M
2000000036182,1-CAMP-W-02010-BLCK-XL-NOBR,"SOUL 02010 (BLACK, XL, nobrand)",SOUL 02010,"BLACK, XL, nobrand",BLCK,XL
2000000050041,1-TRDB-M-STOMA-UNIC-M-NOBR,ST THOMAS STOMA (M),ST THOMAS STOMA,M,UNIC,M
2000000011127,1-CAMI-M-STITC-BLCK-L-NOBR,STITC (L),STITC,L,BLCK,L
2000000042268,1-CHOM-M-SUNSE-Sage-XL-ORSO,"SUNSE (Sage, XL, Orso Bianco)",SUNSE,"Sage, XL, Orso Bianco",Sage,XL
2000000042008,1-CHOM-M-SUNSE-ECRU-L-ORSO,"SUNSE (Ecru, L, Orso Bianco)",SUNSE,"Ecru, L, Orso Bianco",ECRU,L
2000000041803,1-CHOM-M-SUNSE-ABLU-L-ORSO,"SUNSE (Airforced Blue, L, Orso Bianco)",SUNSE,"Airforced Blue, L, Orso Bianco",ABLU,L
2000000041841,1-CHOM-M-SUNSE-ABLU-S-ORSO,"SUNSE (Airforced Blue, S, Orso Bianco)",SUNSE,"Airforced Blue, S, Orso Bianco",ABLU,S
2000000036076,1-CAMP-W-02010-BEIG-XL-PARK,"SOUL 02010 (Beige, XL, Parka)",SOUL 02010,"Beige, XL, Parka",BEIG,XL
2000000036113,1-CAMP-W-02010-BLCK-L-PUFE,"SOUL 02010 (BLACK, L, Puffers)",SOUL 02010,"BLACK, L, Puffers",BLCK,L
2000000036151,1-CAMP-W-02010-BLCK-S-NOBR,"SOUL 02010 (BLACK, S, nobrand)",SOUL 02010,"BLACK, S, nobrand",BLCK,S
,CURVA-SPNDX-WINE-NOBR,SPANDEX WINE — Curva 8u (1S/2M/2L/2XL/1XXL),SPANDEX WINE — Curva 8u,1S/2M/2L/2XL/1XXL,,
2000000050072,1-TRDB-M-STOMA-UNIC-XXL-NOBR,ST THOMAS STOMA (XXL),ST THOMAS STOMA,XXL,UNIC,XXL
2000000011165,1-CAMI-M-STITC-BLCK-XXL-NOBR,STITC (XXL),STITC,XXL,BLCK,XXL
2000000011134,1-CAMI-M-STITC-BLCK-M-NOBR,STITC (M),STITC,M,BLCK,M
2000000042237,1-CHOM-M-SUNSE-Sage-S-NOBR,"SUNSE (Sage, S, no brand)",SUNSE,"Sage, S, no brand",Sage,S
2000000042022,1-CHOM-M-SUNSE-ECRU-M-ORSO,"SUNSE (Ecru, M, Orso Bianco)",SUNSE,"Ecru, M, Orso Bianco",ECRU,M
2000000041995,1-CHOM-M-SUNSE-ECRU-L-NOBR,"SUNSE (Ecru, L, no brand)",SUNSE,"Ecru, L, no brand",ECRU,L
2000000041810,1-CHOM-M-SUNSE-ABLU-M-NOBR,"SUNSE (Airforced Blue, M, no brand)",SUNSE,"Airforced Blue, M, no brand",ABLU,M
2000000041858,1-CHOM-M-SUNSE-ABLU-XL-NOBR,"SUNSE (Airforced Blue, XL, no brand)",SUNSE,"Airforced Blue, XL, no brand",ABLU,XL
2000000036083,1-CAMP-W-02010-BEIG-XL-PUFE,"SOUL 02010 (Beige, XL, Puffers)",SOUL 02010,"Beige, XL, Puffers",BEIG,XL
2000000036120,1-CAMP-W-02010-BLCK-M-NOBR,"SOUL 02010 (BLACK, M, nobrand)",SOUL 02010,"BLACK, M, nobrand",BLCK,M
2000000036168,1-CAMP-W-02010-BLCK-S-PARK,"SOUL 02010 (BLACK, S, Parka)",SOUL 02010,"BLACK, S, Parka",BLCK,S
,CURVA-SPLIT-UNIC-NOBR,SPLIT — Curva 8u (1S/2M/2L/2XL/1XXL),SPLIT — Curva 8u,1S/2M/2L/2XL/1XXL,,
2000000050065,1-TRDB-M-STOMA-UNIC-XL-NOBR,ST THOMAS STOMA (XL),ST THOMAS STOMA,XL,UNIC,XL
2000000011158,1-CAMI-M-STITC-BLCK-XL-NOBR,STITC (XL),STITC,XL,BLCK,XL
2000000042244,1-CHOM-M-SUNSE-Sage-S-ORSO,"SUNSE (Sage, S, Orso Bianco)",SUNSE,"Sage, S, Orso Bianco",Sage,S
2000000042275,1-CHOM-M-SUNSE-Sage-XXL-NOBR,"SUNSE (Sage, XXL, no brand)",SUNSE,"Sage, XXL, no brand",Sage,XXL
2000000041988,1-CHOM-M-SUNSE-BLCK-XXL-ORSO,"SUNSE (BLACK, XXL, Orso Bianco)",SUNSE,"BLACK, XXL, Orso Bianco",BLCK,XXL
2000000041827,1-CHOM-M-SUNSE-ABLU-M-ORSO,"SUNSE (Airforced Blue, M, Orso Bianco)",SUNSE,"Airforced Blue, M, Orso Bianco",ABLU,M
2000000041865,1-CHOM-M-SUNSE-ABLU-XL-ORSO,"SUNSE (Airforced Blue, XL, Orso Bianco)",SUNSE,"Airforced Blue, XL, Orso Bianco",ABLU,XL
2000000036090,1-CAMP-W-02010-BLCK-L-NOBR,"SOUL 02010 (BLACK, L, nobrand)",SOUL 02010,"BLACK, L, nobrand",BLCK,L
2000000036137,1-CAMP-W-02010-BLCK-M-PARK,"SOUL 02010 (BLACK, M, Parka)",SOUL 02010,"BLACK, M, Parka",BLCK,M
2000000036175,1-CAMP-W-02010-BLCK-S-PUFE,"SOUL 02010 (BLACK, S, Puffers)",SOUL 02010,"BLACK, S, Puffers",BLCK,S
2000000050034,1-TRDB-M-STOMA-UNIC-L-NOBR,ST THOMAS STOMA (L),ST THOMAS STOMA,L,UNIC,L
2000000050058,1-TRDB-M-STOMA-UNIC-S-NOBR,ST THOMAS STOMA (S),ST THOMAS STOMA,S,UNIC,S
2000000011141,1-CAMI-M-STITC-BLCK-S-NOBR,STITC (S),STITC,S,BLCK,S
2000000042251,1-CHOM-M-SUNSE-Sage-XL-NOBR,"SUNSE (Sage, XL, no brand)",SUNSE,"Sage, XL, no brand",Sage,XL
2000000042015,1-CHOM-M-SUNSE-ECRU-M-NOBR,"SUNSE (Ecru, M, no brand)",SUNSE,"Ecru, M, no brand",ECRU,M
2000000041797,1-CHOM-M-SUNSE-ABLU-L-NOBR,"SUNSE (Airforced Blue, L, no brand)",SUNSE,"Airforced Blue, L, no brand",ABLU,L
2000000041834,1-CHOM-M-SUNSE-ABLU-S-NOBR,"SUNSE (Airforced Blue, S, no brand)",SUNSE,"Airforced Blue, S, no brand",ABLU,S
2000000041872,1-CHOM-M-SUNSE-ABLU-XXL-NOBR,"SUNSE (Airforced Blue, XXL, no brand)",SUNSE,"Airforced Blue, XXL, no brand",ABLU,XXL
2000000041889,1-CHOM-M-SUNSE-ABLU-XXL-ORSO,"SUNSE (Airforced Blue, XXL, Orso Bianco)",SUNSE,"Airforced Blue, XXL, Orso Bianco",ABLU,XXL
2000000041919,1-CHOM-M-SUNSE-BLCK-M-NOBR,"SUNSE (BLACK, M, no brand)",SUNSE,"BLACK, M, no brand",BLCK,M
2000000041957,1-CHOM-M-SUNSE-BLCK-XL-NOBR,"SUNSE (BLACK, XL, no brand)",SUNSE,"BLACK, XL, no brand",BLCK,XL
2000000042053,1-CHOM-M-SUNSE-ECRU-XL-NOBR,"SUNSE (Ecru, XL, no brand)",SUNSE,"Ecru, XL, no brand",ECRU,XL
2000000042084,1-CHOM-M-SUNSE-ECRU-XXL-ORSO,"SUNSE (Ecru, XXL, Orso Bianco)",SUNSE,"Ecru, XXL, Orso Bianco",ECRU,XXL
2000000042121,1-CHOM-M-SUNSE-Mauve-M-ORSO,"SUNSE (Mauve, M, Orso Bianco)",SUNSE,"Mauve, M, Orso Bianco",Mauve,M
2000000042169,1-CHOM-M-SUNSE-Mauve-XL-ORSO,"SUNSE (Mauve, XL, Orso Bianco)",SUNSE,"Mauve, XL, Orso Bianco",Mauve,XL
2000000042206,1-CHOM-M-SUNSE-Sage-L-ORSO,"SUNSE (Sage, L, Orso Bianco)",SUNSE,"Sage, L, Orso Bianco",Sage,L
,CURVA-SUNSE-ECRU-NOBR,SUNSET OFFWHITE — Curva 8u (1S/2M/2L/2XL/1XXL),SUNSET OFFWHITE — Curva 8u,1S/2M/2L/2XL/1XXL,,
2000000019543,1-CAMP-M-00138-BEIG-L-NOBR,"Sagitta 00138 (Beige, L, nobrand)",Sagitta 00138,"Beige, L, nobrand",BEIG,L
2000000019581,1-CAMP-M-00138-BEIG-S-NOBR,"Sagitta 00138 (Beige, S, nobrand)",Sagitta 00138,"Beige, S, nobrand",BEIG,S
2000000019628,1-CAMP-M-00138-BEIG-XXL-NOBR,"Sagitta 00138 (Beige, XXL, nobrand)",Sagitta 00138,"Beige, XXL, nobrand",BEIG,XXL
2000000041896,1-CHOM-M-SUNSE-BLCK-L-NOBR,"SUNSE (BLACK, L, no brand)",SUNSE,"BLACK, L, no brand",BLCK,L
2000000041926,1-CHOM-M-SUNSE-BLCK-M-ORSO,"SUNSE (BLACK, M, Orso Bianco)",SUNSE,"BLACK, M, Orso Bianco",BLCK,M
2000000041964,1-CHOM-M-SUNSE-BLCK-XL-ORSO,"SUNSE (BLACK, XL, Orso Bianco)",SUNSE,"BLACK, XL, Orso Bianco",BLCK,XL
2000000042060,1-CHOM-M-SUNSE-ECRU-XL-ORSO,"SUNSE (Ecru, XL, Orso Bianco)",SUNSE,"Ecru, XL, Orso Bianco",ECRU,XL
2000000042091,1-CHOM-M-SUNSE-Mauve-L-NOBR,"SUNSE (Mauve, L, no brand)",SUNSE,"Mauve, L, no brand",Mauve,L
2000000042138,1-CHOM-M-SUNSE-Mauve-S-NOBR,"SUNSE (Mauve, S, no brand)",SUNSE,"Mauve, S, no brand",Mauve,S
2000000042176,1-CHOM-M-SUNSE-Mauve-XXL-NOBR,"SUNSE (Mauve, XXL, no brand)",SUNSE,"Mauve, XXL, no brand",Mauve,XXL
2000000042213,1-CHOM-M-SUNSE-Sage-M-NOBR,"SUNSE (Sage, M, no brand)",SUNSE,"Sage, M, no brand",Sage,M
2000000019550,1-CAMP-M-00138-BEIG-L-PARK,"Sagitta 00138 (Beige, L, Parka)",Sagitta 00138,"Beige, L, Parka",BEIG,L
2000000019598,1-CAMP-M-00138-BEIG-S-PARK,"Sagitta 00138 (Beige, S, Parka)",Sagitta 00138,"Beige, S, Parka",BEIG,S
2000000019635,1-CAMP-M-00138-BEIG-XXL-PARK,"Sagitta 00138 (Beige, XXL, Parka)",Sagitta 00138,"Beige, XXL, Parka",BEIG,XXL
2000000042282,1-CHOM-M-SUNSE-Sage-XXL-ORSO,"SUNSE (Sage, XXL, Orso Bianco)",SUNSE,"Sage, XXL, Orso Bianco",Sage,XXL
2000000041933,1-CHOM-M-SUNSE-BLCK-S-NOBR,"SUNSE (BLACK, S, no brand)",SUNSE,"BLACK, S, no brand",BLCK,S
2000000042039,1-CHOM-M-SUNSE-ECRU-S-NOBR,"SUNSE (Ecru, S, no brand)",SUNSE,"Ecru, S, no brand",ECRU,S
2000000041971,1-CHOM-M-SUNSE-BLCK-XXL-NOBR,"SUNSE (BLACK, XXL, no brand)",SUNSE,"BLACK, XXL, no brand",BLCK,XXL
2000000042107,1-CHOM-M-SUNSE-Mauve-L-ORSO,"SUNSE (Mauve, L, Orso Bianco)",SUNSE,"Mauve, L, Orso Bianco",Mauve,L
2000000042145,1-CHOM-M-SUNSE-Mauve-S-ORSO,"SUNSE (Mauve, S, Orso Bianco)",SUNSE,"Mauve, S, Orso Bianco",Mauve,S
2000000042183,1-CHOM-M-SUNSE-Mauve-XXL-ORSO,"SUNSE (Mauve, XXL, Orso Bianco)",SUNSE,"Mauve, XXL, Orso Bianco",Mauve,XXL
2000000042220,1-CHOM-M-SUNSE-Sage-M-ORSO,"SUNSE (Sage, M, Orso Bianco)",SUNSE,"Sage, M, Orso Bianco",Sage,M
2000000019567,1-CAMP-M-00138-BEIG-M-NOBR,"Sagitta 00138 (Beige, M, nobrand)",Sagitta 00138,"Beige, M, nobrand",BEIG,M
2000000019604,1-CAMP-M-00138-BEIG-XL-NOBR,"Sagitta 00138 (Beige, XL, nobrand)",Sagitta 00138,"Beige, XL, nobrand",BEIG,XL
2000000019642,1-CAMP-M-00138-BLCK-L-NOBR,"Sagitta 00138 (BLACK, L, nobrand)",Sagitta 00138,"BLACK, L, nobrand",BLCK,L
2000000041902,1-CHOM-M-SUNSE-BLCK-L-ORSO,"SUNSE (BLACK, L, Orso Bianco)",SUNSE,"BLACK, L, Orso Bianco",BLCK,L
2000000041940,1-CHOM-M-SUNSE-BLCK-S-ORSO,"SUNSE (BLACK, S, Orso Bianco)",SUNSE,"BLACK, S, Orso Bianco",BLCK,S
2000000042046,1-CHOM-M-SUNSE-ECRU-S-ORSO,"SUNSE (Ecru, S, Orso Bianco)",SUNSE,"Ecru, S, Orso Bianco",ECRU,S
2000000042077,1-CHOM-M-SUNSE-ECRU-XXL-NOBR,"SUNSE (Ecru, XXL, no brand)",SUNSE,"Ecru, XXL, no brand",ECRU,XXL
2000000042114,1-CHOM-M-SUNSE-Mauve-M-NOBR,"SUNSE (Mauve, M, no brand)",SUNSE,"Mauve, M, no brand",Mauve,M
2000000042152,1-CHOM-M-SUNSE-Mauve-XL-NOBR,"SUNSE (Mauve, XL, no brand)",SUNSE,"Mauve, XL, no brand",Mauve,XL
2000000042190,1-CHOM-M-SUNSE-Sage-L-NOBR,"SUNSE (Sage, L, no brand)",SUNSE,"Sage, L, no brand",Sage,L
,CURVA-SUNSE-BLCK-NOBR,SUNSET BLACK — Curva 8u (1S/2M/2L/2XL/1XXL),SUNSET BLACK — Curva 8u,1S/2M/2L/2XL/1XXL,,
2000000019574,1-CAMP-M-00138-BEIG-M-PARK,"Sagitta 00138 (Beige, M, Parka)",Sagitta 00138,"Beige, M, Parka",BEIG,M
2000000019611,1-CAMP-M-00138-BEIG-XL-PARK,"Sagitta 00138 (Beige, XL, Parka)",Sagitta 00138,"Beige, XL, Parka",BEIG,XL
2000000019659,1-CAMP-M-00138-BLCK-L-PARK,"Sagitta 00138 (BLACK, L, Parka)",Sagitta 00138,"BLACK, L, Parka",BLCK,L
2000000019666,1-CAMP-M-00138-BLCK-M-NOBR,"Sagitta 00138 (BLACK, M, nobrand)",Sagitta 00138,"BLACK, M, nobrand",BLCK,M
2000000019703,1-CAMP-M-00138-BLCK-XL-NOBR,"Sagitta 00138 (BLACK, XL, nobrand)",Sagitta 00138,"BLACK, XL, nobrand",BLCK,XL
2000000019758,1-CAMP-M-00138-MGRN-L-PARK,"Sagitta 00138 (Military green, L, Parka)",Sagitta 00138,"Military green, L, Parka",MGRN,L
2000000019796,1-CAMP-M-00138-MGRN-S-PARK,"Sagitta 00138 (Military green, S, Parka)",Sagitta 00138,"Military green, S, Parka",MGRN,S
2000000019833,1-CAMP-M-00138-MGRN-XXL-PARK,"Sagitta 00138 (Military green, XXL, Parka)",Sagitta 00138,"Military green, XXL, Parka",MGRN,XXL
2000000049472,1-TRDB-M-SAILO-UNIC-XXL-NOBR,Sailor SAILO (XXL),Sailor SAILO,XXL,UNIC,XXL
2000000049519,1-TRDB-M-SAINT-UNIC-XL-NOBR,Saint Tropez SAINTR (XL),Saint Tropez SAINTR,XL,UNIC,XL
2000000049571,1-TRDB-M-SARAJ-UNIC-XXL-NOBR,Sarajevo SARAJ (XXL),Sarajevo SARAJ,XXL,UNIC,XXL
2000000049533,1-TRDB-M-SARAJ-UNIC-L-NOBR,Sarajevo SARAJ (L),Sarajevo SARAJ,L,UNIC,L
2000000021652,1-CAMP-M-00150-BLCK-L-PARK,"Sauron 00150 (BLACK, L, Parka)",Sauron 00150,"BLACK, L, Parka",BLCK,L
2000000021690,1-CAMP-M-00150-BLCK-S-PARK,"Sauron 00150 (BLACK, S, Parka)",Sauron 00150,"BLACK, S, Parka",BLCK,S
2000000021737,1-CAMP-M-00150-BLCK-XXL-PARK,"Sauron 00150 (BLACK, XXL, Parka)",Sauron 00150,"BLACK, XXL, Parka",BLCK,XXL
2000000019673,1-CAMP-M-00138-BLCK-M-PARK,"Sagitta 00138 (BLACK, M, Parka)",Sagitta 00138,"BLACK, M, Parka",BLCK,M
2000000019710,1-CAMP-M-00138-BLCK-XL-PARK,"Sagitta 00138 (BLACK, XL, Parka)",Sagitta 00138,"BLACK, XL, Parka",BLCK,XL
2000000019765,1-CAMP-M-00138-MGRN-M-NOBR,"Sagitta 00138 (Military green, M, nobrand)",Sagitta 00138,"Military green, M, nobrand",MGRN,M
2000000019802,1-CAMP-M-00138-MGRN-XL-NOBR,"Sagitta 00138 (Military green, XL, nobrand)",Sagitta 00138,"Military green, XL, nobrand",MGRN,XL
2000000019727,1-CAMP-M-00138-BLCK-XXL-NOBR,"Sagitta 00138 (BLACK, XXL, nobrand)",Sagitta 00138,"BLACK, XXL, nobrand",BLCK,XXL
2000000049441,1-TRDB-M-SAILO-UNIC-M-NOBR,Sailor SAILO (M),Sailor SAILO,M,UNIC,M
2000000049526,1-TRDB-M-SAINT-UNIC-XXL-NOBR,Saint Tropez SAINTR (XXL),Saint Tropez SAINTR,XXL,UNIC,XXL
2000000049540,1-TRDB-M-SARAJ-UNIC-M-NOBR,Sarajevo SARAJ (M),Sarajevo SARAJ,M,UNIC,M
2000000021812,1-CAMP-M-00150-MGRN-XL-PARK,"Sauron 00150 (Military green, XL, Parka)",Sauron 00150,"Military green, XL, Parka",MGRN,XL
2000000021669,1-CAMP-M-00150-BLCK-M-NOBR,"Sauron 00150 (BLACK, M, nobrand)",Sauron 00150,"BLACK, M, nobrand",BLCK,M
2000000021706,1-CAMP-M-00150-BLCK-XL-NOBR,"Sauron 00150 (BLACK, XL, nobrand)",Sauron 00150,"BLACK, XL, nobrand",BLCK,XL
2000000021744,1-CAMP-M-00150-MGRN-L-NOBR,"Sauron 00150 (Military green, L, nobrand)",Sauron 00150,"Military green, L, nobrand",MGRN,L
2000000019680,1-CAMP-M-00138-BLCK-S-NOBR,"Sagitta 00138 (BLACK, S, nobrand)",Sagitta 00138,"BLACK, S, nobrand",BLCK,S
2000000019734,1-CAMP-M-00138-BLCK-XXL-PARK,"Sagitta 00138 (BLACK, XXL, Parka)",Sagitta 00138,"BLACK, XXL, Parka",BLCK,XXL
2000000019772,1-CAMP-M-00138-MGRN-M-PARK,"Sagitta 00138 (Military green, M, Parka)",Sagitta 00138,"Military green, M, Parka",MGRN,M
2000000019819,1-CAMP-M-00138-MGRN-XL-PARK,"Sagitta 00138 (Military green, XL, Parka)",Sagitta 00138,"Military green, XL, Parka",MGRN,XL
2000000049458,1-TRDB-M-SAILO-UNIC-S-NOBR,Sailor SAILO (S),Sailor SAILO,S,UNIC,S
2000000049465,1-TRDB-M-SAILO-UNIC-XL-NOBR,Sailor SAILO (XL),Sailor SAILO,XL,UNIC,XL
2000000049489,1-TRDB-M-SAINT-UNIC-L-NOBR,Saint Tropez SAINTR (L),Saint Tropez SAINTR,L,UNIC,L
2000000049557,1-TRDB-M-SARAJ-UNIC-S-NOBR,Sarajevo SARAJ (S),Sarajevo SARAJ,S,UNIC,S
2000000021751,1-CAMP-M-00150-MGRN-L-PARK,"Sauron 00150 (Military green, L, Parka)",Sauron 00150,"Military green, L, Parka",MGRN,L
2000000021676,1-CAMP-M-00150-BLCK-M-PARK,"Sauron 00150 (BLACK, M, Parka)",Sauron 00150,"BLACK, M, Parka",BLCK,M
2000000021713,1-CAMP-M-00150-BLCK-XL-PARK,"Sauron 00150 (BLACK, XL, Parka)",Sauron 00150,"BLACK, XL, Parka",BLCK,XL
2000000021836,1-CAMP-M-00150-MGRN-XXL-PARK,"Sauron 00150 (Military green, XXL, Parka)",Sauron 00150,"Military green, XXL, Parka",MGRN,XXL
2000000019697,1-CAMP-M-00138-BLCK-S-PARK,"Sagitta 00138 (BLACK, S, Parka)",Sagitta 00138,"BLACK, S, Parka",BLCK,S
2000000019741,1-CAMP-M-00138-MGRN-L-NOBR,"Sagitta 00138 (Military green, L, nobrand)",Sagitta 00138,"Military green, L, nobrand",MGRN,L
2000000019789,1-CAMP-M-00138-MGRN-S-NOBR,"Sagitta 00138 (Military green, S, nobrand)",Sagitta 00138,"Military green, S, nobrand",MGRN,S
2000000019826,1-CAMP-M-00138-MGRN-XXL-NOBR,"Sagitta 00138 (Military green, XXL, nobrand)",Sagitta 00138,"Military green, XXL, nobrand",MGRN,XXL
2000000049434,1-TRDB-M-SAILO-UNIC-L-NOBR,Sailor SAILO (L),Sailor SAILO,L,UNIC,L
2000000049502,1-TRDB-M-SAINT-UNIC-S-NOBR,Saint Tropez SAINTR (S),Saint Tropez SAINTR,S,UNIC,S
2000000049496,1-TRDB-M-SAINT-UNIC-M-NOBR,Saint Tropez SAINTR (M),Saint Tropez SAINTR,M,UNIC,M
2000000049564,1-TRDB-M-SARAJ-UNIC-XL-NOBR,Sarajevo SARAJ (XL),Sarajevo SARAJ,XL,UNIC,XL
2000000021645,1-CAMP-M-00150-BLCK-L-NOBR,"Sauron 00150 (BLACK, L, nobrand)",Sauron 00150,"BLACK, L, nobrand",BLCK,L
2000000021683,1-CAMP-M-00150-BLCK-S-NOBR,"Sauron 00150 (BLACK, S, nobrand)",Sauron 00150,"BLACK, S, nobrand",BLCK,S
2000000021720,1-CAMP-M-00150-BLCK-XXL-NOBR,"Sauron 00150 (BLACK, XXL, nobrand)",Sauron 00150,"BLACK, XXL, nobrand",BLCK,XXL
2000000021768,1-CAMP-M-00150-MGRN-M-NOBR,"Sauron 00150 (Military green, M, nobrand)",Sauron 00150,"Military green, M, nobrand",MGRN,M
2000000021775,1-CAMP-M-00150-MGRN-M-PARK,"Sauron 00150 (Military green, M, Parka)",Sauron 00150,"Military green, M, Parka",MGRN,M
2000000021829,1-CAMP-M-00150-MGRN-XXL-NOBR,"Sauron 00150 (Military green, XXL, nobrand)",Sauron 00150,"Military green, XXL, nobrand",MGRN,XXL
2000000049601,1-TRDB-M-SCORP-UNIC-S-NOBR,Scorpion Beach SCORP (S),Scorpion Beach SCORP,S,UNIC,S
2000000035321,1-CAMP-W-00029-LGRN-XXL-PUFE,"Seika 00029 (Light green, XXL, Puffers)",Seika 00029,"Light green, XXL, Puffers",LGRN,XXL
2000000034980,1-CAMP-W-00029-BEIG-XL-PARK,"Seika 00029 (Beige, XL, Parka)",Seika 00029,"Beige, XL, Parka",BEIG,XL
2000000035024,1-CAMP-W-00029-BEIG-XXL-PUFE,"Seika 00029 (Beige, XXL, Puffers)",Seika 00029,"Beige, XXL, Puffers",BEIG,XXL
2000000035062,1-CAMP-W-00029-BLCK-M-NOBR,"Seika 00029 (BLACK, M, nobrand)",Seika 00029,"BLACK, M, nobrand",BLCK,M
2000000035109,1-CAMP-W-00029-BLCK-S-PARK,"Seika 00029 (BLACK, S, Parka)",Seika 00029,"BLACK, S, Parka",BLCK,S
2000000035147,1-CAMP-W-00029-BLCK-XL-PUFE,"Seika 00029 (BLACK, XL, Puffers)",Seika 00029,"BLACK, XL, Puffers",BLCK,XL
2000000035185,1-CAMP-W-00029-LGRN-L-NOBR,"Seika 00029 (Light green, L, nobrand)",Seika 00029,"Light green, L, nobrand",LGRN,L
2000000035222,1-CAMP-W-00029-LGRN-M-PARK,"Seika 00029 (Light green, M, Parka)",Seika 00029,"Light green, M, Parka",LGRN,M
2000000035260,1-CAMP-W-00029-LGRN-S-PUFE,"Seika 00029 (Light green, S, Puffers)",Seika 00029,"Light green, S, Puffers",LGRN,S
2000000021782,1-CAMP-M-00150-MGRN-S-NOBR,"Sauron 00150 (Military green, S, nobrand)",Sauron 00150,"Military green, S, nobrand",MGRN,S
2000000049625,1-TRDB-M-SCORP-UNIC-XXL-NOBR,Scorpion Beach SCORP (XXL),Scorpion Beach SCORP,XXL,UNIC,XXL
2000000049618,1-TRDB-M-SCORP-UNIC-XL-NOBR,Scorpion Beach SCORP (XL),Scorpion Beach SCORP,XL,UNIC,XL
2000000034959,1-CAMP-W-00029-BEIG-S-PARK,"Seika 00029 (Beige, S, Parka)",Seika 00029,"Beige, S, Parka",BEIG,S
2000000034997,1-CAMP-W-00029-BEIG-XL-PUFE,"Seika 00029 (Beige, XL, Puffers)",Seika 00029,"Beige, XL, Puffers",BEIG,XL
2000000035031,1-CAMP-W-00029-BLCK-L-NOBR,"Seika 00029 (BLACK, L, nobrand)",Seika 00029,"BLACK, L, nobrand",BLCK,L
2000000035079,1-CAMP-W-00029-BLCK-M-PARK,"Seika 00029 (BLACK, M, Parka)",Seika 00029,"BLACK, M, Parka",BLCK,M
2000000035116,1-CAMP-W-00029-BLCK-S-PUFE,"Seika 00029 (BLACK, S, Puffers)",Seika 00029,"BLACK, S, Puffers",BLCK,S
2000000035154,1-CAMP-W-00029-BLCK-XXL-NOBR,"Seika 00029 (BLACK, XXL, nobrand)",Seika 00029,"BLACK, XXL, nobrand",BLCK,XXL
2000000035192,1-CAMP-W-00029-LGRN-L-PARK,"Seika 00029 (Light green, L, Parka)",Seika 00029,"Light green, L, Parka",LGRN,L
2000000035239,1-CAMP-W-00029-LGRN-M-PUFE,"Seika 00029 (Light green, M, Puffers)",Seika 00029,"Light green, M, Puffers",LGRN,M
2000000035277,1-CAMP-W-00029-LGRN-XL-NOBR,"Seika 00029 (Light green, XL, nobrand)",Seika 00029,"Light green, XL, nobrand",LGRN,XL
2000000021799,1-CAMP-M-00150-MGRN-S-PARK,"Sauron 00150 (Military green, S, Parka)",Sauron 00150,"Military green, S, Parka",MGRN,S
2000000049588,1-TRDB-M-SCORP-UNIC-L-NOBR,Scorpion Beach SCORP (L),Scorpion Beach SCORP,L,UNIC,L
2000000034898,1-CAMP-W-00029-BEIG-L-PARK,"Seika 00029 (Beige, L, Parka)",Seika 00029,"Beige, L, Parka",BEIG,L
2000000034966,1-CAMP-W-00029-BEIG-S-PUFE,"Seika 00029 (Beige, S, Puffers)",Seika 00029,"Beige, S, Puffers",BEIG,S
2000000035000,1-CAMP-W-00029-BEIG-XXL-NOBR,"Seika 00029 (Beige, XXL, nobrand)",Seika 00029,"Beige, XXL, nobrand",BEIG,XXL
2000000035048,1-CAMP-W-00029-BLCK-L-PARK,"Seika 00029 (BLACK, L, Parka)",Seika 00029,"BLACK, L, Parka",BLCK,L
2000000035086,1-CAMP-W-00029-BLCK-M-PUFE,"Seika 00029 (BLACK, M, Puffers)",Seika 00029,"BLACK, M, Puffers",BLCK,M
2000000035123,1-CAMP-W-00029-BLCK-XL-NOBR,"Seika 00029 (BLACK, XL, nobrand)",Seika 00029,"BLACK, XL, nobrand",BLCK,XL
2000000035161,1-CAMP-W-00029-BLCK-XXL-PARK,"Seika 00029 (BLACK, XXL, Parka)",Seika 00029,"BLACK, XXL, Parka",BLCK,XXL
2000000035208,1-CAMP-W-00029-LGRN-L-PUFE,"Seika 00029 (Light green, L, Puffers)",Seika 00029,"Light green, L, Puffers",LGRN,L
2000000035246,1-CAMP-W-00029-LGRN-S-NOBR,"Seika 00029 (Light green, S, nobrand)",Seika 00029,"Light green, S, nobrand",LGRN,S
2000000035284,1-CAMP-W-00029-LGRN-XL-PARK,"Seika 00029 (Light green, XL, Parka)",Seika 00029,"Light green, XL, Parka",LGRN,XL
2000000021805,1-CAMP-M-00150-MGRN-XL-NOBR,"Sauron 00150 (Military green, XL, nobrand)",Sauron 00150,"Military green, XL, nobrand",MGRN,XL
2000000049595,1-TRDB-M-SCORP-UNIC-M-NOBR,Scorpion Beach SCORP (M),Scorpion Beach SCORP,M,UNIC,M
2000000034881,1-CAMP-W-00029-BEIG-L-NOBR,"Seika 00029 (Beige, L, nobrand)",Seika 00029,"Beige, L, nobrand",BEIG,L
2000000034973,1-CAMP-W-00029-BEIG-XL-NOBR,"Seika 00029 (Beige, XL, nobrand)",Seika 00029,"Beige, XL, nobrand",BEIG,XL
2000000035017,1-CAMP-W-00029-BEIG-XXL-PARK,"Seika 00029 (Beige, XXL, Parka)",Seika 00029,"Beige, XXL, Parka",BEIG,XXL
2000000035055,1-CAMP-W-00029-BLCK-L-PUFE,"Seika 00029 (BLACK, L, Puffers)",Seika 00029,"BLACK, L, Puffers",BLCK,L
2000000035093,1-CAMP-W-00029-BLCK-S-NOBR,"Seika 00029 (BLACK, S, nobrand)",Seika 00029,"BLACK, S, nobrand",BLCK,S
2000000035130,1-CAMP-W-00029-BLCK-XL-PARK,"Seika 00029 (BLACK, XL, Parka)",Seika 00029,"BLACK, XL, Parka",BLCK,XL
2000000035178,1-CAMP-W-00029-BLCK-XXL-PUFE,"Seika 00029 (BLACK, XXL, Puffers)",Seika 00029,"BLACK, XXL, Puffers",BLCK,XXL
2000000035215,1-CAMP-W-00029-LGRN-M-NOBR,"Seika 00029 (Light green, M, nobrand)",Seika 00029,"Light green, M, nobrand",LGRN,M
2000000035253,1-CAMP-W-00029-LGRN-S-PARK,"Seika 00029 (Light green, S, Parka)",Seika 00029,"Light green, S, Parka",LGRN,S
2000000035291,1-CAMP-W-00029-LGRN-XL-PUFE,"Seika 00029 (Light green, XL, Puffers)",Seika 00029,"Light green, XL, Puffers",LGRN,XL
2000000035307,1-CAMP-W-00029-LGRN-XXL-NOBR,"Seika 00029 (Light green, XXL, nobrand)",Seika 00029,"Light green, XXL, nobrand",LGRN,XXL
2000000034928,1-CAMP-W-00029-BEIG-M-PARK,"Seika 00029 (Beige, M, Parka)",Seika 00029,"Beige, M, Parka",BEIG,M
2000000020860,1-CAMP-M-00143-BLCK-M-NOBR,"Sirius 00143 (BLACK, M, nobrand)",Sirius 00143,"BLACK, M, nobrand",BLCK,M
2000000020907,1-CAMP-M-00143-BLCK-XL-NOBR,"Sirius 00143 (BLACK, XL, nobrand)",Sirius 00143,"BLACK, XL, nobrand",BLCK,XL
2000000020945,1-CAMP-M-00143-BLUE-L-NOBR,"Sirius 00143 (Blue, L, nobrand)",Sirius 00143,"Blue, L, nobrand",BLUE,L
2000000020983,1-CAMP-M-00143-BLUE-S-NOBR,"Sirius 00143 (Blue, S, nobrand)",Sirius 00143,"Blue, S, nobrand",BLUE,S
2000000021027,1-CAMP-M-00143-BLUE-XXL-NOBR,"Sirius 00143 (Blue, XXL, nobrand)",Sirius 00143,"Blue, XXL, nobrand",BLUE,XXL
2000000021065,1-CAMP-M-00143-GREN-M-NOBR,"Sirius 00143 (Green, M, nobrand)",Sirius 00143,"Green, M, nobrand",GREN,M
2000000021102,1-CAMP-M-00143-GREN-XL-NOBR,"Sirius 00143 (Green, XL, nobrand)",Sirius 00143,"Green, XL, nobrand",GREN,XL
2000000020853,1-CAMP-M-00143-BLCK-L-PARK,"Sirius 00143 (BLACK, L, Parka)",Sirius 00143,"BLACK, L, Parka",BLCK,L
2000000015637,1-CAMP-M-00109-BLCK-L-PARK,"Snowmass 00109 (BLACK, L, Parka)",Snowmass 00109,"BLACK, L, Parka",BLCK,L
2000000015873,1-CAMP-M-00109-NAVY-S-PARK,"Snowmass 00109 (Navy, S, Parka)",Snowmass 00109,"Navy, S, Parka",NAVY,S
2000000035314,1-CAMP-W-00029-LGRN-XXL-PARK,"Seika 00029 (Light green, XXL, Parka)",Seika 00029,"Light green, XXL, Parka",LGRN,XXL
2000000034911,1-CAMP-W-00029-BEIG-M-NOBR,"Seika 00029 (Beige, M, nobrand)",Seika 00029,"Beige, M, nobrand",BEIG,M
2000000020877,1-CAMP-M-00143-BLCK-M-PARK,"Sirius 00143 (BLACK, M, Parka)",Sirius 00143,"BLACK, M, Parka",BLCK,M
2000000020914,1-CAMP-M-00143-BLCK-XL-PARK,"Sirius 00143 (BLACK, XL, Parka)",Sirius 00143,"BLACK, XL, Parka",BLCK,XL
2000000020952,1-CAMP-M-00143-BLUE-L-PARK,"Sirius 00143 (Blue, L, Parka)",Sirius 00143,"Blue, L, Parka",BLUE,L
2000000020990,1-CAMP-M-00143-BLUE-S-PARK,"Sirius 00143 (Blue, S, Parka)",Sirius 00143,"Blue, S, Parka",BLUE,S
2000000021034,1-CAMP-M-00143-BLUE-XXL-PARK,"Sirius 00143 (Blue, XXL, Parka)",Sirius 00143,"Blue, XXL, Parka",BLUE,XXL
2000000021072,1-CAMP-M-00143-GREN-M-PARK,"Sirius 00143 (Green, M, Parka)",Sirius 00143,"Green, M, Parka",GREN,M
2000000021119,1-CAMP-M-00143-GREN-XL-PARK,"Sirius 00143 (Green, XL, Parka)",Sirius 00143,"Green, XL, Parka",GREN,XL
2000000015903,1-CAMP-M-00109-NAVY-XXL-NOBR,"Snowmass 00109 (Navy, XXL, nobrand)",Snowmass 00109,"Navy, XXL, nobrand",NAVY,XXL
2000000015620,1-CAMP-M-00109-BLCK-L-NOBR,"Snowmass 00109 (BLACK, L, nobrand)",Snowmass 00109,"BLACK, L, nobrand",BLCK,L
2000000015866,1-CAMP-M-00109-NAVY-S-NOBR,"Snowmass 00109 (Navy, S, nobrand)",Snowmass 00109,"Navy, S, nobrand",NAVY,S
2000000034942,1-CAMP-W-00029-BEIG-S-NOBR,"Seika 00029 (Beige, S, nobrand)",Seika 00029,"Beige, S, nobrand",BEIG,S
2000000034904,1-CAMP-W-00029-BEIG-L-PUFE,"Seika 00029 (Beige, L, Puffers)",Seika 00029,"Beige, L, Puffers",BEIG,L
2000000020884,1-CAMP-M-00143-BLCK-S-NOBR,"Sirius 00143 (BLACK, S, nobrand)",Sirius 00143,"BLACK, S, nobrand",BLCK,S
2000000020921,1-CAMP-M-00143-BLCK-XXL-NOBR,"Sirius 00143 (BLACK, XXL, nobrand)",Sirius 00143,"BLACK, XXL, nobrand",BLCK,XXL
2000000020969,1-CAMP-M-00143-BLUE-M-NOBR,"Sirius 00143 (Blue, M, nobrand)",Sirius 00143,"Blue, M, nobrand",BLUE,M
2000000021003,1-CAMP-M-00143-BLUE-XL-NOBR,"Sirius 00143 (Blue, XL, nobrand)",Sirius 00143,"Blue, XL, nobrand",BLUE,XL
2000000021041,1-CAMP-M-00143-GREN-L-NOBR,"Sirius 00143 (Green, L, nobrand)",Sirius 00143,"Green, L, nobrand",GREN,L
2000000021089,1-CAMP-M-00143-GREN-S-NOBR,"Sirius 00143 (Green, S, nobrand)",Sirius 00143,"Green, S, nobrand",GREN,S
2000000021126,1-CAMP-M-00143-GREN-XXL-NOBR,"Sirius 00143 (Green, XXL, nobrand)",Sirius 00143,"Green, XXL, nobrand",GREN,XXL
2000000015910,1-CAMP-M-00109-NAVY-XXL-PARK,"Snowmass 00109 (Navy, XXL, Parka)",Snowmass 00109,"Navy, XXL, Parka",NAVY,XXL
2000000015897,1-CAMP-M-00109-NAVY-XL-PARK,"Snowmass 00109 (Navy, XL, Parka)",Snowmass 00109,"Navy, XL, Parka",NAVY,XL
2000000015859,1-CAMP-M-00109-NAVY-M-PARK,"Snowmass 00109 (Navy, M, Parka)",Snowmass 00109,"Navy, M, Parka",NAVY,M
2000000034935,1-CAMP-W-00029-BEIG-M-PUFE,"Seika 00029 (Beige, M, Puffers)",Seika 00029,"Beige, M, Puffers",BEIG,M
2000000020846,1-CAMP-M-00143-BLCK-L-NOBR,"Sirius 00143 (BLACK, L, nobrand)",Sirius 00143,"BLACK, L, nobrand",BLCK,L
2000000020891,1-CAMP-M-00143-BLCK-S-PARK,"Sirius 00143 (BLACK, S, Parka)",Sirius 00143,"BLACK, S, Parka",BLCK,S
2000000020938,1-CAMP-M-00143-BLCK-XXL-PARK,"Sirius 00143 (BLACK, XXL, Parka)",Sirius 00143,"BLACK, XXL, Parka",BLCK,XXL
2000000020976,1-CAMP-M-00143-BLUE-M-PARK,"Sirius 00143 (Blue, M, Parka)",Sirius 00143,"Blue, M, Parka",BLUE,M
2000000021010,1-CAMP-M-00143-BLUE-XL-PARK,"Sirius 00143 (Blue, XL, Parka)",Sirius 00143,"Blue, XL, Parka",BLUE,XL
2000000021058,1-CAMP-M-00143-GREN-L-PARK,"Sirius 00143 (Green, L, Parka)",Sirius 00143,"Green, L, Parka",GREN,L
2000000021096,1-CAMP-M-00143-GREN-S-PARK,"Sirius 00143 (Green, S, Parka)",Sirius 00143,"Green, S, Parka",GREN,S
2000000021133,1-CAMP-M-00143-GREN-XXL-PARK,"Sirius 00143 (Green, XXL, Parka)",Sirius 00143,"Green, XXL, Parka",GREN,XXL
2000000015644,1-CAMP-M-00109-BLCK-M-NOBR,"Snowmass 00109 (BLACK, M, nobrand)",Snowmass 00109,"BLACK, M, nobrand",BLCK,M
2000000015880,1-CAMP-M-00109-NAVY-XL-NOBR,"Snowmass 00109 (Navy, XL, nobrand)",Snowmass 00109,"Navy, XL, nobrand",NAVY,XL
2000000015842,1-CAMP-M-00109-NAVY-M-NOBR,"Snowmass 00109 (Navy, M, nobrand)",Snowmass 00109,"Navy, M, nobrand",NAVY,M
2000000015835,1-CAMP-M-00109-NAVY-L-PARK,"Snowmass 00109 (Navy, L, Parka)",Snowmass 00109,"Navy, L, Parka",NAVY,L
2000000015798,1-CAMP-M-00109-GREN-XL-PARK,"Snowmass 00109 (Green, XL, Parka)",Snowmass 00109,"Green, XL, Parka",GREN,XL
2000000015750,1-CAMP-M-00109-GREN-M-PARK,"Snowmass 00109 (Green, M, Parka)",Snowmass 00109,"Green, M, Parka",GREN,M
2000000015712,1-CAMP-M-00109-BLCK-XXL-PARK,"Snowmass 00109 (BLACK, XXL, Parka)",Snowmass 00109,"BLACK, XXL, Parka",BLCK,XXL
2000000015675,1-CAMP-M-00109-BLCK-S-PARK,"Snowmass 00109 (BLACK, S, Parka)",Snowmass 00109,"BLACK, S, Parka",BLCK,S
,1-TRDB-M-SPNDX-PINK-XXL-OLDB,"Spandex SPNDX (Pink, XXL, Old Bridge)",Spandex SPNDX,"Pink, XXL, Old Bridge",PINK,XXL
,1-TRDB-M-SPNDX-WINE-M-OLDB,"Spandex SPNDX (Wine, M, Old Bridge)",Spandex SPNDX,"Wine, M, Old Bridge",WINE,M
,1-TRDB-M-SPNDX-WINE-XL-OLDB,"Spandex SPNDX (Wine, XL, Old Bridge)",Spandex SPNDX,"Wine, XL, Old Bridge",WINE,XL
,1-TRDB-M-SPNDX-YELW-L-OLDB,"Spandex SPNDX (Yellow, L, Old Bridge)",Spandex SPNDX,"Yellow, L, Old Bridge",YELW,L
,1-TRDB-M-SPNDX-YELW-S-OLDB,"Spandex SPNDX (Yellow, S, Old Bridge)",Spandex SPNDX,"Yellow, S, Old Bridge",YELW,S
,1-TRDB-M-SPNDX-YELW-XXL-OLDB,"Spandex SPNDX (Yellow, XXL, Old Bridge)",Spandex SPNDX,"Yellow, XXL, Old Bridge",YELW,XXL
2000000015828,1-CAMP-M-00109-NAVY-L-NOBR,"Snowmass 00109 (Navy, L, nobrand)",Snowmass 00109,"Navy, L, nobrand",NAVY,L
2000000015781,1-CAMP-M-00109-GREN-XL-NOBR,"Snowmass 00109 (Green, XL, nobrand)",Snowmass 00109,"Green, XL, nobrand",GREN,XL
2000000015743,1-CAMP-M-00109-GREN-M-NOBR,"Snowmass 00109 (Green, M, nobrand)",Snowmass 00109,"Green, M, nobrand",GREN,M
2000000015705,1-CAMP-M-00109-BLCK-XXL-NOBR,"Snowmass 00109 (BLACK, XXL, nobrand)",Snowmass 00109,"BLACK, XXL, nobrand",BLCK,XXL
2000000015668,1-CAMP-M-00109-BLCK-S-NOBR,"Snowmass 00109 (BLACK, S, nobrand)",Snowmass 00109,"BLACK, S, nobrand",BLCK,S
2000000049939,1-TRDB-M-SPNDX-WINE-L-NOBR,"Spandex SPNDX (Wine, L, no brand)",Spandex SPNDX,"Wine, L, no brand",WINE,L
2000000049953,1-TRDB-M-SPNDX-WINE-S-NOBR,"Spandex SPNDX (Wine, S, no brand)",Spandex SPNDX,"Wine, S, no brand",WINE,S
2000000049977,1-TRDB-M-SPNDX-WINE-XXL-NOBR,"Spandex SPNDX (Wine, XXL, no brand)",Spandex SPNDX,"Wine, XXL, no brand",WINE,XXL
2000000049991,1-TRDB-M-SPNDX-YELW-M-NOBR,"Spandex SPNDX (Yellow, M, no brand)",Spandex SPNDX,"Yellow, M, no brand",YELW,M
2000000050010,1-TRDB-M-SPNDX-YELW-XL-NOBR,"Spandex SPNDX (Yellow, XL, no brand)",Spandex SPNDX,"Yellow, XL, no brand",YELW,XL
,1-TRDB-M-SPNDX-BLUE-XL-OLDB,"Spandex SPNDX (Blue, XL, Old Bridge)",Spandex SPNDX,"Blue, XL, Old Bridge",BLUE,XL
2000000015811,1-CAMP-M-00109-GREN-XXL-PARK,"Snowmass 00109 (Green, XXL, Parka)",Snowmass 00109,"Green, XXL, Parka",GREN,XXL
2000000015774,1-CAMP-M-00109-GREN-S-PARK,"Snowmass 00109 (Green, S, Parka)",Snowmass 00109,"Green, S, Parka",GREN,S
2000000015736,1-CAMP-M-00109-GREN-L-PARK,"Snowmass 00109 (Green, L, Parka)",Snowmass 00109,"Green, L, Parka",GREN,L
2000000015699,1-CAMP-M-00109-BLCK-XL-PARK,"Snowmass 00109 (BLACK, XL, Parka)",Snowmass 00109,"BLACK, XL, Parka",BLCK,XL
2000000015651,1-CAMP-M-00109-BLCK-M-PARK,"Snowmass 00109 (BLACK, M, Parka)",Snowmass 00109,"BLACK, M, Parka",BLCK,M
,1-TRDB-M-SPNDX-PINK-XL-OLDB,"Spandex SPNDX (Pink, XL, Old Bridge)",Spandex SPNDX,"Pink, XL, Old Bridge",PINK,XL
,1-TRDB-M-SPNDX-WINE-L-OLDB,"Spandex SPNDX (Wine, L, Old Bridge)",Spandex SPNDX,"Wine, L, Old Bridge",WINE,L
,1-TRDB-M-SPNDX-WINE-S-OLDB,"Spandex SPNDX (Wine, S, Old Bridge)",Spandex SPNDX,"Wine, S, Old Bridge",WINE,S
,1-TRDB-M-SPNDX-WINE-XXL-OLDB,"Spandex SPNDX (Wine, XXL, Old Bridge)",Spandex SPNDX,"Wine, XXL, Old Bridge",WINE,XXL
,1-TRDB-M-SPNDX-YELW-M-OLDB,"Spandex SPNDX (Yellow, M, Old Bridge)",Spandex SPNDX,"Yellow, M, Old Bridge",YELW,M
,1-TRDB-M-SPNDX-YELW-XL-OLDB,"Spandex SPNDX (Yellow, XL, Old Bridge)",Spandex SPNDX,"Yellow, XL, Old Bridge",YELW,XL
,1-TRDB-M-SPNDX-BLUE-S-OLDB,"Spandex SPNDX (Blue, S, Old Bridge)",Spandex SPNDX,"Blue, S, Old Bridge",BLUE,S
2000000015804,1-CAMP-M-00109-GREN-XXL-NOBR,"Snowmass 00109 (Green, XXL, nobrand)",Snowmass 00109,"Green, XXL, nobrand",GREN,XXL
2000000015767,1-CAMP-M-00109-GREN-S-NOBR,"Snowmass 00109 (Green, S, nobrand)",Snowmass 00109,"Green, S, nobrand",GREN,S
2000000015729,1-CAMP-M-00109-GREN-L-NOBR,"Snowmass 00109 (Green, L, nobrand)",Snowmass 00109,"Green, L, nobrand",GREN,L
2000000015682,1-CAMP-M-00109-BLCK-XL-NOBR,"Snowmass 00109 (BLACK, XL, nobrand)",Snowmass 00109,"BLACK, XL, nobrand",BLCK,XL
2000000049922,1-TRDB-M-SPNDX-PINK-XXL-NOBR,"Spandex SPNDX (Pink, XXL, no brand)",Spandex SPNDX,"Pink, XXL, no brand",PINK,XXL
2000000049946,1-TRDB-M-SPNDX-WINE-M-NOBR,"Spandex SPNDX (Wine, M, no brand)",Spandex SPNDX,"Wine, M, no brand",WINE,M
2000000049960,1-TRDB-M-SPNDX-WINE-XL-NOBR,"Spandex SPNDX (Wine, XL, no brand)",Spandex SPNDX,"Wine, XL, no brand",WINE,XL
2000000049984,1-TRDB-M-SPNDX-YELW-L-NOBR,"Spandex SPNDX (Yellow, L, no brand)",Spandex SPNDX,"Yellow, L, no brand",YELW,L
2000000050003,1-TRDB-M-SPNDX-YELW-S-NOBR,"Spandex SPNDX (Yellow, S, no brand)",Spandex SPNDX,"Yellow, S, no brand",YELW,S
2000000050027,1-TRDB-M-SPNDX-YELW-XXL-NOBR,"Spandex SPNDX (Yellow, XXL, no brand)",Spandex SPNDX,"Yellow, XXL, no brand",YELW,XXL
2000000049755,1-TRDB-M-SPNDX-BLUE-S-NOBR,"Spandex SPNDX (Blue, S, no brand)",Spandex SPNDX,"Blue, S, no brand",BLUE,S
,1-TRDB-M-SPNDX-BLUE-M-OLDB,"Spandex SPNDX (Blue, M, Old Bridge)",Spandex SPNDX,"Blue, M, Old Bridge",BLUE,M
,1-TRDB-M-SPNDX-BLCK-XXL-OLDB,"Spandex SPNDX (BLACK, XXL, Old Bridge)",Spandex SPNDX,"BLACK, XXL, Old Bridge",BLCK,XXL
,1-TRDB-M-SPNDX-BLCK-S-OLDB,"Spandex SPNDX (BLACK, S, Old Bridge)",Spandex SPNDX,"BLACK, S, Old Bridge",BLCK,S
,1-TRDB-M-SPNDX-BLCK-L-OLDB,"Spandex SPNDX (BLACK, L, Old Bridge)",Spandex SPNDX,"BLACK, L, Old Bridge",BLCK,L
2000000049861,1-TRDB-M-SPNDX-KHAK-XL-NOBR,"Spandex SPNDX (Khaki, XL, no brand)",Spandex SPNDX,"Khaki, XL, no brand",KHAK,XL
,1-TRDB-M-SPNDX-PINK-L-OLDB,"Spandex SPNDX (Pink, L, Old Bridge)",Spandex SPNDX,"Pink, L, Old Bridge",PINK,L
,1-TRDB-M-SPNDX-PINK-S-OLDB,"Spandex SPNDX (Pink, S, Old Bridge)",Spandex SPNDX,"Pink, S, Old Bridge",PINK,S
,1-TRDB-M-SPNDX-KHAK-M-OLDB,"Spandex SPNDX (Khaki, M, Old Bridge)",Spandex SPNDX,"Khaki, M, Old Bridge",KHAK,M
2000000049748,1-TRDB-M-SPNDX-BLUE-M-NOBR,"Spandex SPNDX (Blue, M, no brand)",Spandex SPNDX,"Blue, M, no brand",BLUE,M
2000000049724,1-TRDB-M-SPNDX-BLCK-XXL-NOBR,"Spandex SPNDX (BLACK, XXL, no brand)",Spandex SPNDX,"BLACK, XXL, no brand",BLCK,XXL
2000000049700,1-TRDB-M-SPNDX-BLCK-S-NOBR,"Spandex SPNDX (BLACK, S, no brand)",Spandex SPNDX,"BLACK, S, no brand",BLCK,S
2000000049687,1-TRDB-M-SPNDX-BLCK-L-NOBR,"Spandex SPNDX (BLACK, L, no brand)",Spandex SPNDX,"BLACK, L, no brand",BLCK,L
2000000049878,1-TRDB-M-SPNDX-KHAK-XXL-NOBR,"Spandex SPNDX (Khaki, XXL, no brand)",Spandex SPNDX,"Khaki, XXL, no brand",KHAK,XXL
2000000049892,1-TRDB-M-SPNDX-PINK-M-NOBR,"Spandex SPNDX (Pink, M, no brand)",Spandex SPNDX,"Pink, M, no brand",PINK,M
2000000049915,1-TRDB-M-SPNDX-PINK-XL-NOBR,"Spandex SPNDX (Pink, XL, no brand)",Spandex SPNDX,"Pink, XL, no brand",PINK,XL
2000000049847,1-TRDB-M-SPNDX-KHAK-M-NOBR,"Spandex SPNDX (Khaki, M, no brand)",Spandex SPNDX,"Khaki, M, no brand",KHAK,M
,1-TRDB-M-SPNDX-BLUE-L-OLDB,"Spandex SPNDX (Blue, L, Old Bridge)",Spandex SPNDX,"Blue, L, Old Bridge",BLUE,L
,1-TRDB-M-SPNDX-BLCK-XL-OLDB,"Spandex SPNDX (BLACK, XL, Old Bridge)",Spandex SPNDX,"BLACK, XL, Old Bridge",BLCK,XL
,1-TRDB-M-SPNDX-BLCK-M-OLDB,"Spandex SPNDX (BLACK, M, Old Bridge)",Spandex SPNDX,"BLACK, M, Old Bridge",BLCK,M
,1-TRDB-M-SPNDX-KHAK-XXL-OLDB,"Spandex SPNDX (Khaki, XXL, Old Bridge)",Spandex SPNDX,"Khaki, XXL, Old Bridge",KHAK,XXL
,1-TRDB-M-SPNDX-PINK-M-OLDB,"Spandex SPNDX (Pink, M, Old Bridge)",Spandex SPNDX,"Pink, M, Old Bridge",PINK,M
,1-TRDB-M-SPNDX-KHAK-S-OLDB,"Spandex SPNDX (Khaki, S, Old Bridge)",Spandex SPNDX,"Khaki, S, Old Bridge",KHAK,S
,1-TRDB-M-SPNDX-KHAK-L-OLDB,"Spandex SPNDX (Khaki, L, Old Bridge)",Spandex SPNDX,"Khaki, L, Old Bridge",KHAK,L
2000000049731,1-TRDB-M-SPNDX-BLUE-L-NOBR,"Spandex SPNDX (Blue, L, no brand)",Spandex SPNDX,"Blue, L, no brand",BLUE,L
2000000049717,1-TRDB-M-SPNDX-BLCK-XL-NOBR,"Spandex SPNDX (BLACK, XL, no brand)",Spandex SPNDX,"BLACK, XL, no brand",BLCK,XL
2000000049694,1-TRDB-M-SPNDX-BLCK-M-NOBR,"Spandex SPNDX (BLACK, M, no brand)",Spandex SPNDX,"BLACK, M, no brand",BLCK,M
,1-TRDB-M-SPNDX-KHAK-XL-OLDB,"Spandex SPNDX (Khaki, XL, Old Bridge)",Spandex SPNDX,"Khaki, XL, Old Bridge",KHAK,XL
2000000049885,1-TRDB-M-SPNDX-PINK-L-NOBR,"Spandex SPNDX (Pink, L, no brand)",Spandex SPNDX,"Pink, L, no brand",PINK,L
2000000049908,1-TRDB-M-SPNDX-PINK-S-NOBR,"Spandex SPNDX (Pink, S, no brand)",Spandex SPNDX,"Pink, S, no brand",PINK,S
2000000049854,1-TRDB-M-SPNDX-KHAK-S-NOBR,"Spandex SPNDX (Khaki, S, no brand)",Spandex SPNDX,"Khaki, S, no brand",KHAK,S
2000000049830,1-TRDB-M-SPNDX-KHAK-L-NOBR,"Spandex SPNDX (Khaki, L, no brand)",Spandex SPNDX,"Khaki, L, no brand",KHAK,L
,1-TRDB-M-SPNDX-GREN-XXL-OLDB,"Spandex SPNDX (Green, XXL, Old Bridge)",Spandex SPNDX,"Green, XXL, Old Bridge",GREN,XXL
,1-TRDB-M-SPNDX-GREN-S-OLDB,"Spandex SPNDX (Green, S, Old Bridge)",Spandex SPNDX,"Green, S, Old Bridge",GREN,S
,1-TRDB-M-SPNDX-GREN-L-OLDB,"Spandex SPNDX (Green, L, Old Bridge)",Spandex SPNDX,"Green, L, Old Bridge",GREN,L
2000000049762,1-TRDB-M-SPNDX-BLUE-XL-NOBR,"Spandex SPNDX (Blue, XL, no brand)",Spandex SPNDX,"Blue, XL, no brand",BLUE,XL
2000000049632,1-TRDB-M-SPLIT-UNIC-L-NOBR,Split SPLIT (L),Split SPLIT,L,UNIC,L
2000000032771,1-CAMP-W-00009-VIOL-L-PARK,"Stellar 00009 (Violet, L, Parka)",Stellar 00009,"Violet, L, Parka",VIOL,L
2000000032689,1-CAMP-W-00009-BLCK-L-NOBR,"Stellar 00009 (BLACK, L, nobrand)",Stellar 00009,"BLACK, L, nobrand",BLCK,L
2000000032825,1-CAMP-W-00009-VIOL-XL-NOBR,"Stellar 00009 (Violet, XL, nobrand)",Stellar 00009,"Violet, XL, nobrand",VIOL,XL
2000000032740,1-CAMP-W-00009-BLCK-XL-NOBR,"Stellar 00009 (BLACK, XL, nobrand)",Stellar 00009,"BLACK, XL, nobrand",BLCK,XL
2000000050102,1-TRDB-M-SUNRI-UNIC-S-NOBR,Sunrise SUNRI (S),Sunrise SUNRI,S,UNIC,S
2000000048130,,1-TRDB-M-0#104-BLUE-L-NOBR,1-TRDB-M-0#104-BLUE-L-NOBR,,,
2000000048185,,1-TRDB-M-0#104-GREN-L-NOBR,1-TRDB-M-0#104-GREN-L-NOBR,,,
2000000049823,1-TRDB-M-SPNDX-GREN-XXL-NOBR,"Spandex SPNDX (Green, XXL, no brand)",Spandex SPNDX,"Green, XXL, no brand",GREN,XXL
2000000049809,1-TRDB-M-SPNDX-GREN-S-NOBR,"Spandex SPNDX (Green, S, no brand)",Spandex SPNDX,"Green, S, no brand",GREN,S
2000000049786,1-TRDB-M-SPNDX-GREN-L-NOBR,"Spandex SPNDX (Green, L, no brand)",Spandex SPNDX,"Green, L, no brand",GREN,L
2000000049670,1-TRDB-M-SPLIT-UNIC-XXL-NOBR,Split SPLIT (XXL),Split SPLIT,XXL,UNIC,XXL
2000000049656,1-TRDB-M-SPLIT-UNIC-S-NOBR,Split SPLIT (S),Split SPLIT,S,UNIC,S
2000000032764,1-CAMP-W-00009-VIOL-L-NOBR,"Stellar 00009 (Violet, L, nobrand)",Stellar 00009,"Violet, L, nobrand",VIOL,L
2000000032696,1-CAMP-W-00009-BLCK-L-PARK,"Stellar 00009 (BLACK, L, Parka)",Stellar 00009,"BLACK, L, Parka",BLCK,L
2000000032818,1-CAMP-W-00009-VIOL-S-PARK,"Stellar 00009 (Violet, S, Parka)",Stellar 00009,"Violet, S, Parka",VIOL,S
2000000032733,1-CAMP-W-00009-BLCK-S-PARK,"Stellar 00009 (BLACK, S, Parka)",Stellar 00009,"BLACK, S, Parka",BLCK,S
2000000050089,1-TRDB-M-SUNRI-UNIC-L-NOBR,Sunrise SUNRI (L),Sunrise SUNRI,L,UNIC,L
2000000048147,,1-TRDB-M-0#104-BLUE-M-NOBR,1-TRDB-M-0#104-BLUE-M-NOBR,,,
2000000048192,,1-TRDB-M-0#104-GREN-M-NOBR,1-TRDB-M-0#104-GREN-M-NOBR,,,
,1-TRDB-M-SPNDX-GREN-XL-OLDB,"Spandex SPNDX (Green, XL, Old Bridge)",Spandex SPNDX,"Green, XL, Old Bridge",GREN,XL
,1-TRDB-M-SPNDX-GREN-M-OLDB,"Spandex SPNDX (Green, M, Old Bridge)",Spandex SPNDX,"Green, M, Old Bridge",GREN,M
,1-TRDB-M-SPNDX-BLUE-XXL-OLDB,"Spandex SPNDX (Blue, XXL, Old Bridge)",Spandex SPNDX,"Blue, XXL, Old Bridge",BLUE,XXL
2000000049649,1-TRDB-M-SPLIT-UNIC-M-NOBR,Split SPLIT (M),Split SPLIT,M,UNIC,M
2000000052946,2-BI-W-STELL-UNIC-S-0PRK-21V,Stellar,Stellar,,UNIC,S
2000000032757,1-CAMP-W-00009-BLCK-XL-PARK,"Stellar 00009 (BLACK, XL, Parka)",Stellar 00009,"BLACK, XL, Parka",BLCK,XL
2000000032719,1-CAMP-W-00009-BLCK-M-PARK,"Stellar 00009 (BLACK, M, Parka)",Stellar 00009,"BLACK, M, Parka",BLCK,M
2000000032801,1-CAMP-W-00009-VIOL-S-NOBR,"Stellar 00009 (Violet, S, nobrand)",Stellar 00009,"Violet, S, nobrand",VIOL,S
2000000032726,1-CAMP-W-00009-BLCK-S-NOBR,"Stellar 00009 (BLACK, S, nobrand)",Stellar 00009,"BLACK, S, nobrand",BLCK,S
2000000050096,1-TRDB-M-SUNRI-UNIC-M-NOBR,Sunrise SUNRI (M),Sunrise SUNRI,M,UNIC,M
2000000048161,,1-TRDB-M-0#104-BLUE-XL-NOBR,1-TRDB-M-0#104-BLUE-XL-NOBR,,,
2000000048277,,1-TRDB-M-0#104-KHAK-XXL-NOBR,1-TRDB-M-0#104-KHAK-XXL-NOBR,,,
2000000049816,1-TRDB-M-SPNDX-GREN-XL-NOBR,"Spandex SPNDX (Green, XL, no brand)",Spandex SPNDX,"Green, XL, no brand",GREN,XL
2000000049793,1-TRDB-M-SPNDX-GREN-M-NOBR,"Spandex SPNDX (Green, M, no brand)",Spandex SPNDX,"Green, M, no brand",GREN,M
2000000049779,1-TRDB-M-SPNDX-BLUE-XXL-NOBR,"Spandex SPNDX (Blue, XXL, no brand)",Spandex SPNDX,"Blue, XXL, no brand",BLUE,XXL
2000000049663,1-TRDB-M-SPLIT-UNIC-XL-NOBR,Split SPLIT (XL),Split SPLIT,XL,UNIC,XL
2000000032788,1-CAMP-W-00009-VIOL-M-NOBR,"Stellar 00009 (Violet, M, nobrand)",Stellar 00009,"Violet, M, nobrand",VIOL,M
2000000032702,1-CAMP-W-00009-BLCK-M-NOBR,"Stellar 00009 (BLACK, M, nobrand)",Stellar 00009,"BLACK, M, nobrand",BLCK,M
2000000032832,1-CAMP-W-00009-VIOL-XL-PARK,"Stellar 00009 (Violet, XL, Parka)",Stellar 00009,"Violet, XL, Parka",VIOL,XL
2000000032795,1-CAMP-W-00009-VIOL-M-PARK,"Stellar 00009 (Violet, M, Parka)",Stellar 00009,"Violet, M, Parka",VIOL,M
2000000050119,1-TRDB-M-SUNRI-UNIC-XL-NOBR,Sunrise SUNRI (XL),Sunrise SUNRI,XL,UNIC,XL
2000000050126,1-TRDB-M-SUNRI-UNIC-XXL-NOBR,Sunrise SUNRI (XXL),Sunrise SUNRI,XXL,UNIC,XXL
2000000048178,,1-TRDB-M-0#104-BLUE-XXL-NOBR,1-TRDB-M-0#104-BLUE-XXL-NOBR,,,
2000000048284,,1-TRDB-M-0#104-REDD-L-NOBR,1-TRDB-M-0#104-REDD-L-NOBR,,,
2000000048307,,1-TRDB-M-0#104-REDD-S-NOBR,1-TRDB-M-0#104-REDD-S-NOBR,,,
2000000048215,,1-TRDB-M-0#104-GREN-XL-NOBR,1-TRDB-M-0#104-GREN-XL-NOBR,,,
2000000048260,,1-TRDB-M-0#104-KHAK-XL-NOBR,1-TRDB-M-0#104-KHAK-XL-NOBR,,,
2000000048109,,1-TRDB-M-0#104-BLCK-S-NOBR,1-TRDB-M-0#104-BLCK-S-NOBR,,,
2000000048291,,1-TRDB-M-0#104-REDD-M-NOBR,1-TRDB-M-0#104-REDD-M-NOBR,,,
2000000054810,1-SWEA-W-10024-CREM-XL-NOBR,"Sweater 10024 (Cream, XL)",Sweater 10024,"Cream, XL",CREM,XL
2000000054773,1-SWEA-W-10024-BRWN-XS-NOBR,"Sweater 10024 (Brown, XS)",Sweater 10024,"Brown, XS",BRWN,XS
2000000054711,1-SWEA-W-10024-BLCK-XL-NOBR,"Sweater 10024 (BLACK, XL)",Sweater 10024,"BLACK, XL",BLCK,XL
2000000054704,1-SWEA-W-10024-BLCK-S-NOBR,"Sweater 10024 (BLACK, S)",Sweater 10024,"BLACK, S",BLCK,S
2000000054919,1-SWEA-W-10024-NAVY-XL-NOBR,"Sweater 10024 (Navy, XL)",Sweater 10024,"Navy, XL",NAVY,XL
2000000054865,1-SWEA-W-10024-MARO-XL-NOBR,"Sweater 10024 (Maroon, XL)",Sweater 10024,"Maroon, XL",MARO,XL
2000000055152,1-SWEA-W-10025-WHIT-S-NOBR,"Sweater 10025 (White, S)",Sweater 10025,"White, S",WHIT,S
2000000048314,,1-TRDB-M-0#104-REDD-XL-NOBR,1-TRDB-M-0#104-REDD-XL-NOBR,,,
2000000048222,,1-TRDB-M-0#104-GREN-XXL-NOBR,1-TRDB-M-0#104-GREN-XXL-NOBR,,,
2000000048253,,1-TRDB-M-0#104-KHAK-S-NOBR,1-TRDB-M-0#104-KHAK-S-NOBR,,,
2000000048116,,1-TRDB-M-0#104-BLCK-XL-NOBR,1-TRDB-M-0#104-BLCK-XL-NOBR,,,
2000000054841,1-SWEA-W-10024-MARO-M-NOBR,"Sweater 10024 (Maroon, M)",Sweater 10024,"Maroon, M",MARO,M
2000000054803,1-SWEA-W-10024-CREM-S-NOBR,"Sweater 10024 (Cream, S)",Sweater 10024,"Cream, S",CREM,S
2000000054766,1-SWEA-W-10024-BRWN-XL-NOBR,"Sweater 10024 (Brown, XL)",Sweater 10024,"Brown, XL",BRWN,XL
2000000054926,1-SWEA-W-10024-NAVY-XS-NOBR,"Sweater 10024 (Navy, XS)",Sweater 10024,"Navy, XS",NAVY,XS
2000000054742,1-SWEA-W-10024-BRWN-M-NOBR,"Sweater 10024 (Brown, M)",Sweater 10024,"Brown, M",BRWN,M
2000000054896,1-SWEA-W-10024-NAVY-M-NOBR,"Sweater 10024 (Navy, M)",Sweater 10024,"Navy, M",NAVY,M
2000000054858,1-SWEA-W-10024-MARO-S-NOBR,"Sweater 10024 (Maroon, S)",Sweater 10024,"Maroon, S",MARO,S
2000000055145,1-SWEA-W-10025-WHIT-M-NOBR,"Sweater 10025 (White, M)",Sweater 10025,"White, M",WHIT,M
2000000048321,,1-TRDB-M-0#104-REDD-XXL-NOBR,1-TRDB-M-0#104-REDD-XXL-NOBR,,,
2000000048239,,1-TRDB-M-0#104-KHAK-L-NOBR,1-TRDB-M-0#104-KHAK-L-NOBR,,,
2000000048086,,1-TRDB-M-0#104-BLCK-L-NOBR,1-TRDB-M-0#104-BLCK-L-NOBR,,,
2000000048123,,1-TRDB-M-0#104-BLCK-XXL-NOBR,1-TRDB-M-0#104-BLCK-XXL-NOBR,,,
2000000054834,1-SWEA-W-10024-MARO-L-NOBR,"Sweater 10024 (Maroon, L)",Sweater 10024,"Maroon, L",MARO,L
2000000054797,1-SWEA-W-10024-CREM-M-NOBR,"Sweater 10024 (Cream, M)",Sweater 10024,"Cream, M",CREM,M
2000000054759,1-SWEA-W-10024-BRWN-S-NOBR,"Sweater 10024 (Brown, S)",Sweater 10024,"Brown, S",BRWN,S
2000000054681,1-SWEA-W-10024-BLCK-L-NOBR,"Sweater 10024 (BLACK, L)",Sweater 10024,"BLACK, L",BLCK,L
2000000054735,1-SWEA-W-10024-BRWN-L-NOBR,"Sweater 10024 (Brown, L)",Sweater 10024,"Brown, L",BRWN,L
2000000054889,1-SWEA-W-10024-NAVY-L-NOBR,"Sweater 10024 (Navy, L)",Sweater 10024,"Navy, L",NAVY,L
2000000055176,1-SWEA-W-10025-WHIT-XS-NOBR,"Sweater 10025 (White, XS)",Sweater 10025,"White, XS",WHIT,XS
2000000055138,1-SWEA-W-10025-WHIT-L-NOBR,"Sweater 10025 (White, L)",Sweater 10025,"White, L",WHIT,L
2000000048208,,1-TRDB-M-0#104-GREN-S-NOBR,1-TRDB-M-0#104-GREN-S-NOBR,,,
2000000048246,,1-TRDB-M-0#104-KHAK-M-NOBR,1-TRDB-M-0#104-KHAK-M-NOBR,,,
2000000048093,,1-TRDB-M-0#104-BLCK-M-NOBR,1-TRDB-M-0#104-BLCK-M-NOBR,,,
2000000048154,,1-TRDB-M-0#104-BLUE-S-NOBR,1-TRDB-M-0#104-BLUE-S-NOBR,,,
2000000054827,1-SWEA-W-10024-CREM-XS-NOBR,"Sweater 10024 (Cream, XS)",Sweater 10024,"Cream, XS",CREM,XS
2000000054780,1-SWEA-W-10024-CREM-L-NOBR,"Sweater 10024 (Cream, L)",Sweater 10024,"Cream, L",CREM,L
2000000054728,1-SWEA-W-10024-BLCK-XS-NOBR,"Sweater 10024 (BLACK, XS)",Sweater 10024,"BLACK, XS",BLCK,XS
2000000054698,1-SWEA-W-10024-BLCK-M-NOBR,"Sweater 10024 (BLACK, M)",Sweater 10024,"BLACK, M",BLCK,M
2000000054902,1-SWEA-W-10024-NAVY-S-NOBR,"Sweater 10024 (Navy, S)",Sweater 10024,"Navy, S",NAVY,S
2000000054872,1-SWEA-W-10024-MARO-XS-NOBR,"Sweater 10024 (Maroon, XS)",Sweater 10024,"Maroon, XS",MARO,XS
2000000055169,1-SWEA-W-10025-WHIT-XL-NOBR,"Sweater 10025 (White, XL)",Sweater 10025,"White, XL",WHIT,XL
2000000055121,1-SWEA-W-10025-NAVY-XS-NOBR,"Sweater 10025 (Navy, XS)",Sweater 10025,"Navy, XS",NAVY,XS
2000000055114,1-SWEA-W-10025-NAVY-XL-NOBR,"Sweater 10025 (Navy, XL)",Sweater 10025,"Navy, XL",NAVY,XL
2000000055077,1-SWEA-W-10025-GREY-XS-NOBR,"Sweater 10025 (grey, XS)",Sweater 10025,"grey, XS",GREY,XS
2000000055022,1-SWEA-W-10025-BRWN-XS-NOBR,"Sweater 10025 (Brown, XS)",Sweater 10025,"Brown, XS",BRWN,XS
2000000054988,1-SWEA-W-10025-BRWN-L-NOBR,"Sweater 10025 (Brown, L)",Sweater 10025,"Brown, L",BRWN,L
2000000054940,1-SWEA-W-10025-BLCK-M-NOBR,"Sweater 10025 (BLACK, M)",Sweater 10025,"BLACK, M",BLCK,M
2000000053493,1-SWEA-M-10026-CHOC-3XL-NOBR,"Sweater 10026 (Chocolate, 3XL)",Sweater 10026,"Chocolate, 3XL",CHOC,3XL
2000000053530,1-SWEA-M-10026-CHOC-XL-NOBR,"Sweater 10026 (Chocolate, XL)",Sweater 10026,"Chocolate, XL",CHOC,XL
2000000053578,1-SWEA-M-10026-CREM-M-NOBR,"Sweater 10026 (Cream, M)",Sweater 10026,"Cream, M",CREM,M
2000000053615,1-SWEA-M-10026-GREY-3XL-NOBR,"Sweater 10026 (grey, 3XL)",Sweater 10026,"grey, 3XL",GREY,3XL
2000000053653,1-SWEA-M-10026-GREY-XL-NOBR,"Sweater 10026 (grey, XL)",Sweater 10026,"grey, XL",GREY,XL
2000000053691,1-SWEA-M-10026-NAVY-M-NOBR,"Sweater 10026 (Navy, M)",Sweater 10026,"Navy, M",NAVY,M
2000000053738,1-SWEA-M-10026-PINK-3XL-NOBR,"Sweater 10026 (Pink, 3XL)",Sweater 10026,"Pink, 3XL",PINK,3XL
2000000055107,1-SWEA-W-10025-NAVY-S-NOBR,"Sweater 10025 (Navy, S)",Sweater 10025,"Navy, S",NAVY,S
2000000055053,1-SWEA-W-10025-GREY-S-NOBR,"Sweater 10025 (grey, S)",Sweater 10025,"grey, S",GREY,S
2000000055015,1-SWEA-W-10025-BRWN-XL-NOBR,"Sweater 10025 (Brown, XL)",Sweater 10025,"Brown, XL",BRWN,XL
2000000054971,1-SWEA-W-10025-BLCK-XS-NOBR,"Sweater 10025 (BLACK, XS)",Sweater 10025,"BLACK, XS",BLCK,XS
2000000054933,1-SWEA-W-10025-BLCK-L-NOBR,"Sweater 10025 (BLACK, L)",Sweater 10025,"BLACK, L",BLCK,L
2000000053509,1-SWEA-M-10026-CHOC-L-NOBR,"Sweater 10026 (Chocolate, L)",Sweater 10026,"Chocolate, L",CHOC,L
2000000053547,1-SWEA-M-10026-CHOC-XXL-NOBR,"Sweater 10026 (Chocolate, XXL)",Sweater 10026,"Chocolate, XXL",CHOC,XXL
2000000053585,1-SWEA-M-10026-CREM-S-NOBR,"Sweater 10026 (Cream, S)",Sweater 10026,"Cream, S",CREM,S
2000000053622,1-SWEA-M-10026-GREY-L-NOBR,"Sweater 10026 (grey, L)",Sweater 10026,"grey, L",GREY,L
2000000053660,1-SWEA-M-10026-GREY-XXL-NOBR,"Sweater 10026 (grey, XXL)",Sweater 10026,"grey, XXL",GREY,XXL
2000000053707,1-SWEA-M-10026-NAVY-S-NOBR,"Sweater 10026 (Navy, S)",Sweater 10026,"Navy, S",NAVY,S
2000000053745,1-SWEA-M-10026-PINK-L-NOBR,"Sweater 10026 (Pink, L)",Sweater 10026,"Pink, L",PINK,L
2000000055091,1-SWEA-W-10025-NAVY-M-NOBR,"Sweater 10025 (Navy, M)",Sweater 10025,"Navy, M",NAVY,M
2000000055046,1-SWEA-W-10025-GREY-M-NOBR,"Sweater 10025 (grey, M)",Sweater 10025,"grey, M",GREY,M
2000000055008,1-SWEA-W-10025-BRWN-S-NOBR,"Sweater 10025 (Brown, S)",Sweater 10025,"Brown, S",BRWN,S
2000000054964,1-SWEA-W-10025-BLCK-XL-NOBR,"Sweater 10025 (BLACK, XL)",Sweater 10025,"BLACK, XL",BLCK,XL
2000000055060,1-SWEA-W-10025-GREY-XL-NOBR,"Sweater 10025 (grey, XL)",Sweater 10025,"grey, XL",GREY,XL
2000000053516,1-SWEA-M-10026-CHOC-M-NOBR,"Sweater 10026 (Chocolate, M)",Sweater 10026,"Chocolate, M",CHOC,M
2000000053554,1-SWEA-M-10026-CREM-3XL-NOBR,"Sweater 10026 (Cream, 3XL)",Sweater 10026,"Cream, 3XL",CREM,3XL
2000000053592,1-SWEA-M-10026-CREM-XL-NOBR,"Sweater 10026 (Cream, XL)",Sweater 10026,"Cream, XL",CREM,XL
2000000053639,1-SWEA-M-10026-GREY-M-NOBR,"Sweater 10026 (grey, M)",Sweater 10026,"grey, M",GREY,M
2000000053677,1-SWEA-M-10026-NAVY-3XL-NOBR,"Sweater 10026 (Navy, 3XL)",Sweater 10026,"Navy, 3XL",NAVY,3XL
2000000053714,1-SWEA-M-10026-NAVY-XL-NOBR,"Sweater 10026 (Navy, XL)",Sweater 10026,"Navy, XL",NAVY,XL
2000000053752,1-SWEA-M-10026-PINK-M-NOBR,"Sweater 10026 (Pink, M)",Sweater 10026,"Pink, M",PINK,M
2000000055084,1-SWEA-W-10025-NAVY-L-NOBR,"Sweater 10025 (Navy, L)",Sweater 10025,"Navy, L",NAVY,L
2000000055039,1-SWEA-W-10025-GREY-L-NOBR,"Sweater 10025 (grey, L)",Sweater 10025,"grey, L",GREY,L
2000000054995,1-SWEA-W-10025-BRWN-M-NOBR,"Sweater 10025 (Brown, M)",Sweater 10025,"Brown, M",BRWN,M
2000000054957,1-SWEA-W-10025-BLCK-S-NOBR,"Sweater 10025 (BLACK, S)",Sweater 10025,"BLACK, S",BLCK,S
2000000053486,1-SWEA-M-10026-BLCK-XXL-NOBR,"Sweater 10026 (BLACK, XXL)",Sweater 10026,"BLACK, XXL",BLCK,XXL
2000000053523,1-SWEA-M-10026-CHOC-S-NOBR,"Sweater 10026 (Chocolate, S)",Sweater 10026,"Chocolate, S",CHOC,S
2000000053561,1-SWEA-M-10026-CREM-L-NOBR,"Sweater 10026 (Cream, L)",Sweater 10026,"Cream, L",CREM,L
2000000053608,1-SWEA-M-10026-CREM-XXL-NOBR,"Sweater 10026 (Cream, XXL)",Sweater 10026,"Cream, XXL",CREM,XXL
2000000053646,1-SWEA-M-10026-GREY-S-NOBR,"Sweater 10026 (grey, S)",Sweater 10026,"grey, S",GREY,S
2000000053684,1-SWEA-M-10026-NAVY-L-NOBR,"Sweater 10026 (Navy, L)",Sweater 10026,"Navy, L",NAVY,L
2000000053721,1-SWEA-M-10026-NAVY-XXL-NOBR,"Sweater 10026 (Navy, XXL)",Sweater 10026,"Navy, XXL",NAVY,XXL
2000000053769,1-SWEA-M-10026-PINK-S-NOBR,"Sweater 10026 (Pink, S)",Sweater 10026,"Pink, S",PINK,S
2000000053776,1-SWEA-M-10026-PINK-XL-NOBR,"Sweater 10026 (Pink, XL)",Sweater 10026,"Pink, XL",PINK,XL
2000000053455,1-SWEA-M-10026-BLCK-M-NOBR,"Sweater 10026 (BLACK, M)",Sweater 10026,"BLACK, M",BLCK,M
2000000053981,1-SWEA-M-10027-OFWH-XXL-NOBR,"Sweater 10027 (Off white, XXL)",Sweater 10027,"Off white, XXL",OFWH,XXL
2000000053820,1-SWEA-M-10027-BLCK-XL-NOBR,"Sweater 10027 (BLACK, XL)",Sweater 10027,"BLACK, XL",BLCK,XL
2000000053868,1-SWEA-M-10027-BRWN-S-NOBR,"Sweater 10027 (Brown, S)",Sweater 10027,"Brown, S",BRWN,S
2000000053905,1-SWEA-M-10027-NAVY-M-NOBR,"Sweater 10027 (Navy, M)",Sweater 10027,"Navy, M",NAVY,M
2000000053943,1-SWEA-M-10027-OFWH-L-NOBR,"Sweater 10027 (Off white, L)",Sweater 10027,"Off white, L",OFWH,L
2000000054100,1-SWEA-M-10028-BRWN-XL-NOBR,"Sweater 10028 (Brown, XL)",Sweater 10028,"Brown, XL",BRWN,XL
2000000054025,1-SWEA-M-10028-ANTH-XL-NOBR,"Sweater 10028 (Anthra, XL)",Sweater 10028,"Anthra, XL",ANTH,XL
2000000054063,1-SWEA-M-10028-BLUE-XL-NOBR,"Sweater 10028 (Blue, XL)",Sweater 10028,"Blue, XL",BLUE,XL
2000000054544,1-SWEA-M-10036-BEIG-M-NOBR,"Sweater 10036 (Beige, M)",Sweater 10036,"Beige, M",BEIG,M
2000000054582,1-SWEA-M-10036-NAVY-L-NOBR,"Sweater 10036 (Navy, L)",Sweater 10036,"Navy, L",NAVY,L
2000000053783,1-SWEA-M-10026-PINK-XXL-NOBR,"Sweater 10026 (Pink, XXL)",Sweater 10026,"Pink, XXL",PINK,XXL
2000000053462,1-SWEA-M-10026-BLCK-S-NOBR,"Sweater 10026 (BLACK, S)",Sweater 10026,"BLACK, S",BLCK,S
2000000053790,1-SWEA-M-10027-BLCK-L-NOBR,"Sweater 10027 (BLACK, L)",Sweater 10027,"BLACK, L",BLCK,L
2000000053837,1-SWEA-M-10027-BLCK-XXL-NOBR,"Sweater 10027 (BLACK, XXL)",Sweater 10027,"BLACK, XXL",BLCK,XXL
2000000053875,1-SWEA-M-10027-BRWN-XL-NOBR,"Sweater 10027 (Brown, XL)",Sweater 10027,"Brown, XL",BRWN,XL
2000000053912,1-SWEA-M-10027-NAVY-S-NOBR,"Sweater 10027 (Navy, S)",Sweater 10027,"Navy, S",NAVY,S
2000000053950,1-SWEA-M-10027-OFWH-M-NOBR,"Sweater 10027 (Off white, M)",Sweater 10027,"Off white, M",OFWH,M
2000000053998,1-SWEA-M-10028-ANTH-L-NOBR,"Sweater 10028 (Anthra, L)",Sweater 10028,"Anthra, L",ANTH,L
2000000054032,1-SWEA-M-10028-BLUE-L-NOBR,"Sweater 10028 (Blue, L)",Sweater 10028,"Blue, L",BLUE,L
2000000054070,1-SWEA-M-10028-BRWN-L-NOBR,"Sweater 10028 (Brown, L)",Sweater 10028,"Brown, L",BRWN,L
2000000054551,1-SWEA-M-10036-BEIG-S-NOBR,"Sweater 10036 (Beige, S)",Sweater 10036,"Beige, S",BEIG,S
2000000054599,1-SWEA-M-10036-NAVY-M-NOBR,"Sweater 10036 (Navy, M)",Sweater 10036,"Navy, M",NAVY,M
2000000053448,1-SWEA-M-10026-BLCK-L-NOBR,"Sweater 10026 (BLACK, L)",Sweater 10026,"BLACK, L",BLCK,L
2000000053479,1-SWEA-M-10026-BLCK-XL-NOBR,"Sweater 10026 (BLACK, XL)",Sweater 10026,"BLACK, XL",BLCK,XL
2000000053806,1-SWEA-M-10027-BLCK-M-NOBR,"Sweater 10027 (BLACK, M)",Sweater 10027,"BLACK, M",BLCK,M
2000000053844,1-SWEA-M-10027-BRWN-L-NOBR,"Sweater 10027 (Brown, L)",Sweater 10027,"Brown, L",BRWN,L
2000000053882,1-SWEA-M-10027-BRWN-XXL-NOBR,"Sweater 10027 (Brown, XXL)",Sweater 10027,"Brown, XXL",BRWN,XXL
2000000053929,1-SWEA-M-10027-NAVY-XL-NOBR,"Sweater 10027 (Navy, XL)",Sweater 10027,"Navy, XL",NAVY,XL
2000000053967,1-SWEA-M-10027-OFWH-S-NOBR,"Sweater 10027 (Off white, S)",Sweater 10027,"Off white, S",OFWH,S
2000000054001,1-SWEA-M-10028-ANTH-M-NOBR,"Sweater 10028 (Anthra, M)",Sweater 10028,"Anthra, M",ANTH,M
2000000054049,1-SWEA-M-10028-BLUE-M-NOBR,"Sweater 10028 (Blue, M)",Sweater 10028,"Blue, M",BLUE,M
2000000054087,1-SWEA-M-10028-BRWN-M-NOBR,"Sweater 10028 (Brown, M)",Sweater 10028,"Brown, M",BRWN,M
2000000054568,1-SWEA-M-10036-BEIG-XL-NOBR,"Sweater 10036 (Beige, XL)",Sweater 10036,"Beige, XL",BEIG,XL
2000000054605,1-SWEA-M-10036-NAVY-S-NOBR,"Sweater 10036 (Navy, S)",Sweater 10036,"Navy, S",NAVY,S
2000000053431,1-SWEA-M-10026-BLCK-3XL-NOBR,"Sweater 10026 (BLACK, 3XL)",Sweater 10026,"BLACK, 3XL",BLCK,3XL
2000000053974,1-SWEA-M-10027-OFWH-XL-NOBR,"Sweater 10027 (Off white, XL)",Sweater 10027,"Off white, XL",OFWH,XL
2000000053813,1-SWEA-M-10027-BLCK-S-NOBR,"Sweater 10027 (BLACK, S)",Sweater 10027,"BLACK, S",BLCK,S
2000000053851,1-SWEA-M-10027-BRWN-M-NOBR,"Sweater 10027 (Brown, M)",Sweater 10027,"Brown, M",BRWN,M
2000000053899,1-SWEA-M-10027-NAVY-L-NOBR,"Sweater 10027 (Navy, L)",Sweater 10027,"Navy, L",NAVY,L
2000000053936,1-SWEA-M-10027-NAVY-XXL-NOBR,"Sweater 10027 (Navy, XXL)",Sweater 10027,"Navy, XXL",NAVY,XXL
2000000054094,1-SWEA-M-10028-BRWN-S-NOBR,"Sweater 10028 (Brown, S)",Sweater 10028,"Brown, S",BRWN,S
2000000054018,1-SWEA-M-10028-ANTH-S-NOBR,"Sweater 10028 (Anthra, S)",Sweater 10028,"Anthra, S",ANTH,S
2000000054056,1-SWEA-M-10028-BLUE-S-NOBR,"Sweater 10028 (Blue, S)",Sweater 10028,"Blue, S",BLUE,S
2000000054537,1-SWEA-M-10036-BEIG-L-NOBR,"Sweater 10036 (Beige, L)",Sweater 10036,"Beige, L",BEIG,L
2000000054575,1-SWEA-M-10036-BEIG-XXL-NOBR,"Sweater 10036 (Beige, XXL)",Sweater 10036,"Beige, XXL",BEIG,XXL
2000000054612,1-SWEA-M-10036-NAVY-XL-NOBR,"Sweater 10036 (Navy, XL)",Sweater 10036,"Navy, XL",NAVY,XL
2000000054629,1-SWEA-M-10036-NAVY-XXL-NOBR,"Sweater 10036 (Navy, XXL)",Sweater 10036,"Navy, XXL",NAVY,XXL
2000000054674,1-SWEA-M-10036-TEAL-XXL-NOBR,"Sweater 10036 (Teal, XXL)",Sweater 10036,"Teal, XXL",TEAL,XXL
2000000054230,1-SWEA-M-10035-BLCK-3XL-NOBR,"Sweater 1035 (BLACK, 3XL)",Sweater 1035,"BLACK, 3XL",BLCK,3XL
2000000054193,1-SWEA-M-10035-BEIG-M-NOBR,"Sweater 1035 (Beige, M)",Sweater 1035,"Beige, M",BEIG,M
2000000054155,1-SWEA-M-10035-0SKY-XL-NOBR,"Sweater 1035 (Sky, XL)",Sweater 1035,"Sky, XL",0SKY,XL
2000000054117,1-SWEA-M-10035-0SKY-3XL-NOBR,"Sweater 1035 (Sky, 3XL)",Sweater 1035,"Sky, 3XL",0SKY,3XL
2000000054438,1-SWEA-M-10035-NAVY-M-NOBR,"Sweater 1035 (Navy, M)",Sweater 1035,"Navy, M",NAVY,M
2000000054476,1-SWEA-M-10035-SILV-3XL-NOBR,"Sweater 1035 (SILVER, 3XL)",Sweater 1035,"SILVER, 3XL",SILV,3XL
2000000054513,1-SWEA-M-10035-SILV-XL-NOBR,"Sweater 1035 (SILVER, XL)",Sweater 1035,"SILVER, XL",SILV,XL
2000000054308,1-SWEA-M-10035-GREN-L-NOBR,"Sweater 1035 (Green, L)",Sweater 1035,"Green, L",GREN,L
2000000054346,1-SWEA-M-10035-GREN-XXL-NOBR,"Sweater 1035 (Green, XXL)",Sweater 1035,"Green, XXL",GREN,XXL
2000000054384,1-SWEA-M-10035-GREY-S-NOBR,"Sweater 1035 (grey, S)",Sweater 1035,"grey, S",GREY,S
2000000054650,1-SWEA-M-10036-TEAL-S-NOBR,"Sweater 10036 (Teal, S)",Sweater 10036,"Teal, S",TEAL,S
2000000054636,1-SWEA-M-10036-TEAL-L-NOBR,"Sweater 10036 (Teal, L)",Sweater 10036,"Teal, L",TEAL,L
2000000054216,1-SWEA-M-10035-BEIG-XL-NOBR,"Sweater 1035 (Beige, XL)",Sweater 1035,"Beige, XL",BEIG,XL
2000000054186,1-SWEA-M-10035-BEIG-L-NOBR,"Sweater 1035 (Beige, L)",Sweater 1035,"Beige, L",BEIG,L
2000000054148,1-SWEA-M-10035-0SKY-S-NOBR,"Sweater 1035 (Sky, S)",Sweater 1035,"Sky, S",0SKY,S
2000000054124,1-SWEA-M-10035-0SKY-L-NOBR,"Sweater 1035 (Sky, L)",Sweater 1035,"Sky, L",0SKY,L
2000000054445,1-SWEA-M-10035-NAVY-S-NOBR,"Sweater 1035 (Navy, S)",Sweater 1035,"Navy, S",NAVY,S
2000000054483,1-SWEA-M-10035-SILV-L-NOBR,"Sweater 1035 (SILVER, L)",Sweater 1035,"SILVER, L",SILV,L
2000000054520,1-SWEA-M-10035-SILV-XXL-NOBR,"Sweater 1035 (SILVER, XXL)",Sweater 1035,"SILVER, XXL",SILV,XXL
2000000054315,1-SWEA-M-10035-GREN-M-NOBR,"Sweater 1035 (Green, M)",Sweater 1035,"Green, M",GREN,M
2000000054353,1-SWEA-M-10035-GREY-3XL-NOBR,"Sweater 1035 (grey, 3XL)",Sweater 1035,"grey, 3XL",GREY,3XL
2000000054391,1-SWEA-M-10035-GREY-XL-NOBR,"Sweater 1035 (grey, XL)",Sweater 1035,"grey, XL",GREY,XL
2000000054643,1-SWEA-M-10036-TEAL-M-NOBR,"Sweater 10036 (Teal, M)",Sweater 10036,"Teal, M",TEAL,M
2000000054254,1-SWEA-M-10035-BLCK-M-NOBR,"Sweater 1035 (BLACK, M)",Sweater 1035,"BLACK, M",BLCK,M
2000000054223,1-SWEA-M-10035-BEIG-XXL-NOBR,"Sweater 1035 (Beige, XXL)",Sweater 1035,"Beige, XXL",BEIG,XXL
2000000054179,1-SWEA-M-10035-BEIG-3XL-NOBR,"Sweater 1035 (Beige, 3XL)",Sweater 1035,"Beige, 3XL",BEIG,3XL
2000000054131,1-SWEA-M-10035-0SKY-M-NOBR,"Sweater 1035 (Sky, M)",Sweater 1035,"Sky, M",0SKY,M
2000000054414,1-SWEA-M-10035-NAVY-3XL-NOBR,"Sweater 1035 (Navy, 3XL)",Sweater 1035,"Navy, 3XL",NAVY,3XL
2000000054452,1-SWEA-M-10035-NAVY-XL-NOBR,"Sweater 1035 (Navy, XL)",Sweater 1035,"Navy, XL",NAVY,XL
2000000054490,1-SWEA-M-10035-SILV-M-NOBR,"Sweater 1035 (SILVER, M)",Sweater 1035,"SILVER, M",SILV,M
2000000054285,1-SWEA-M-10035-BLCK-XXL-NOBR,"Sweater 1035 (BLACK, XXL)",Sweater 1035,"BLACK, XXL",BLCK,XXL
2000000054322,1-SWEA-M-10035-GREN-S-NOBR,"Sweater 1035 (Green, S)",Sweater 1035,"Green, S",GREN,S
2000000054360,1-SWEA-M-10035-GREY-L-NOBR,"Sweater 1035 (grey, L)",Sweater 1035,"grey, L",GREY,L
2000000054407,1-SWEA-M-10035-GREY-XXL-NOBR,"Sweater 1035 (grey, XXL)",Sweater 1035,"grey, XXL",GREY,XXL
2000000054667,1-SWEA-M-10036-TEAL-XL-NOBR,"Sweater 10036 (Teal, XL)",Sweater 10036,"Teal, XL",TEAL,XL
2000000054247,1-SWEA-M-10035-BLCK-L-NOBR,"Sweater 1035 (BLACK, L)",Sweater 1035,"BLACK, L",BLCK,L
2000000054209,1-SWEA-M-10035-BEIG-S-NOBR,"Sweater 1035 (Beige, S)",Sweater 1035,"Beige, S",BEIG,S
2000000054162,1-SWEA-M-10035-0SKY-XXL-NOBR,"Sweater 1035 (Sky, XXL)",Sweater 1035,"Sky, XXL",0SKY,XXL
2000000054278,1-SWEA-M-10035-BLCK-XL-NOBR,"Sweater 1035 (BLACK, XL)",Sweater 1035,"BLACK, XL",BLCK,XL
2000000054421,1-SWEA-M-10035-NAVY-L-NOBR,"Sweater 1035 (Navy, L)",Sweater 1035,"Navy, L",NAVY,L
2000000054469,1-SWEA-M-10035-NAVY-XXL-NOBR,"Sweater 1035 (Navy, XXL)",Sweater 1035,"Navy, XXL",NAVY,XXL
2000000054506,1-SWEA-M-10035-SILV-S-NOBR,"Sweater 1035 (SILVER, S)",Sweater 1035,"SILVER, S",SILV,S
2000000054292,1-SWEA-M-10035-GREN-3XL-NOBR,"Sweater 1035 (Green, 3XL)",Sweater 1035,"Green, 3XL",GREN,3XL
2000000054339,1-SWEA-M-10035-GREN-XL-NOBR,"Sweater 1035 (Green, XL)",Sweater 1035,"Green, XL",GREN,XL
2000000054377,1-SWEA-M-10035-GREY-M-NOBR,"Sweater 1035 (grey, M)",Sweater 1035,"grey, M",GREY,M
2000000054261,1-SWEA-M-10035-BLCK-S-NOBR,"Sweater 1035 (BLACK, S)",Sweater 1035,"BLACK, S",BLCK,S
2000000052786,4-GORR-W-04002-BRWN-PARK,TANGLE 04002 (Brown),TANGLE 04002,Brown,,
2000000026756,1-CAMP-M-BELTE-BLCK-XXL-AIRB,"TANGLE BELTER (BLACK, XXL, Airborn)",TANGLE BELTER,"BLACK, XXL, Airborn",BLCK,XXL
2000000026428,1-CAMP-M-BELTE-BEIG-L-PARK,"TANGLE BELTER (Beige, L, Parka)",TANGLE BELTER,"Beige, L, Parka",BEIG,L
2000000026466,1-CAMP-M-BELTE-BEIG-M-PARK,"TANGLE BELTER (Beige, M, Parka)",TANGLE BELTER,"Beige, M, Parka",BEIG,M
2000000026503,1-CAMP-M-BELTE-BEIG-S-PARK,"TANGLE BELTER (Beige, S, Parka)",TANGLE BELTER,"Beige, S, Parka",BEIG,S
2000000026701,1-CAMP-M-BELTE-BLCK-S-PARK,"TANGLE BELTER (BLACK, S, Parka)",TANGLE BELTER,"BLACK, S, Parka",BLCK,S
2000000026749,1-CAMP-M-BELTE-BLCK-XL-PARK,"TANGLE BELTER (BLACK, XL, Parka)",TANGLE BELTER,"BLACK, XL, Parka",BLCK,XL
2000000026510,1-CAMP-M-BELTE-BEIG-XL-AIRB,"TANGLE BELTER (Beige, XL, Airborn)",TANGLE BELTER,"Beige, XL, Airborn",BEIG,XL
2000000026558,1-CAMP-M-BELTE-BEIG-XXL-AIRB,"TANGLE BELTER (Beige, XXL, Airborn)",TANGLE BELTER,"Beige, XXL, Airborn",BEIG,XXL
2000000026596,1-CAMP-M-BELTE-BLCK-L-AIRB,"TANGLE BELTER (BLACK, L, Airborn)",TANGLE BELTER,"BLACK, L, Airborn",BLCK,L
2000000026640,1-CAMP-M-BELTE-BLCK-M-DAIL,"TANGLE BELTER (BLACK, M, Daily)",TANGLE BELTER,"BLACK, M, Daily",BLCK,M
2000000016801,1-CAMP-M-00114-GREN-XL-NOBR,"THOR 00114 (Green, XL, nobrand)",THOR 00114,"Green, XL, nobrand",GREN,XL
2000000052793,4-GORR-W-04002-WHIT-PARK,TANGLE 04002 (White),TANGLE 04002,White,,
2000000026398,1-CAMP-M-BELTE-BEIG-L-AIRB,"TANGLE BELTER (Beige, L, Airborn)",TANGLE BELTER,"Beige, L, Airborn",BEIG,L
2000000026435,1-CAMP-M-BELTE-BEIG-M-AIRB,"TANGLE BELTER (Beige, M, Airborn)",TANGLE BELTER,"Beige, M, Airborn",BEIG,M
2000000026473,1-CAMP-M-BELTE-BEIG-S-AIRB,"TANGLE BELTER (Beige, S, Airborn)",TANGLE BELTER,"Beige, S, Airborn",BEIG,S
2000000026671,1-CAMP-M-BELTE-BLCK-S-AIRB,"TANGLE BELTER (BLACK, S, Airborn)",TANGLE BELTER,"BLACK, S, Airborn",BLCK,S
2000000026718,1-CAMP-M-BELTE-BLCK-XL-AIRB,"TANGLE BELTER (BLACK, XL, Airborn)",TANGLE BELTER,"BLACK, XL, Airborn",BLCK,XL
2000000026787,1-CAMP-M-BELTE-BLCK-XXL-PARK,"TANGLE BELTER (BLACK, XXL, Parka)",TANGLE BELTER,"BLACK, XXL, Parka",BLCK,XXL
2000000026527,1-CAMP-M-BELTE-BEIG-XL-DAIL,"TANGLE BELTER (Beige, XL, Daily)",TANGLE BELTER,"Beige, XL, Daily",BEIG,XL
2000000026565,1-CAMP-M-BELTE-BEIG-XXL-DAIL,"TANGLE BELTER (Beige, XXL, Daily)",TANGLE BELTER,"Beige, XXL, Daily",BEIG,XXL
2000000026602,1-CAMP-M-BELTE-BLCK-L-DAIL,"TANGLE BELTER (BLACK, L, Daily)",TANGLE BELTER,"BLACK, L, Daily",BLCK,L
2000000026657,1-CAMP-M-BELTE-BLCK-M-NOBR,"TANGLE BELTER (BLACK, M, nobrand)",TANGLE BELTER,"BLACK, M, nobrand",BLCK,M
2000000017099,1-CAMP-M-00114-OLIV-3XL-PARK,"THOR 00114 (Olive, 3XL, Parka)",THOR 00114,"Olive, 3XL, Parka",OLIV,3XL
2000000052762,4-GORR-W-04002-BEIG-PARK,TANGLE 04002 (Beige),TANGLE 04002,Beige,,
2000000026404,1-CAMP-M-BELTE-BEIG-L-DAIL,"TANGLE BELTER (Beige, L, Daily)",TANGLE BELTER,"Beige, L, Daily",BEIG,L
2000000026442,1-CAMP-M-BELTE-BEIG-M-DAIL,"TANGLE BELTER (Beige, M, Daily)",TANGLE BELTER,"Beige, M, Daily",BEIG,M
2000000026480,1-CAMP-M-BELTE-BEIG-S-DAIL,"TANGLE BELTER (Beige, S, Daily)",TANGLE BELTER,"Beige, S, Daily",BEIG,S
2000000026688,1-CAMP-M-BELTE-BLCK-S-DAIL,"TANGLE BELTER (BLACK, S, Daily)",TANGLE BELTER,"BLACK, S, Daily",BLCK,S
2000000026725,1-CAMP-M-BELTE-BLCK-XL-DAIL,"TANGLE BELTER (BLACK, XL, Daily)",TANGLE BELTER,"BLACK, XL, Daily",BLCK,XL
2000000026770,1-CAMP-M-BELTE-BLCK-XXL-NOBR,"TANGLE BELTER (BLACK, XXL, nobrand)",TANGLE BELTER,"BLACK, XXL, nobrand",BLCK,XXL
2000000026534,1-CAMP-M-BELTE-BEIG-XL-NOBR,"TANGLE BELTER (Beige, XL, nobrand)",TANGLE BELTER,"Beige, XL, nobrand",BEIG,XL
2000000026572,1-CAMP-M-BELTE-BEIG-XXL-NOBR,"TANGLE BELTER (Beige, XXL, nobrand)",TANGLE BELTER,"Beige, XXL, nobrand",BEIG,XXL
2000000026619,1-CAMP-M-BELTE-BLCK-L-NOBR,"TANGLE BELTER (BLACK, L, nobrand)",TANGLE BELTER,"BLACK, L, nobrand",BLCK,L
2000000026664,1-CAMP-M-BELTE-BLCK-M-PARK,"TANGLE BELTER (BLACK, M, Parka)",TANGLE BELTER,"BLACK, M, Parka",BLCK,M
2000000017105,1-CAMP-M-00114-OLIV-L-NOBR,"THOR 00114 (Olive, L, nobrand)",THOR 00114,"Olive, L, nobrand",OLIV,L
2000000052779,4-GORR-W-04002-BLCK-PARK,TANGLE 04002 (BLACK),TANGLE 04002,BLACK,,
2000000026411,1-CAMP-M-BELTE-BEIG-L-NOBR,"TANGLE BELTER (Beige, L, nobrand)",TANGLE BELTER,"Beige, L, nobrand",BEIG,L
2000000026459,1-CAMP-M-BELTE-BEIG-M-NOBR,"TANGLE BELTER (Beige, M, nobrand)",TANGLE BELTER,"Beige, M, nobrand",BEIG,M
2000000026497,1-CAMP-M-BELTE-BEIG-S-NOBR,"TANGLE BELTER (Beige, S, nobrand)",TANGLE BELTER,"Beige, S, nobrand",BEIG,S
2000000026695,1-CAMP-M-BELTE-BLCK-S-NOBR,"TANGLE BELTER (BLACK, S, nobrand)",TANGLE BELTER,"BLACK, S, nobrand",BLCK,S
2000000026732,1-CAMP-M-BELTE-BLCK-XL-NOBR,"TANGLE BELTER (BLACK, XL, nobrand)",TANGLE BELTER,"BLACK, XL, nobrand",BLCK,XL
2000000026763,1-CAMP-M-BELTE-BLCK-XXL-DAIL,"TANGLE BELTER (BLACK, XXL, Daily)",TANGLE BELTER,"BLACK, XXL, Daily",BLCK,XXL
2000000026541,1-CAMP-M-BELTE-BEIG-XL-PARK,"TANGLE BELTER (Beige, XL, Parka)",TANGLE BELTER,"Beige, XL, Parka",BEIG,XL
2000000026589,1-CAMP-M-BELTE-BEIG-XXL-PARK,"TANGLE BELTER (Beige, XXL, Parka)",TANGLE BELTER,"Beige, XXL, Parka",BEIG,XXL
2000000026633,1-CAMP-M-BELTE-BLCK-M-AIRB,"TANGLE BELTER (BLACK, M, Airborn)",TANGLE BELTER,"BLACK, M, Airborn",BLCK,M
2000000026626,1-CAMP-M-BELTE-BLCK-L-PARK,"TANGLE BELTER (BLACK, L, Parka)",TANGLE BELTER,"BLACK, L, Parka",BLCK,L
2000000017112,1-CAMP-M-00114-OLIV-L-PARK,"THOR 00114 (Olive, L, Parka)",THOR 00114,"Olive, L, Parka",OLIV,L
2000000017129,1-CAMP-M-00114-OLIV-M-NOBR,"THOR 00114 (Olive, M, nobrand)",THOR 00114,"Olive, M, nobrand",OLIV,M
2000000017051,1-CAMP-M-00114-NAVY-XL-PARK,"THOR 00114 (Navy, XL, Parka)",THOR 00114,"Navy, XL, Parka",NAVY,XL
2000000017181,1-CAMP-M-00114-OLIV-XXL-NOBR,"THOR 00114 (Olive, XXL, nobrand)",THOR 00114,"Olive, XXL, nobrand",OLIV,XXL
2000000016771,1-CAMP-M-00114-GREN-M-PARK,"THOR 00114 (Green, M, Parka)",THOR 00114,"Green, M, Parka",GREN,M
2000000016733,1-CAMP-M-00114-GREN-3XL-PARK,"THOR 00114 (Green, 3XL, Parka)",THOR 00114,"Green, 3XL, Parka",GREN,3XL
2000000016696,1-CAMP-M-00114-BLCK-XL-PARK,"THOR 00114 (BLACK, XL, Parka)",THOR 00114,"BLACK, XL, Parka",BLCK,XL
2000000016658,1-CAMP-M-00114-BLCK-M-PARK,"THOR 00114 (BLACK, M, Parka)",THOR 00114,"BLACK, M, Parka",BLCK,M
2000000016610,1-CAMP-M-00114-BLCK-3XL-PARK,"THOR 00114 (BLACK, 3XL, Parka)",THOR 00114,"BLACK, 3XL, Parka",BLCK,3XL
2000000017068,1-CAMP-M-00114-NAVY-XXL-NOBR,"THOR 00114 (Navy, XXL, nobrand)",THOR 00114,"Navy, XXL, nobrand",NAVY,XXL
2000000017006,1-CAMP-M-00114-NAVY-M-NOBR,"THOR 00114 (Navy, M, nobrand)",THOR 00114,"Navy, M, nobrand",NAVY,M
2000000016962,1-CAMP-M-00114-NAVY-3XL-NOBR,"THOR 00114 (Navy, 3XL, nobrand)",THOR 00114,"Navy, 3XL, nobrand",NAVY,3XL
2000000016924,1-CAMP-M-00114-GREY-XL-NOBR,"THOR 00114 (grey, XL, nobrand)",THOR 00114,"grey, XL, nobrand",GREY,XL
2000000017143,1-CAMP-M-00114-OLIV-S-NOBR,"THOR 00114 (Olive, S, nobrand)",THOR 00114,"Olive, S, nobrand",OLIV,S
2000000017167,1-CAMP-M-00114-OLIV-XL-NOBR,"THOR 00114 (Olive, XL, nobrand)",THOR 00114,"Olive, XL, nobrand",OLIV,XL
2000000017037,1-CAMP-M-00114-NAVY-S-PARK,"THOR 00114 (Navy, S, Parka)",THOR 00114,"Navy, S, Parka",NAVY,S
2000000016764,1-CAMP-M-00114-GREN-M-NOBR,"THOR 00114 (Green, M, nobrand)",THOR 00114,"Green, M, nobrand",GREN,M
2000000016726,1-CAMP-M-00114-GREN-3XL-NOBR,"THOR 00114 (Green, 3XL, nobrand)",THOR 00114,"Green, 3XL, nobrand",GREN,3XL
2000000016689,1-CAMP-M-00114-BLCK-XL-NOBR,"THOR 00114 (BLACK, XL, nobrand)",THOR 00114,"BLACK, XL, nobrand",BLCK,XL
2000000016641,1-CAMP-M-00114-BLCK-M-NOBR,"THOR 00114 (BLACK, M, nobrand)",THOR 00114,"BLACK, M, nobrand",BLCK,M
2000000016603,1-CAMP-M-00114-BLCK-3XL-NOBR,"THOR 00114 (BLACK, 3XL, nobrand)",THOR 00114,"BLACK, 3XL, nobrand",BLCK,3XL
2000000017075,1-CAMP-M-00114-NAVY-XXL-PARK,"THOR 00114 (Navy, XXL, Parka)",THOR 00114,"Navy, XXL, Parka",NAVY,XXL
2000000016993,1-CAMP-M-00114-NAVY-L-PARK,"THOR 00114 (Navy, L, Parka)",THOR 00114,"Navy, L, Parka",NAVY,L
2000000016955,1-CAMP-M-00114-GREY-XXL-PARK,"THOR 00114 (grey, XXL, Parka)",THOR 00114,"grey, XXL, Parka",GREY,XXL
2000000016917,1-CAMP-M-00114-GREY-S-PARK,"THOR 00114 (grey, S, Parka)",THOR 00114,"grey, S, Parka",GREY,S
2000000017136,1-CAMP-M-00114-OLIV-M-PARK,"THOR 00114 (Olive, M, Parka)",THOR 00114,"Olive, M, Parka",OLIV,M
2000000017174,1-CAMP-M-00114-OLIV-XL-PARK,"THOR 00114 (Olive, XL, Parka)",THOR 00114,"Olive, XL, Parka",OLIV,XL
2000000016795,1-CAMP-M-00114-GREN-S-PARK,"THOR 00114 (Green, S, Parka)",THOR 00114,"Green, S, Parka",GREN,S
2000000016757,1-CAMP-M-00114-GREN-L-PARK,"THOR 00114 (Green, L, Parka)",THOR 00114,"Green, L, Parka",GREN,L
2000000016719,1-CAMP-M-00114-BLCK-XXL-PARK,"THOR 00114 (BLACK, XXL, Parka)",THOR 00114,"BLACK, XXL, Parka",BLCK,XXL
2000000016672,1-CAMP-M-00114-BLCK-S-PARK,"THOR 00114 (BLACK, S, Parka)",THOR 00114,"BLACK, S, Parka",BLCK,S
2000000016634,1-CAMP-M-00114-BLCK-L-PARK,"THOR 00114 (BLACK, L, Parka)",THOR 00114,"BLACK, L, Parka",BLCK,L
2000000017044,1-CAMP-M-00114-NAVY-XL-NOBR,"THOR 00114 (Navy, XL, nobrand)",THOR 00114,"Navy, XL, nobrand",NAVY,XL
2000000017082,1-CAMP-M-00114-OLIV-3XL-NOBR,"THOR 00114 (Olive, 3XL, nobrand)",THOR 00114,"Olive, 3XL, nobrand",OLIV,3XL
2000000016986,1-CAMP-M-00114-NAVY-L-NOBR,"THOR 00114 (Navy, L, nobrand)",THOR 00114,"Navy, L, nobrand",NAVY,L
2000000016948,1-CAMP-M-00114-GREY-XXL-NOBR,"THOR 00114 (grey, XXL, nobrand)",THOR 00114,"grey, XXL, nobrand",GREY,XXL
2000000016900,1-CAMP-M-00114-GREY-S-NOBR,"THOR 00114 (grey, S, nobrand)",THOR 00114,"grey, S, nobrand",GREY,S
2000000017150,1-CAMP-M-00114-OLIV-S-PARK,"THOR 00114 (Olive, S, Parka)",THOR 00114,"Olive, S, Parka",OLIV,S
2000000017020,1-CAMP-M-00114-NAVY-S-NOBR,"THOR 00114 (Navy, S, nobrand)",THOR 00114,"Navy, S, nobrand",NAVY,S
2000000016788,1-CAMP-M-00114-GREN-S-NOBR,"THOR 00114 (Green, S, nobrand)",THOR 00114,"Green, S, nobrand",GREN,S
2000000016740,1-CAMP-M-00114-GREN-L-NOBR,"THOR 00114 (Green, L, nobrand)",THOR 00114,"Green, L, nobrand",GREN,L
2000000016702,1-CAMP-M-00114-BLCK-XXL-NOBR,"THOR 00114 (BLACK, XXL, nobrand)",THOR 00114,"BLACK, XXL, nobrand",BLCK,XXL
2000000016665,1-CAMP-M-00114-BLCK-S-NOBR,"THOR 00114 (BLACK, S, nobrand)",THOR 00114,"BLACK, S, nobrand",BLCK,S
2000000016627,1-CAMP-M-00114-BLCK-L-NOBR,"THOR 00114 (BLACK, L, nobrand)",THOR 00114,"BLACK, L, nobrand",BLCK,L
2000000017198,1-CAMP-M-00114-OLIV-XXL-PARK,"THOR 00114 (Olive, XXL, Parka)",THOR 00114,"Olive, XXL, Parka",OLIV,XXL
2000000017013,1-CAMP-M-00114-NAVY-M-PARK,"THOR 00114 (Navy, M, Parka)",THOR 00114,"Navy, M, Parka",NAVY,M
2000000016979,1-CAMP-M-00114-NAVY-3XL-PARK,"THOR 00114 (Navy, 3XL, Parka)",THOR 00114,"Navy, 3XL, Parka",NAVY,3XL
2000000016931,1-CAMP-M-00114-GREY-XL-PARK,"THOR 00114 (grey, XL, Parka)",THOR 00114,"grey, XL, Parka",GREY,XL
2000000016894,1-CAMP-M-00114-GREY-M-PARK,"THOR 00114 (grey, M, Parka)",THOR 00114,"grey, M, Parka",GREY,M
2000000016887,1-CAMP-M-00114-GREY-M-NOBR,"THOR 00114 (grey, M, nobrand)",THOR 00114,"grey, M, nobrand",GREY,M
2000000016849,1-CAMP-M-00114-GREY-3XL-NOBR,"THOR 00114 (grey, 3XL, nobrand)",THOR 00114,"grey, 3XL, nobrand",GREY,3XL
2000000052816,4-MOCH-U-03001-BLCK-PARK,TRAVELLER 03001 (Parka),TRAVELLER 03001,Parka,,
2000000022062,1-CAMP-M-00152-BLCK-M-NOBR,"Tank 00152 (BLACK, M, nobrand)",Tank 00152,"BLACK, M, nobrand",BLCK,M
2000000022109,1-CAMP-M-00152-BLCK-XL-NOBR,"Tank 00152 (BLACK, XL, nobrand)",Tank 00152,"BLACK, XL, nobrand",BLCK,XL
2000000022147,1-CAMP-M-00152-REDD-L-NOBR,"Tank 00152 (Red, L, nobrand)",Tank 00152,"Red, L, nobrand",REDD,L
2000000022192,1-CAMP-M-00152-REDD-S-PUFE,"Tank 00152 (Red, S, Puffers)",Tank 00152,"Red, S, Puffers",REDD,S
2000000022239,1-CAMP-M-00152-REDD-XXL-PUFE,"Tank 00152 (Red, XXL, Puffers)",Tank 00152,"Red, XXL, Puffers",REDD,XXL
2000000036366,1-CAMP-W-02032-BLCK-M-PARK,"Tinker 02032 (M, Parka)",Tinker 02032,"M, Parka",BLCK,M
2000000036380,1-CAMP-W-02032-BLCK-S-PARK,"Tinker 02032 (S, Parka)",Tinker 02032,"S, Parka",BLCK,S
2000000016870,1-CAMP-M-00114-GREY-L-PARK,"THOR 00114 (grey, L, Parka)",THOR 00114,"grey, L, Parka",GREY,L
2000000016832,1-CAMP-M-00114-GREN-XXL-PARK,"THOR 00114 (Green, XXL, Parka)",THOR 00114,"Green, XXL, Parka",GREN,XXL
2000000052809,4-MOCH-U-03001-BLCK-NOBR,TRAVELLER 03001 (nobrand),TRAVELLER 03001,nobrand,,
2000000022079,1-CAMP-M-00152-BLCK-M-PUFE,"Tank 00152 (BLACK, M, Puffers)",Tank 00152,"BLACK, M, Puffers",BLCK,M
2000000022116,1-CAMP-M-00152-BLCK-XL-PUFE,"Tank 00152 (BLACK, XL, Puffers)",Tank 00152,"BLACK, XL, Puffers",BLCK,XL
2000000022154,1-CAMP-M-00152-REDD-L-PUFE,"Tank 00152 (Red, L, Puffers)",Tank 00152,"Red, L, Puffers",REDD,L
2000000022208,1-CAMP-M-00152-REDD-XL-NOBR,"Tank 00152 (Red, XL, nobrand)",Tank 00152,"Red, XL, nobrand",REDD,XL
2000000022161,1-CAMP-M-00152-REDD-M-NOBR,"Tank 00152 (Red, M, nobrand)",Tank 00152,"Red, M, nobrand",REDD,M
2000000036335,1-CAMP-W-02032-BLCK-L-NOBR,"Tinker 02032 (L, nobrand)",Tinker 02032,"L, nobrand",BLCK,L
2000000036373,1-CAMP-W-02032-BLCK-S-NOBR,"Tinker 02032 (S, nobrand)",Tinker 02032,"S, nobrand",BLCK,S
2000000048994,1-TRDB-M-00009-NAVY-M-NOBR,"Traje De Baño Surfer Washed 00009 (Navy, M)",Traje De Baño Surfer Washed 00009,"Navy, M",NAVY,M
2000000016863,1-CAMP-M-00114-GREY-L-NOBR,"THOR 00114 (grey, L, nobrand)",THOR 00114,"grey, L, nobrand",GREY,L
2000000016825,1-CAMP-M-00114-GREN-XXL-NOBR,"THOR 00114 (Green, XXL, nobrand)",THOR 00114,"Green, XXL, nobrand",GREN,XXL
,CURVA-TURIN-UNIC-NOBR,TURIN — Curva 8u (1S/2M/2L/2XL/1XXL),TURIN — Curva 8u,1S/2M/2L/2XL/1XXL,,
2000000022048,1-CAMP-M-00152-BLCK-L-NOBR,"Tank 00152 (BLACK, L, nobrand)",Tank 00152,"BLACK, L, nobrand",BLCK,L
2000000022086,1-CAMP-M-00152-BLCK-S-NOBR,"Tank 00152 (BLACK, S, nobrand)",Tank 00152,"BLACK, S, nobrand",BLCK,S
2000000022123,1-CAMP-M-00152-BLCK-XXL-NOBR,"Tank 00152 (BLACK, XXL, nobrand)",Tank 00152,"BLACK, XXL, nobrand",BLCK,XXL
2000000022178,1-CAMP-M-00152-REDD-M-PUFE,"Tank 00152 (Red, M, Puffers)",Tank 00152,"Red, M, Puffers",REDD,M
2000000022215,1-CAMP-M-00152-REDD-XL-PUFE,"Tank 00152 (Red, XL, Puffers)",Tank 00152,"Red, XL, Puffers",REDD,XL
2000000036342,1-CAMP-W-02032-BLCK-L-PARK,"Tinker 02032 (L, Parka)",Tinker 02032,"L, Parka",BLCK,L
2000000036397,1-CAMP-W-02032-BLCK-XL-NOBR,"Tinker 02032 (XL, nobrand)",Tinker 02032,"XL, nobrand",BLCK,XL
2000000049007,1-TRDB-M-00009-NAVY-S-NOBR,"Traje De Baño Surfer Washed 00009 (Navy, S)",Traje De Baño Surfer Washed 00009,"Navy, S",NAVY,S
2000000016856,1-CAMP-M-00114-GREY-3XL-PARK,"THOR 00114 (grey, 3XL, Parka)",THOR 00114,"grey, 3XL, Parka",GREY,3XL
2000000016818,1-CAMP-M-00114-GREN-XL-PARK,"THOR 00114 (Green, XL, Parka)",THOR 00114,"Green, XL, Parka",GREN,XL
2000000022055,1-CAMP-M-00152-BLCK-L-PUFE,"Tank 00152 (BLACK, L, Puffers)",Tank 00152,"BLACK, L, Puffers",BLCK,L
2000000022093,1-CAMP-M-00152-BLCK-S-PUFE,"Tank 00152 (BLACK, S, Puffers)",Tank 00152,"BLACK, S, Puffers",BLCK,S
2000000022130,1-CAMP-M-00152-BLCK-XXL-PUFE,"Tank 00152 (BLACK, XXL, Puffers)",Tank 00152,"BLACK, XXL, Puffers",BLCK,XXL
2000000022185,1-CAMP-M-00152-REDD-S-NOBR,"Tank 00152 (Red, S, nobrand)",Tank 00152,"Red, S, nobrand",REDD,S
2000000022222,1-CAMP-M-00152-REDD-XXL-NOBR,"Tank 00152 (Red, XXL, nobrand)",Tank 00152,"Red, XXL, nobrand",REDD,XXL
2000000036359,1-CAMP-W-02032-BLCK-M-NOBR,"Tinker 02032 (M, nobrand)",Tinker 02032,"M, nobrand",BLCK,M
2000000036403,1-CAMP-W-02032-BLCK-XL-PARK,"Tinker 02032 (XL, Parka)",Tinker 02032,"XL, Parka",BLCK,XL
2000000049021,1-TRDB-M-00009-NAVY-XXL-NOBR,"Traje De Baño Surfer Washed 00009 (Navy, XXL)",Traje De Baño Surfer Washed 00009,"Navy, XXL",NAVY,XXL
2000000048833,1-TRDB-M-00009-BLCK-L-NOBR,"Traje De Baño Surfer Washed 00009 (BLACK, L)",Traje De Baño Surfer Washed 00009,"BLACK, L",BLCK,L
2000000048871,1-TRDB-M-00009-BLCK-XXL-NOBR,"Traje De Baño Surfer Washed 00009 (BLACK, XXL)",Traje De Baño Surfer Washed 00009,"BLACK, XXL",BLCK,XXL
2000000048918,1-TRDB-M-00009-BRWN-XL-NOBR,"Traje De Baño Surfer Washed 00009 (Brown, XL)",Traje De Baño Surfer Washed 00009,"Brown, XL",BRWN,XL
2000000048956,1-TRDB-M-00009-GREN-S-NOBR,"Traje De Baño Surfer Washed 00009 (Green, S)",Traje De Baño Surfer Washed 00009,"Green, S",GREN,S
2000000049014,1-TRDB-M-00009-NAVY-XL-NOBR,"Traje De Baño Surfer Washed 00009 (Navy, XL)",Traje De Baño Surfer Washed 00009,"Navy, XL",NAVY,XL
,1-TRDB-M-00008-GREN-XL-AIRB,"Traje De Baño Washed Spandex 00008 (Green, XL, Airborn)",Traje De Baño Washed Spandex 00008,"Green, XL, Airborn",GREN,XL
2000000048741,1-TRDB-M-00008-GREN-M-NOBR,"Traje De Baño Washed Spandex 00008 (Green, M, nobrand)",Traje De Baño Washed Spandex 00008,"Green, M, nobrand",GREN,M
,1-TRDB-M-00008-GREN-L-DAIL,"Traje De Baño Washed Spandex 00008 (Green, L, Daily)",Traje De Baño Washed Spandex 00008,"Green, L, Daily",GREN,L
,1-TRDB-M-00008-BRWN-XXL-AIRB,"Traje De Baño Washed Spandex 00008 (Brown, XXL, Airborn)",Traje De Baño Washed Spandex 00008,"Brown, XXL, Airborn",BRWN,XXL
2000000048703,1-TRDB-M-00008-BRWN-S-NOBR,"Traje De Baño Washed Spandex 00008 (Brown, S, nobrand)",Traje De Baño Washed Spandex 00008,"Brown, S, nobrand",BRWN,S
,1-TRDB-M-00008-BRWN-M-DAIL,"Traje De Baño Washed Spandex 00008 (Brown, M, Daily)",Traje De Baño Washed Spandex 00008,"Brown, M, Daily",BRWN,M
,1-TRDB-M-00008-BRWN-L-AIRB,"Traje De Baño Washed Spandex 00008 (Brown, L, Airborn)",Traje De Baño Washed Spandex 00008,"Brown, L, Airborn",BRWN,L
2000000048840,1-TRDB-M-00009-BLCK-M-NOBR,"Traje De Baño Surfer Washed 00009 (BLACK, M)",Traje De Baño Surfer Washed 00009,"BLACK, M",BLCK,M
2000000048888,1-TRDB-M-00009-BRWN-L-NOBR,"Traje De Baño Surfer Washed 00009 (Brown, L)",Traje De Baño Surfer Washed 00009,"Brown, L",BRWN,L
2000000048925,1-TRDB-M-00009-BRWN-XXL-NOBR,"Traje De Baño Surfer Washed 00009 (Brown, XXL)",Traje De Baño Surfer Washed 00009,"Brown, XXL",BRWN,XXL
2000000048963,1-TRDB-M-00009-GREN-XL-NOBR,"Traje De Baño Surfer Washed 00009 (Green, XL)",Traje De Baño Surfer Washed 00009,"Green, XL",GREN,XL
,1-TRDB-M-00008-NAVY-M-AIRB,"Traje De Baño Washed Spandex 00008 (Navy, M, Airborn)",Traje De Baño Washed Spandex 00008,"Navy, M, Airborn",NAVY,M
2000000048758,1-TRDB-M-00008-GREN-S-NOBR,"Traje De Baño Washed Spandex 00008 (Green, S, nobrand)",Traje De Baño Washed Spandex 00008,"Green, S, nobrand",GREN,S
,1-TRDB-M-00008-GREN-M-DAIL,"Traje De Baño Washed Spandex 00008 (Green, M, Daily)",Traje De Baño Washed Spandex 00008,"Green, M, Daily",GREN,M
,1-TRDB-M-00008-GREN-L-AIRB,"Traje De Baño Washed Spandex 00008 (Green, L, Airborn)",Traje De Baño Washed Spandex 00008,"Green, L, Airborn",GREN,L
2000000048710,1-TRDB-M-00008-BRWN-XL-NOBR,"Traje De Baño Washed Spandex 00008 (Brown, XL, nobrand)",Traje De Baño Washed Spandex 00008,"Brown, XL, nobrand",BRWN,XL
,1-TRDB-M-00008-BRWN-S-DAIL,"Traje De Baño Washed Spandex 00008 (Brown, S, Daily)",Traje De Baño Washed Spandex 00008,"Brown, S, Daily",BRWN,S
,1-TRDB-M-00008-BRWN-M-AIRB,"Traje De Baño Washed Spandex 00008 (Brown, M, Airborn)",Traje De Baño Washed Spandex 00008,"Brown, M, Airborn",BRWN,M
2000000048673,1-TRDB-M-00008-BLCK-XXL-NOBR,"Traje De Baño Washed Spandex 00008 (BLACK, XXL, nobrand)",Traje De Baño Washed Spandex 00008,"BLACK, XXL, nobrand",BLCK,XXL
2000000048857,1-TRDB-M-00009-BLCK-S-NOBR,"Traje De Baño Surfer Washed 00009 (BLACK, S)",Traje De Baño Surfer Washed 00009,"BLACK, S",BLCK,S
2000000048895,1-TRDB-M-00009-BRWN-M-NOBR,"Traje De Baño Surfer Washed 00009 (Brown, M)",Traje De Baño Surfer Washed 00009,"Brown, M",BRWN,M
2000000048932,1-TRDB-M-00009-GREN-L-NOBR,"Traje De Baño Surfer Washed 00009 (Green, L)",Traje De Baño Surfer Washed 00009,"Green, L",GREN,L
2000000048970,1-TRDB-M-00009-GREN-XXL-NOBR,"Traje De Baño Surfer Washed 00009 (Green, XXL)",Traje De Baño Surfer Washed 00009,"Green, XXL",GREN,XXL
2000000048765,1-TRDB-M-00008-GREN-XL-NOBR,"Traje De Baño Washed Spandex 00008 (Green, XL, nobrand)",Traje De Baño Washed Spandex 00008,"Green, XL, nobrand",GREN,XL
,1-TRDB-M-00008-GREN-S-DAIL,"Traje De Baño Washed Spandex 00008 (Green, S, Daily)",Traje De Baño Washed Spandex 00008,"Green, S, Daily",GREN,S
,1-TRDB-M-00008-GREN-M-AIRB,"Traje De Baño Washed Spandex 00008 (Green, M, Airborn)",Traje De Baño Washed Spandex 00008,"Green, M, Airborn",GREN,M
2000000048727,1-TRDB-M-00008-BRWN-XXL-NOBR,"Traje De Baño Washed Spandex 00008 (Brown, XXL, nobrand)",Traje De Baño Washed Spandex 00008,"Brown, XXL, nobrand",BRWN,XXL
,1-TRDB-M-00008-BRWN-XL-DAIL,"Traje De Baño Washed Spandex 00008 (Brown, XL, Daily)",Traje De Baño Washed Spandex 00008,"Brown, XL, Daily",BRWN,XL
,1-TRDB-M-00008-BRWN-S-AIRB,"Traje De Baño Washed Spandex 00008 (Brown, S, Airborn)",Traje De Baño Washed Spandex 00008,"Brown, S, Airborn",BRWN,S
2000000048680,1-TRDB-M-00008-BRWN-L-NOBR,"Traje De Baño Washed Spandex 00008 (Brown, L, nobrand)",Traje De Baño Washed Spandex 00008,"Brown, L, nobrand",BRWN,L
,1-TRDB-M-00008-BLCK-XXL-DAIL,"Traje De Baño Washed Spandex 00008 (BLACK, XXL, Daily)",Traje De Baño Washed Spandex 00008,"BLACK, XXL, Daily",BLCK,XXL
2000000048864,1-TRDB-M-00009-BLCK-XL-NOBR,"Traje De Baño Surfer Washed 00009 (BLACK, XL)",Traje De Baño Surfer Washed 00009,"BLACK, XL",BLCK,XL
2000000048901,1-TRDB-M-00009-BRWN-S-NOBR,"Traje De Baño Surfer Washed 00009 (Brown, S)",Traje De Baño Surfer Washed 00009,"Brown, S",BRWN,S
2000000048949,1-TRDB-M-00009-GREN-M-NOBR,"Traje De Baño Surfer Washed 00009 (Green, M)",Traje De Baño Surfer Washed 00009,"Green, M",GREN,M
2000000048987,1-TRDB-M-00009-NAVY-L-NOBR,"Traje De Baño Surfer Washed 00009 (Navy, L)",Traje De Baño Surfer Washed 00009,"Navy, L",NAVY,L
,1-TRDB-M-00008-GREN-XL-DAIL,"Traje De Baño Washed Spandex 00008 (Green, XL, Daily)",Traje De Baño Washed Spandex 00008,"Green, XL, Daily",GREN,XL
,1-TRDB-M-00008-GREN-S-AIRB,"Traje De Baño Washed Spandex 00008 (Green, S, Airborn)",Traje De Baño Washed Spandex 00008,"Green, S, Airborn",GREN,S
2000000048734,1-TRDB-M-00008-GREN-L-NOBR,"Traje De Baño Washed Spandex 00008 (Green, L, nobrand)",Traje De Baño Washed Spandex 00008,"Green, L, nobrand",GREN,L
,1-TRDB-M-00008-BRWN-XXL-DAIL,"Traje De Baño Washed Spandex 00008 (Brown, XXL, Daily)",Traje De Baño Washed Spandex 00008,"Brown, XXL, Daily",BRWN,XXL
,1-TRDB-M-00008-BRWN-XL-AIRB,"Traje De Baño Washed Spandex 00008 (Brown, XL, Airborn)",Traje De Baño Washed Spandex 00008,"Brown, XL, Airborn",BRWN,XL
2000000048697,1-TRDB-M-00008-BRWN-M-NOBR,"Traje De Baño Washed Spandex 00008 (Brown, M, nobrand)",Traje De Baño Washed Spandex 00008,"Brown, M, nobrand",BRWN,M
,1-TRDB-M-00008-BRWN-L-DAIL,"Traje De Baño Washed Spandex 00008 (Brown, L, Daily)",Traje De Baño Washed Spandex 00008,"Brown, L, Daily",BRWN,L
,1-TRDB-M-00008-BLCK-XXL-AIRB,"Traje De Baño Washed Spandex 00008 (BLACK, XXL, Airborn)",Traje De Baño Washed Spandex 00008,"BLACK, XXL, Airborn",BLCK,XXL
,1-TRDB-M-00008-BLCK-L-AIRB,"Traje De Baño Washed Spandex 00008 (BLACK, L, Airborn)",Traje De Baño Washed Spandex 00008,"BLACK, L, Airborn",BLCK,L
,1-TRDB-M-00008-BLCK-M-DAIL,"Traje De Baño Washed Spandex 00008 (BLACK, M, Daily)",Traje De Baño Washed Spandex 00008,"BLACK, M, Daily",BLCK,M
2000000048666,1-TRDB-M-00008-BLCK-XL-NOBR,"Traje De Baño Washed Spandex 00008 (BLACK, XL, nobrand)",Traje De Baño Washed Spandex 00008,"BLACK, XL, nobrand",BLCK,XL
,1-TRDB-M-00008-BLCK-S-DAIL,"Traje De Baño Washed Spandex 00008 (BLACK, S, Daily)",Traje De Baño Washed Spandex 00008,"BLACK, S, Daily",BLCK,S
,1-TRDB-M-00008-GREN-XXL-DAIL,"Traje De Baño Washed Spandex 00008 (Green, XXL, Daily)",Traje De Baño Washed Spandex 00008,"Green, XXL, Daily",GREN,XXL
,1-TRDB-M-00008-NAVY-XL-DAIL,"Traje De Baño Washed Spandex 00008 (Navy, XL, Daily)",Traje De Baño Washed Spandex 00008,"Navy, XL, Daily",NAVY,XL
,1-TRDB-M-00008-NAVY-S-DAIL,"Traje De Baño Washed Spandex 00008 (Navy, S, Daily)",Traje De Baño Washed Spandex 00008,"Navy, S, Daily",NAVY,S
2000000048772,1-TRDB-M-00008-GREN-XXL-NOBR,"Traje De Baño Washed Spandex 00008 (Green, XXL, nobrand)",Traje De Baño Washed Spandex 00008,"Green, XXL, nobrand",GREN,XXL
2000000048345,1-TRDB-M-00005-BLCK-M-NOBR,"Traje de Baño Ripstop 00005 (BLACK, M, nobrand)",Traje de Baño Ripstop 00005,"BLACK, M, nobrand",BLCK,M
,1-TRDB-M-00005-NAVY-XL-AIRB,"Traje de Baño Ripstop 00005 (Navy, XL, Airborn)",Traje de Baño Ripstop 00005,"Navy, XL, Airborn",NAVY,XL
,1-TRDB-M-00005-NAVY-M-AIRB,"Traje de Baño Ripstop 00005 (Navy, M, Airborn)",Traje de Baño Ripstop 00005,"Navy, M, Airborn",NAVY,M
2000000055183,1-TRDB-M-00005-GREN-S-NOBR,"Traje de Baño Ripstop 00005 (Green, S, nobrand)",Traje de Baño Ripstop 00005,"Green, S, nobrand",GREN,S
,1-TRDB-M-00008-BLCK-L-DAIL,"Traje De Baño Washed Spandex 00008 (BLACK, L, Daily)",Traje De Baño Washed Spandex 00008,"BLACK, L, Daily",BLCK,L
2000000048789,1-TRDB-M-00008-NAVY-L-NOBR,"Traje De Baño Washed Spandex 00008 (Navy, L, nobrand)",Traje De Baño Washed Spandex 00008,"Navy, L, nobrand",NAVY,L
,1-TRDB-M-00008-BLCK-XL-DAIL,"Traje De Baño Washed Spandex 00008 (BLACK, XL, Daily)",Traje De Baño Washed Spandex 00008,"BLACK, XL, Daily",BLCK,XL
,1-TRDB-M-00008-BLCK-S-AIRB,"Traje De Baño Washed Spandex 00008 (BLACK, S, Airborn)",Traje De Baño Washed Spandex 00008,"BLACK, S, Airborn",BLCK,S
,1-TRDB-M-00008-NAVY-XXL-DAIL,"Traje De Baño Washed Spandex 00008 (Navy, XXL, Daily)",Traje De Baño Washed Spandex 00008,"Navy, XXL, Daily",NAVY,XXL
,1-TRDB-M-00008-NAVY-XL-AIRB,"Traje De Baño Washed Spandex 00008 (Navy, XL, Airborn)",Traje De Baño Washed Spandex 00008,"Navy, XL, Airborn",NAVY,XL
,1-TRDB-M-00008-NAVY-S-AIRB,"Traje De Baño Washed Spandex 00008 (Navy, S, Airborn)",Traje De Baño Washed Spandex 00008,"Navy, S, Airborn",NAVY,S
,1-TRDB-M-00005-BLCK-XL-AIRB,"Traje de Baño Ripstop 00005 (BLACK, XL, Airborn)",Traje de Baño Ripstop 00005,"BLACK, XL, Airborn",BLCK,XL
,1-TRDB-M-00005-BLCK-M-AIRB,"Traje de Baño Ripstop 00005 (BLACK, M, Airborn)",Traje de Baño Ripstop 00005,"BLACK, M, Airborn",BLCK,M
2000000055237,1-TRDB-M-00005-NAVY-S-NOBR,"Traje de Baño Ripstop 00005 (Navy, S, nobrand)",Traje de Baño Ripstop 00005,"Navy, S, nobrand",NAVY,S
2000000055251,1-TRDB-M-00005-NAVY-L-NOBR,"Traje de Baño Ripstop 00005 (Navy, L, nobrand)",Traje de Baño Ripstop 00005,"Navy, L, nobrand",NAVY,L
2000000055190,1-TRDB-M-00005-GREN-M-NOBR,"Traje de Baño Ripstop 00005 (Green, M, nobrand)",Traje de Baño Ripstop 00005,"Green, M, nobrand",GREN,M
2000000048635,1-TRDB-M-00008-BLCK-L-NOBR,"Traje De Baño Washed Spandex 00008 (BLACK, L, nobrand)",Traje De Baño Washed Spandex 00008,"BLACK, L, nobrand",BLCK,L
2000000048826,1-TRDB-M-00008-NAVY-XXL-NOBR,"Traje De Baño Washed Spandex 00008 (Navy, XXL, nobrand)",Traje De Baño Washed Spandex 00008,"Navy, XXL, nobrand",NAVY,XXL
,1-TRDB-M-00008-BLCK-XL-AIRB,"Traje De Baño Washed Spandex 00008 (BLACK, XL, Airborn)",Traje De Baño Washed Spandex 00008,"BLACK, XL, Airborn",BLCK,XL
2000000048642,1-TRDB-M-00008-BLCK-M-NOBR,"Traje De Baño Washed Spandex 00008 (BLACK, M, nobrand)",Traje De Baño Washed Spandex 00008,"BLACK, M, nobrand",BLCK,M
,1-TRDB-M-00008-NAVY-XXL-AIRB,"Traje De Baño Washed Spandex 00008 (Navy, XXL, Airborn)",Traje De Baño Washed Spandex 00008,"Navy, XXL, Airborn",NAVY,XXL
2000000048802,1-TRDB-M-00008-NAVY-S-NOBR,"Traje De Baño Washed Spandex 00008 (Navy, S, nobrand)",Traje De Baño Washed Spandex 00008,"Navy, S, nobrand",NAVY,S
2000000048796,1-TRDB-M-00008-NAVY-M-NOBR,"Traje De Baño Washed Spandex 00008 (Navy, M, nobrand)",Traje De Baño Washed Spandex 00008,"Navy, M, nobrand",NAVY,M
2000000048352,1-TRDB-M-00005-BLCK-S-NOBR,"Traje de Baño Ripstop 00005 (BLACK, S, nobrand)",Traje de Baño Ripstop 00005,"BLACK, S, nobrand",BLCK,S
2000000048338,1-TRDB-M-00005-BLCK-L-NOBR,"Traje de Baño Ripstop 00005 (BLACK, L, nobrand)",Traje de Baño Ripstop 00005,"BLACK, L, nobrand",BLCK,L
,1-TRDB-M-00005-NAVY-S-AIRB,"Traje de Baño Ripstop 00005 (Navy, S, Airborn)",Traje de Baño Ripstop 00005,"Navy, S, Airborn",NAVY,S
2000000055220,1-TRDB-M-00005-GREN-XXL-NOBR,"Traje de Baño Ripstop 00005 (Green, XXL, nobrand)",Traje de Baño Ripstop 00005,"Green, XXL, nobrand",GREN,XXL
2000000055206,1-TRDB-M-00005-GREN-L-NOBR,"Traje de Baño Ripstop 00005 (Green, L, nobrand)",Traje de Baño Ripstop 00005,"Green, L, nobrand",GREN,L
,1-TRDB-M-00008-BLCK-M-AIRB,"Traje De Baño Washed Spandex 00008 (BLACK, M, Airborn)",Traje De Baño Washed Spandex 00008,"BLACK, M, Airborn",BLCK,M
,1-TRDB-M-00008-NAVY-L-DAIL,"Traje De Baño Washed Spandex 00008 (Navy, L, Daily)",Traje De Baño Washed Spandex 00008,"Navy, L, Daily",NAVY,L
2000000048659,1-TRDB-M-00008-BLCK-S-NOBR,"Traje De Baño Washed Spandex 00008 (BLACK, S, nobrand)",Traje De Baño Washed Spandex 00008,"BLACK, S, nobrand",BLCK,S
,1-TRDB-M-00008-NAVY-L-AIRB,"Traje De Baño Washed Spandex 00008 (Navy, L, Airborn)",Traje De Baño Washed Spandex 00008,"Navy, L, Airborn",NAVY,L
2000000048819,1-TRDB-M-00008-NAVY-XL-NOBR,"Traje De Baño Washed Spandex 00008 (Navy, XL, nobrand)",Traje De Baño Washed Spandex 00008,"Navy, XL, nobrand",NAVY,XL
,1-TRDB-M-00008-GREN-XXL-AIRB,"Traje De Baño Washed Spandex 00008 (Green, XXL, Airborn)",Traje De Baño Washed Spandex 00008,"Green, XXL, Airborn",GREN,XXL
,1-TRDB-M-00008-NAVY-M-DAIL,"Traje De Baño Washed Spandex 00008 (Navy, M, Daily)",Traje De Baño Washed Spandex 00008,"Navy, M, Daily",NAVY,M
,1-TRDB-M-00005-BLCK-S-AIRB,"Traje de Baño Ripstop 00005 (BLACK, S, Airborn)",Traje de Baño Ripstop 00005,"BLACK, S, Airborn",BLCK,S
,1-TRDB-M-00005-BLCK-L-AIRB,"Traje de Baño Ripstop 00005 (BLACK, L, Airborn)",Traje de Baño Ripstop 00005,"BLACK, L, Airborn",BLCK,L
2000000055244,1-TRDB-M-00005-NAVY-M-NOBR,"Traje de Baño Ripstop 00005 (Navy, M, nobrand)",Traje de Baño Ripstop 00005,"Navy, M, nobrand",NAVY,M
2000000055213,1-TRDB-M-00005-GREN-XL-NOBR,"Traje de Baño Ripstop 00005 (Green, XL, nobrand)",Traje de Baño Ripstop 00005,"Green, XL, nobrand",GREN,XL
2000000048369,1-TRDB-M-00005-BLCK-XL-NOBR,"Traje de Baño Ripstop 00005 (BLACK, XL, nobrand)",Traje de Baño Ripstop 00005,"BLACK, XL, nobrand",BLCK,XL
,1-TRDB-M-00005-BLCK-XXL-AIRB,"Traje de Baño Ripstop 00005 (BLACK, XXL, Airborn)",Traje de Baño Ripstop 00005,"BLACK, XXL, Airborn",BLCK,XXL
,1-TRDB-M-00005-NAVY-XXL-AIRB,"Traje de Baño Ripstop 00005 (Navy, XXL, Airborn)",Traje de Baño Ripstop 00005,"Navy, XXL, Airborn",NAVY,XXL
,1-TRDB-M-00005-GREN-XL-AIRB,"Traje de Baño Ripstop 00005 (Green, XL, Airborn)",Traje de Baño Ripstop 00005,"Green, XL, Airborn",GREN,XL
,1-TRDB-M-00005-BRWN-XXL-AIRB,"Traje de Baño Ripstop 00005 (Brown, XXL, Airborn)",Traje de Baño Ripstop 00005,"Brown, XXL, Airborn",BRWN,XXL
,1-TRDB-M-00005-BRWN-S-AIRB,"Traje de Baño Ripstop 00005 (Brown, S, Airborn)",Traje de Baño Ripstop 00005,"Brown, S, Airborn",BRWN,S
2000000048420,1-TRDB-M-00005-BRWN-XXL-NOBR,"Traje de Baño Ripstop 00005 (Brown, XXL, nobrand)",Traje de Baño Ripstop 00005,"Brown, XXL, nobrand",BRWN,XXL
,1-TRDB-M-00006-NAVY-XL-DAIL,"Traje de Baño Seersucker 00006 (Navy, XL, Daily)",Traje de Baño Seersucker 00006,"Navy, XL, Daily",NAVY,XL
,1-TRDB-M-00006-NAVY-S-AIRB,"Traje de Baño Seersucker 00006 (Navy, S, Airborn)",Traje de Baño Seersucker 00006,"Navy, S, Airborn",NAVY,S
2000000048581,1-TRDB-M-00006-NAVY-L-NOBR,"Traje de Baño Seersucker 00006 (Navy, L, nobrand)",Traje de Baño Seersucker 00006,"Navy, L, nobrand",NAVY,L
,1-TRDB-M-00006-GREN-XXL-DAIL,"Traje de Baño Seersucker 00006 (Green, XXL, Daily)",Traje de Baño Seersucker 00006,"Green, XXL, Daily",GREN,XXL
,1-TRDB-M-00006-GREN-XL-AIRB,"Traje de Baño Seersucker 00006 (Green, XL, Airborn)",Traje de Baño Seersucker 00006,"Green, XL, Airborn",GREN,XL
2000000048543,1-TRDB-M-00006-GREN-M-NOBR,"Traje de Baño Seersucker 00006 (Green, M, nobrand)",Traje de Baño Seersucker 00006,"Green, M, nobrand",GREN,M
2000000048376,1-TRDB-M-00005-BLCK-XXL-NOBR,"Traje de Baño Ripstop 00005 (BLACK, XXL, nobrand)",Traje de Baño Ripstop 00005,"BLACK, XXL, nobrand",BLCK,XXL
2000000055268,1-TRDB-M-00005-NAVY-XL-NOBR,"Traje de Baño Ripstop 00005 (Navy, XL, nobrand)",Traje de Baño Ripstop 00005,"Navy, XL, nobrand",NAVY,XL
,1-TRDB-M-00005-GREN-S-AIRB,"Traje de Baño Ripstop 00005 (Green, S, Airborn)",Traje de Baño Ripstop 00005,"Green, S, Airborn",GREN,S
2000000048413,1-TRDB-M-00005-BRWN-XL-NOBR,"Traje de Baño Ripstop 00005 (Brown, XL, nobrand)",Traje de Baño Ripstop 00005,"Brown, XL, nobrand",BRWN,XL
2000000048390,1-TRDB-M-00005-BRWN-M-NOBR,"Traje de Baño Ripstop 00005 (Brown, M, nobrand)",Traje de Baño Ripstop 00005,"Brown, M, nobrand",BRWN,M
,1-TRDB-M-00006-NAVY-XXL-DAIL,"Traje de Baño Seersucker 00006 (Navy, XXL, Daily)",Traje de Baño Seersucker 00006,"Navy, XXL, Daily",NAVY,XXL
,1-TRDB-M-00006-NAVY-XL-AIRB,"Traje de Baño Seersucker 00006 (Navy, XL, Airborn)",Traje de Baño Seersucker 00006,"Navy, XL, Airborn",NAVY,XL
2000000048598,1-TRDB-M-00006-NAVY-M-NOBR,"Traje de Baño Seersucker 00006 (Navy, M, nobrand)",Traje de Baño Seersucker 00006,"Navy, M, nobrand",NAVY,M
,1-TRDB-M-00006-NAVY-L-DAIL,"Traje de Baño Seersucker 00006 (Navy, L, Daily)",Traje de Baño Seersucker 00006,"Navy, L, Daily",NAVY,L
,1-TRDB-M-00006-GREN-XXL-AIRB,"Traje de Baño Seersucker 00006 (Green, XXL, Airborn)",Traje de Baño Seersucker 00006,"Green, XXL, Airborn",GREN,XXL
2000000048550,1-TRDB-M-00006-GREN-S-NOBR,"Traje de Baño Seersucker 00006 (Green, S, nobrand)",Traje de Baño Seersucker 00006,"Green, S, nobrand",GREN,S
,1-TRDB-M-00006-GREN-M-DAIL,"Traje de Baño Seersucker 00006 (Green, M, Daily)",Traje de Baño Seersucker 00006,"Green, M, Daily",GREN,M
,1-TRDB-M-00005-BRWN-M-AIRB,"Traje de Baño Ripstop 00005 (Brown, M, Airborn)",Traje de Baño Ripstop 00005,"Brown, M, Airborn",BRWN,M
,1-TRDB-M-00005-NAVY-L-AIRB,"Traje de Baño Ripstop 00005 (Navy, L, Airborn)",Traje de Baño Ripstop 00005,"Navy, L, Airborn",NAVY,L
,1-TRDB-M-00005-GREN-M-AIRB,"Traje de Baño Ripstop 00005 (Green, M, Airborn)",Traje de Baño Ripstop 00005,"Green, M, Airborn",GREN,M
,1-TRDB-M-00005-BRWN-XL-AIRB,"Traje de Baño Ripstop 00005 (Brown, XL, Airborn)",Traje de Baño Ripstop 00005,"Brown, XL, Airborn",BRWN,XL
,1-TRDB-M-00005-BRWN-L-AIRB,"Traje de Baño Ripstop 00005 (Brown, L, Airborn)",Traje de Baño Ripstop 00005,"Brown, L, Airborn",BRWN,L
,1-TRDB-M-00006-NAVY-XXL-AIRB,"Traje de Baño Seersucker 00006 (Navy, XXL, Airborn)",Traje de Baño Seersucker 00006,"Navy, XXL, Airborn",NAVY,XXL
2000000048604,1-TRDB-M-00006-NAVY-S-NOBR,"Traje de Baño Seersucker 00006 (Navy, S, nobrand)",Traje de Baño Seersucker 00006,"Navy, S, nobrand",NAVY,S
,1-TRDB-M-00006-NAVY-M-DAIL,"Traje de Baño Seersucker 00006 (Navy, M, Daily)",Traje de Baño Seersucker 00006,"Navy, M, Daily",NAVY,M
,1-TRDB-M-00006-NAVY-L-AIRB,"Traje de Baño Seersucker 00006 (Navy, L, Airborn)",Traje de Baño Seersucker 00006,"Navy, L, Airborn",NAVY,L
2000000048567,1-TRDB-M-00006-GREN-XL-NOBR,"Traje de Baño Seersucker 00006 (Green, XL, nobrand)",Traje de Baño Seersucker 00006,"Green, XL, nobrand",GREN,XL
,1-TRDB-M-00006-GREN-S-DAIL,"Traje de Baño Seersucker 00006 (Green, S, Daily)",Traje de Baño Seersucker 00006,"Green, S, Daily",GREN,S
,1-TRDB-M-00006-GREN-M-AIRB,"Traje de Baño Seersucker 00006 (Green, M, Airborn)",Traje de Baño Seersucker 00006,"Green, M, Airborn",GREN,M
2000000055275,1-TRDB-M-00005-NAVY-XXL-NOBR,"Traje de Baño Ripstop 00005 (Navy, XXL, nobrand)",Traje de Baño Ripstop 00005,"Navy, XXL, nobrand",NAVY,XXL
,1-TRDB-M-00005-GREN-XXL-AIRB,"Traje de Baño Ripstop 00005 (Green, XXL, Airborn)",Traje de Baño Ripstop 00005,"Green, XXL, Airborn",GREN,XXL
,1-TRDB-M-00005-GREN-L-AIRB,"Traje de Baño Ripstop 00005 (Green, L, Airborn)",Traje de Baño Ripstop 00005,"Green, L, Airborn",GREN,L
2000000048406,1-TRDB-M-00005-BRWN-S-NOBR,"Traje de Baño Ripstop 00005 (Brown, S, nobrand)",Traje de Baño Ripstop 00005,"Brown, S, nobrand",BRWN,S
2000000048383,1-TRDB-M-00005-BRWN-L-NOBR,"Traje de Baño Ripstop 00005 (Brown, L, nobrand)",Traje de Baño Ripstop 00005,"Brown, L, nobrand",BRWN,L
2000000048611,1-TRDB-M-00006-NAVY-XL-NOBR,"Traje de Baño Seersucker 00006 (Navy, XL, nobrand)",Traje de Baño Seersucker 00006,"Navy, XL, nobrand",NAVY,XL
,1-TRDB-M-00006-NAVY-S-DAIL,"Traje de Baño Seersucker 00006 (Navy, S, Daily)",Traje de Baño Seersucker 00006,"Navy, S, Daily",NAVY,S
,1-TRDB-M-00006-NAVY-M-AIRB,"Traje de Baño Seersucker 00006 (Navy, M, Airborn)",Traje de Baño Seersucker 00006,"Navy, M, Airborn",NAVY,M
2000000048574,1-TRDB-M-00006-GREN-XXL-NOBR,"Traje de Baño Seersucker 00006 (Green, XXL, nobrand)",Traje de Baño Seersucker 00006,"Green, XXL, nobrand",GREN,XXL
,1-TRDB-M-00006-GREN-XL-DAIL,"Traje de Baño Seersucker 00006 (Green, XL, Daily)",Traje de Baño Seersucker 00006,"Green, XL, Daily",GREN,XL
,1-TRDB-M-00006-GREN-S-AIRB,"Traje de Baño Seersucker 00006 (Green, S, Airborn)",Traje de Baño Seersucker 00006,"Green, S, Airborn",GREN,S
2000000048536,1-TRDB-M-00006-GREN-L-NOBR,"Traje de Baño Seersucker 00006 (Green, L, nobrand)",Traje de Baño Seersucker 00006,"Green, L, nobrand",GREN,L
,1-TRDB-M-00006-GREN-L-DAIL,"Traje de Baño Seersucker 00006 (Green, L, Daily)",Traje de Baño Seersucker 00006,"Green, L, Daily",GREN,L
,1-TRDB-M-00006-BRWN-XXL-AIRB,"Traje de Baño Seersucker 00006 (Brown, XXL, Airborn)",Traje de Baño Seersucker 00006,"Brown, XXL, Airborn",BRWN,XXL
,1-TRDB-M-00006-BLCK-XL-DAIL,"Traje de Baño Seersucker 00006 (BLACK, XL, Daily)",Traje de Baño Seersucker 00006,"BLACK, XL, Daily",BLCK,XL
,1-TRDB-M-00006-BLCK-M-DAIL,"Traje de Baño Seersucker 00006 (BLACK, M, Daily)",Traje de Baño Seersucker 00006,"BLACK, M, Daily",BLCK,M
,1-TRDB-M-00006-BRWN-L-DAIL,"Traje de Baño Seersucker 00006 (Brown, L, Daily)",Traje de Baño Seersucker 00006,"Brown, L, Daily",BRWN,L
,1-TRDB-M-00006-BRWN-S-DAIL,"Traje de Baño Seersucker 00006 (Brown, S, Daily)",Traje de Baño Seersucker 00006,"Brown, S, Daily",BRWN,S
,1-TRDB-M-00006-BRWN-M-AIRB,"Traje de Baño Seersucker 00006 (Brown, M, Airborn)",Traje de Baño Seersucker 00006,"Brown, M, Airborn",BRWN,M
,1-TRDB-M-00006-BLCK-S-AIRB,"Traje de Baño Seersucker 00006 (BLACK, S, Airborn)",Traje de Baño Seersucker 00006,"BLACK, S, Airborn",BLCK,S
,1-TRDB-M-00006-BRWN-L-AIRB,"Traje de Baño Seersucker 00006 (Brown, L, Airborn)",Traje de Baño Seersucker 00006,"Brown, L, Airborn",BRWN,L
2000000053103,2-BI-U-TRIGG-UNIC-L-0PRK-21V,Trigger (L),Trigger,L,UNIC,L
2000000034607,1-CAMP-W-00024-GREN-S-NOBR,"Trinity 00024 (Green, S, nobrand)",Trinity 00024,"Green, S, nobrand",GREN,S
2000000034553,1-CAMP-W-00024-BRWN-XL-PARK,"Trinity 00024 (Brown, XL, Parka)",Trinity 00024,"Brown, XL, Parka",BRWN,XL
,1-TRDB-M-00006-GREN-L-AIRB,"Traje de Baño Seersucker 00006 (Green, L, Airborn)",Traje de Baño Seersucker 00006,"Green, L, Airborn",GREN,L
2000000048475,1-TRDB-M-00006-BLCK-XXL-NOBR,"Traje de Baño Seersucker 00006 (BLACK, XXL, nobrand)",Traje de Baño Seersucker 00006,"BLACK, XXL, nobrand",BLCK,XXL
2000000048451,1-TRDB-M-00006-BLCK-S-NOBR,"Traje de Baño Seersucker 00006 (BLACK, S, nobrand)",Traje de Baño Seersucker 00006,"BLACK, S, nobrand",BLCK,S
2000000048437,1-TRDB-M-00006-BLCK-L-NOBR,"Traje de Baño Seersucker 00006 (BLACK, L, nobrand)",Traje de Baño Seersucker 00006,"BLACK, L, nobrand",BLCK,L
,1-TRDB-M-00006-BRWN-XL-DAIL,"Traje de Baño Seersucker 00006 (Brown, XL, Daily)",Traje de Baño Seersucker 00006,"Brown, XL, Daily",BRWN,XL
,1-TRDB-M-00006-BRWN-S-AIRB,"Traje de Baño Seersucker 00006 (Brown, S, Airborn)",Traje de Baño Seersucker 00006,"Brown, S, Airborn",BRWN,S
2000000048482,1-TRDB-M-00006-BRWN-L-NOBR,"Traje de Baño Seersucker 00006 (Brown, L, nobrand)",Traje de Baño Seersucker 00006,"Brown, L, nobrand",BRWN,L
2000000048628,1-TRDB-M-00006-NAVY-XXL-NOBR,"Traje de Baño Seersucker 00006 (Navy, XXL, nobrand)",Traje de Baño Seersucker 00006,"Navy, XXL, nobrand",NAVY,XXL
2000000053097,2-BI-U-TRIGG-UNIC-M-0PRK-21V,Trigger (M),Trigger,M,UNIC,M
2000000034423,1-CAMP-W-00024-BLCK-M-NOBR,"Trinity 00024 (BLACK, M, nobrand)",Trinity 00024,"BLACK, M, nobrand",BLCK,M
2000000034614,1-CAMP-W-00024-GREN-S-PARK,"Trinity 00024 (Green, S, Parka)",Trinity 00024,"Green, S, Parka",GREN,S
2000000034546,1-CAMP-W-00024-BRWN-XL-NOBR,"Trinity 00024 (Brown, XL, nobrand)",Trinity 00024,"Brown, XL, nobrand",BRWN,XL
2000000048529,1-TRDB-M-00006-BRWN-XXL-NOBR,"Traje de Baño Seersucker 00006 (Brown, XXL, nobrand)",Traje de Baño Seersucker 00006,"Brown, XXL, nobrand",BRWN,XXL
,1-TRDB-M-00006-BLCK-XXL-DAIL,"Traje de Baño Seersucker 00006 (BLACK, XXL, Daily)",Traje de Baño Seersucker 00006,"BLACK, XXL, Daily",BLCK,XXL
2000000048444,1-TRDB-M-00006-BLCK-M-NOBR,"Traje de Baño Seersucker 00006 (BLACK, M, nobrand)",Traje de Baño Seersucker 00006,"BLACK, M, nobrand",BLCK,M
,1-TRDB-M-00006-BLCK-L-DAIL,"Traje de Baño Seersucker 00006 (BLACK, L, Daily)",Traje de Baño Seersucker 00006,"BLACK, L, Daily",BLCK,L
,1-TRDB-M-00006-BRWN-XL-AIRB,"Traje de Baño Seersucker 00006 (Brown, XL, Airborn)",Traje de Baño Seersucker 00006,"Brown, XL, Airborn",BRWN,XL
2000000048499,1-TRDB-M-00006-BRWN-M-NOBR,"Traje de Baño Seersucker 00006 (Brown, M, nobrand)",Traje de Baño Seersucker 00006,"Brown, M, nobrand",BRWN,M
,1-TRDB-M-00006-BLCK-L-AIRB,"Traje de Baño Seersucker 00006 (BLACK, L, Airborn)",Traje de Baño Seersucker 00006,"BLACK, L, Airborn",BLCK,L
,1-TRDB-M-00006-BLCK-XL-AIRB,"Traje de Baño Seersucker 00006 (BLACK, XL, Airborn)",Traje de Baño Seersucker 00006,"BLACK, XL, Airborn",BLCK,XL
2000000055503,2-BI-U-TRIGG-UNIC-XL-0PRK-21V,Trigger (XL),Trigger,XL,UNIC,XL
2000000034416,1-CAMP-W-00024-BLCK-L-PARK,"Trinity 00024 (BLACK, L, Parka)",Trinity 00024,"BLACK, L, Parka",BLCK,L
2000000034621,1-CAMP-W-00024-GREN-XL-NOBR,"Trinity 00024 (Green, XL, nobrand)",Trinity 00024,"Green, XL, nobrand",GREN,XL
2000000034522,1-CAMP-W-00024-BRWN-S-NOBR,"Trinity 00024 (Brown, S, nobrand)",Trinity 00024,"Brown, S, nobrand",BRWN,S
,1-TRDB-M-00006-BRWN-XXL-DAIL,"Traje de Baño Seersucker 00006 (Brown, XXL, Daily)",Traje de Baño Seersucker 00006,"Brown, XXL, Daily",BRWN,XXL
2000000048468,1-TRDB-M-00006-BLCK-XL-NOBR,"Traje de Baño Seersucker 00006 (BLACK, XL, nobrand)",Traje de Baño Seersucker 00006,"BLACK, XL, nobrand",BLCK,XL
,1-TRDB-M-00006-BLCK-S-DAIL,"Traje de Baño Seersucker 00006 (BLACK, S, Daily)",Traje de Baño Seersucker 00006,"BLACK, S, Daily",BLCK,S
2000000048512,1-TRDB-M-00006-BRWN-XL-NOBR,"Traje de Baño Seersucker 00006 (Brown, XL, nobrand)",Traje de Baño Seersucker 00006,"Brown, XL, nobrand",BRWN,XL
2000000048505,1-TRDB-M-00006-BRWN-S-NOBR,"Traje de Baño Seersucker 00006 (Brown, S, nobrand)",Traje de Baño Seersucker 00006,"Brown, S, nobrand",BRWN,S
,1-TRDB-M-00006-BRWN-M-DAIL,"Traje de Baño Seersucker 00006 (Brown, M, Daily)",Traje de Baño Seersucker 00006,"Brown, M, Daily",BRWN,M
,1-TRDB-M-00006-BLCK-M-AIRB,"Traje de Baño Seersucker 00006 (BLACK, M, Airborn)",Traje de Baño Seersucker 00006,"BLACK, M, Airborn",BLCK,M
,1-TRDB-M-00006-BLCK-XXL-AIRB,"Traje de Baño Seersucker 00006 (BLACK, XXL, Airborn)",Traje de Baño Seersucker 00006,"BLACK, XXL, Airborn",BLCK,XXL
2000000053080,2-BI-U-TRIGG-UNIC-S-0PRK-21V,Trigger (S),Trigger,S,UNIC,S
2000000034409,1-CAMP-W-00024-BLCK-L-NOBR,"Trinity 00024 (BLACK, L, nobrand)",Trinity 00024,"BLACK, L, nobrand",BLCK,L
2000000034638,1-CAMP-W-00024-GREN-XL-PARK,"Trinity 00024 (Green, XL, Parka)",Trinity 00024,"Green, XL, Parka",GREN,XL
2000000034539,1-CAMP-W-00024-BRWN-S-PARK,"Trinity 00024 (Brown, S, Parka)",Trinity 00024,"Brown, S, Parka",BRWN,S
2000000034515,1-CAMP-W-00024-BRWN-M-PARK,"Trinity 00024 (Brown, M, Parka)",Trinity 00024,"Brown, M, Parka",BRWN,M
2000000034577,1-CAMP-W-00024-GREN-L-PARK,"Trinity 00024 (Green, L, Parka)",Trinity 00024,"Green, L, Parka",GREN,L
2000000034478,1-CAMP-W-00024-BLCK-XL-PARK,"Trinity 00024 (BLACK, XL, Parka)",Trinity 00024,"BLACK, XL, Parka",BLCK,XL
2000000034430,1-CAMP-W-00024-BLCK-M-PARK,"Trinity 00024 (BLACK, M, Parka)",Trinity 00024,"BLACK, M, Parka",BLCK,M
2000000050133,1-TRDB-M-TRUNK-UNIC-L-NOBR,Trunks Bay TRUNK (L),Trunks Bay TRUNK,L,UNIC,L
2000000050188,1-TRDB-M-TURIN-UNIC-L-NOBR,Turin TURIN (L),Turin TURIN,L,UNIC,L
2000000018324,1-CAMP-M-00131-PTRL-XXL-NOBR,"UBUNTU 00131 (Petrol, XXL, nobrand)",UBUNTU 00131,"Petrol, XXL, nobrand",PTRL,XXL
2000000018270,1-CAMP-M-00131-PTRL-M-PARK,"UBUNTU 00131 (Petrol, M, Parka)",UBUNTU 00131,"Petrol, M, Parka",PTRL,M
2000000018232,1-CAMP-M-00131-PTRL-3XL-PARK,"UBUNTU 00131 (Petrol, 3XL, Parka)",UBUNTU 00131,"Petrol, 3XL, Parka",PTRL,3XL
2000000018195,1-CAMP-M-00131-NAVY-XL-PARK,"UBUNTU 00131 (Navy, XL, Parka)",UBUNTU 00131,"Navy, XL, Parka",NAVY,XL
2000000018157,1-CAMP-M-00131-NAVY-M-PARK,"UBUNTU 00131 (Navy, M, Parka)",UBUNTU 00131,"Navy, M, Parka",NAVY,M
2000000018119,1-CAMP-M-00131-NAVY-3XL-PARK,"UBUNTU 00131 (Navy, 3XL, Parka)",UBUNTU 00131,"Navy, 3XL, Parka",NAVY,3XL
2000000034508,1-CAMP-W-00024-BRWN-M-NOBR,"Trinity 00024 (Brown, M, nobrand)",Trinity 00024,"Brown, M, nobrand",BRWN,M
2000000034584,1-CAMP-W-00024-GREN-M-NOBR,"Trinity 00024 (Green, M, nobrand)",Trinity 00024,"Green, M, nobrand",GREN,M
2000000034461,1-CAMP-W-00024-BLCK-XL-NOBR,"Trinity 00024 (BLACK, XL, nobrand)",Trinity 00024,"BLACK, XL, nobrand",BLCK,XL
2000000050164,1-TRDB-M-TRUNK-UNIC-XL-NOBR,Trunks Bay TRUNK (XL),Trunks Bay TRUNK,XL,UNIC,XL
2000000050171,1-TRDB-M-TRUNK-UNIC-XXL-NOBR,Trunks Bay TRUNK (XXL),Trunks Bay TRUNK,XXL,UNIC,XXL
2000000050225,1-TRDB-M-TURIN-UNIC-XXL-NOBR,Turin TURIN (XXL),Turin TURIN,XXL,UNIC,XXL
2000000018317,1-CAMP-M-00131-PTRL-XL-PARK,"UBUNTU 00131 (Petrol, XL, Parka)",UBUNTU 00131,"Petrol, XL, Parka",PTRL,XL
2000000018263,1-CAMP-M-00131-PTRL-M-NOBR,"UBUNTU 00131 (Petrol, M, nobrand)",UBUNTU 00131,"Petrol, M, nobrand",PTRL,M
2000000018225,1-CAMP-M-00131-PTRL-3XL-NOBR,"UBUNTU 00131 (Petrol, 3XL, nobrand)",UBUNTU 00131,"Petrol, 3XL, nobrand",PTRL,3XL
2000000018188,1-CAMP-M-00131-NAVY-XL-NOBR,"UBUNTU 00131 (Navy, XL, nobrand)",UBUNTU 00131,"Navy, XL, nobrand",NAVY,XL
2000000018140,1-CAMP-M-00131-NAVY-M-NOBR,"UBUNTU 00131 (Navy, M, nobrand)",UBUNTU 00131,"Navy, M, nobrand",NAVY,M
2000000018102,1-CAMP-M-00131-NAVY-3XL-NOBR,"UBUNTU 00131 (Navy, 3XL, nobrand)",UBUNTU 00131,"Navy, 3XL, nobrand",NAVY,3XL
2000000034492,1-CAMP-W-00024-BRWN-L-PARK,"Trinity 00024 (Brown, L, Parka)",Trinity 00024,"Brown, L, Parka",BRWN,L
2000000034591,1-CAMP-W-00024-GREN-M-PARK,"Trinity 00024 (Green, M, Parka)",Trinity 00024,"Green, M, Parka",GREN,M
2000000034454,1-CAMP-W-00024-BLCK-S-PARK,"Trinity 00024 (BLACK, S, Parka)",Trinity 00024,"BLACK, S, Parka",BLCK,S
2000000050157,1-TRDB-M-TRUNK-UNIC-S-NOBR,Trunks Bay TRUNK (S),Trunks Bay TRUNK,S,UNIC,S
2000000050201,1-TRDB-M-TURIN-UNIC-S-NOBR,Turin TURIN (S),Turin TURIN,S,UNIC,S
2000000050218,1-TRDB-M-TURIN-UNIC-XL-NOBR,Turin TURIN (XL),Turin TURIN,XL,UNIC,XL
2000000018294,1-CAMP-M-00131-PTRL-S-PARK,"UBUNTU 00131 (Petrol, S, Parka)",UBUNTU 00131,"Petrol, S, Parka",PTRL,S
2000000018256,1-CAMP-M-00131-PTRL-L-PARK,"UBUNTU 00131 (Petrol, L, Parka)",UBUNTU 00131,"Petrol, L, Parka",PTRL,L
2000000018218,1-CAMP-M-00131-NAVY-XXL-PARK,"UBUNTU 00131 (Navy, XXL, Parka)",UBUNTU 00131,"Navy, XXL, Parka",NAVY,XXL
2000000018171,1-CAMP-M-00131-NAVY-S-PARK,"UBUNTU 00131 (Navy, S, Parka)",UBUNTU 00131,"Navy, S, Parka",NAVY,S
2000000018133,1-CAMP-M-00131-NAVY-L-PARK,"UBUNTU 00131 (Navy, L, Parka)",UBUNTU 00131,"Navy, L, Parka",NAVY,L
2000000018096,1-CAMP-M-00131-GREY-XXL-PARK,"UBUNTU 00131 (grey, XXL, Parka)",UBUNTU 00131,"grey, XXL, Parka",GREY,XXL
2000000034560,1-CAMP-W-00024-GREN-L-NOBR,"Trinity 00024 (Green, L, nobrand)",Trinity 00024,"Green, L, nobrand",GREN,L
2000000034485,1-CAMP-W-00024-BRWN-L-NOBR,"Trinity 00024 (Brown, L, nobrand)",Trinity 00024,"Brown, L, nobrand",BRWN,L
2000000034447,1-CAMP-W-00024-BLCK-S-NOBR,"Trinity 00024 (BLACK, S, nobrand)",Trinity 00024,"BLACK, S, nobrand",BLCK,S
2000000050140,1-TRDB-M-TRUNK-UNIC-M-NOBR,Trunks Bay TRUNK (M),Trunks Bay TRUNK,M,UNIC,M
2000000050195,1-TRDB-M-TURIN-UNIC-M-NOBR,Turin TURIN (M),Turin TURIN,M,UNIC,M
2000000018331,1-CAMP-M-00131-PTRL-XXL-PARK,"UBUNTU 00131 (Petrol, XXL, Parka)",UBUNTU 00131,"Petrol, XXL, Parka",PTRL,XXL
2000000018287,1-CAMP-M-00131-PTRL-S-NOBR,"UBUNTU 00131 (Petrol, S, nobrand)",UBUNTU 00131,"Petrol, S, nobrand",PTRL,S
2000000018249,1-CAMP-M-00131-PTRL-L-NOBR,"UBUNTU 00131 (Petrol, L, nobrand)",UBUNTU 00131,"Petrol, L, nobrand",PTRL,L
2000000018201,1-CAMP-M-00131-NAVY-XXL-NOBR,"UBUNTU 00131 (Navy, XXL, nobrand)",UBUNTU 00131,"Navy, XXL, nobrand",NAVY,XXL
2000000018164,1-CAMP-M-00131-NAVY-S-NOBR,"UBUNTU 00131 (Navy, S, nobrand)",UBUNTU 00131,"Navy, S, nobrand",NAVY,S
2000000018126,1-CAMP-M-00131-NAVY-L-NOBR,"UBUNTU 00131 (Navy, L, nobrand)",UBUNTU 00131,"Navy, L, nobrand",NAVY,L
2000000018089,1-CAMP-M-00131-GREY-XXL-NOBR,"UBUNTU 00131 (grey, XXL, nobrand)",UBUNTU 00131,"grey, XXL, nobrand",GREY,XXL
2000000018072,1-CAMP-M-00131-GREY-XL-PARK,"UBUNTU 00131 (grey, XL, Parka)",UBUNTU 00131,"grey, XL, Parka",GREY,XL
2000000018034,1-CAMP-M-00131-GREY-M-PARK,"UBUNTU 00131 (grey, M, Parka)",UBUNTU 00131,"grey, M, Parka",GREY,M
2000000017990,1-CAMP-M-00131-GREY-3XL-PARK,"UBUNTU 00131 (grey, 3XL, Parka)",UBUNTU 00131,"grey, 3XL, Parka",GREY,3XL
2000000017952,1-CAMP-M-00131-GREN-XL-PARK,"UBUNTU 00131 (Green, XL, Parka)",UBUNTU 00131,"Green, XL, Parka",GREN,XL
2000000017914,1-CAMP-M-00131-GREN-M-PARK,"UBUNTU 00131 (Green, M, Parka)",UBUNTU 00131,"Green, M, Parka",GREN,M
2000000017877,1-CAMP-M-00131-GREN-3XL-PARK,"UBUNTU 00131 (Green, 3XL, Parka)",UBUNTU 00131,"Green, 3XL, Parka",GREN,3XL
2000000017839,1-CAMP-M-00131-BRWN-XL-PARK,"UBUNTU 00131 (Brown, XL, Parka)",UBUNTU 00131,"Brown, XL, Parka",BRWN,XL
2000000017792,1-CAMP-M-00131-BRWN-M-PARK,"UBUNTU 00131 (Brown, M, Parka)",UBUNTU 00131,"Brown, M, Parka",BRWN,M
2000000017754,1-CAMP-M-00131-BRWN-3XL-PARK,"UBUNTU 00131 (Brown, 3XL, Parka)",UBUNTU 00131,"Brown, 3XL, Parka",BRWN,3XL
2000000017716,1-CAMP-M-00131-BLCK-XL-PARK,"UBUNTU 00131 (BLACK, XL, Parka)",UBUNTU 00131,"BLACK, XL, Parka",BLCK,XL
2000000017679,1-CAMP-M-00131-BLCK-M-PARK,"UBUNTU 00131 (BLACK, M, Parka)",UBUNTU 00131,"BLACK, M, Parka",BLCK,M
2000000017631,1-CAMP-M-00131-BLCK-3XL-PARK,"UBUNTU 00131 (BLACK, 3XL, Parka)",UBUNTU 00131,"BLACK, 3XL, Parka",BLCK,3XL
2000000018065,1-CAMP-M-00131-GREY-XL-NOBR,"UBUNTU 00131 (grey, XL, nobrand)",UBUNTU 00131,"grey, XL, nobrand",GREY,XL
2000000018027,1-CAMP-M-00131-GREY-M-NOBR,"UBUNTU 00131 (grey, M, nobrand)",UBUNTU 00131,"grey, M, nobrand",GREY,M
2000000017983,1-CAMP-M-00131-GREY-3XL-NOBR,"UBUNTU 00131 (grey, 3XL, nobrand)",UBUNTU 00131,"grey, 3XL, nobrand",GREY,3XL
2000000017945,1-CAMP-M-00131-GREN-XL-NOBR,"UBUNTU 00131 (Green, XL, nobrand)",UBUNTU 00131,"Green, XL, nobrand",GREN,XL
2000000017907,1-CAMP-M-00131-GREN-M-NOBR,"UBUNTU 00131 (Green, M, nobrand)",UBUNTU 00131,"Green, M, nobrand",GREN,M
2000000017860,1-CAMP-M-00131-GREN-3XL-NOBR,"UBUNTU 00131 (Green, 3XL, nobrand)",UBUNTU 00131,"Green, 3XL, nobrand",GREN,3XL
2000000017822,1-CAMP-M-00131-BRWN-XL-NOBR,"UBUNTU 00131 (Brown, XL, nobrand)",UBUNTU 00131,"Brown, XL, nobrand",BRWN,XL
2000000017785,1-CAMP-M-00131-BRWN-M-NOBR,"UBUNTU 00131 (Brown, M, nobrand)",UBUNTU 00131,"Brown, M, nobrand",BRWN,M
2000000017747,1-CAMP-M-00131-BRWN-3XL-NOBR,"UBUNTU 00131 (Brown, 3XL, nobrand)",UBUNTU 00131,"Brown, 3XL, nobrand",BRWN,3XL
2000000017709,1-CAMP-M-00131-BLCK-XL-NOBR,"UBUNTU 00131 (BLACK, XL, nobrand)",UBUNTU 00131,"BLACK, XL, nobrand",BLCK,XL
2000000017662,1-CAMP-M-00131-BLCK-M-NOBR,"UBUNTU 00131 (BLACK, M, nobrand)",UBUNTU 00131,"BLACK, M, nobrand",BLCK,M
2000000017624,1-CAMP-M-00131-BLCK-3XL-NOBR,"UBUNTU 00131 (BLACK, 3XL, nobrand)",UBUNTU 00131,"BLACK, 3XL, nobrand",BLCK,3XL
2000000018058,1-CAMP-M-00131-GREY-S-PARK,"UBUNTU 00131 (grey, S, Parka)",UBUNTU 00131,"grey, S, Parka",GREY,S
2000000018010,1-CAMP-M-00131-GREY-L-PARK,"UBUNTU 00131 (grey, L, Parka)",UBUNTU 00131,"grey, L, Parka",GREY,L
2000000017976,1-CAMP-M-00131-GREN-XXL-PARK,"UBUNTU 00131 (Green, XXL, Parka)",UBUNTU 00131,"Green, XXL, Parka",GREN,XXL
2000000017938,1-CAMP-M-00131-GREN-S-PARK,"UBUNTU 00131 (Green, S, Parka)",UBUNTU 00131,"Green, S, Parka",GREN,S
2000000017891,1-CAMP-M-00131-GREN-L-PARK,"UBUNTU 00131 (Green, L, Parka)",UBUNTU 00131,"Green, L, Parka",GREN,L
2000000017853,1-CAMP-M-00131-BRWN-XXL-PARK,"UBUNTU 00131 (Brown, XXL, Parka)",UBUNTU 00131,"Brown, XXL, Parka",BRWN,XXL
2000000017815,1-CAMP-M-00131-BRWN-S-PARK,"UBUNTU 00131 (Brown, S, Parka)",UBUNTU 00131,"Brown, S, Parka",BRWN,S
2000000017778,1-CAMP-M-00131-BRWN-L-PARK,"UBUNTU 00131 (Brown, L, Parka)",UBUNTU 00131,"Brown, L, Parka",BRWN,L
2000000017730,1-CAMP-M-00131-BLCK-XXL-PARK,"UBUNTU 00131 (BLACK, XXL, Parka)",UBUNTU 00131,"BLACK, XXL, Parka",BLCK,XXL
2000000017693,1-CAMP-M-00131-BLCK-S-PARK,"UBUNTU 00131 (BLACK, S, Parka)",UBUNTU 00131,"BLACK, S, Parka",BLCK,S
2000000017655,1-CAMP-M-00131-BLCK-L-PARK,"UBUNTU 00131 (BLACK, L, Parka)",UBUNTU 00131,"BLACK, L, Parka",BLCK,L
2000000017617,1-CAMP-M-00131-BEIG-XXL-PARK,"UBUNTU 00131 (Beige, XXL, Parka)",UBUNTU 00131,"Beige, XXL, Parka",BEIG,XXL
2000000018041,1-CAMP-M-00131-GREY-S-NOBR,"UBUNTU 00131 (grey, S, nobrand)",UBUNTU 00131,"grey, S, nobrand",GREY,S
2000000018003,1-CAMP-M-00131-GREY-L-NOBR,"UBUNTU 00131 (grey, L, nobrand)",UBUNTU 00131,"grey, L, nobrand",GREY,L
2000000017969,1-CAMP-M-00131-GREN-XXL-NOBR,"UBUNTU 00131 (Green, XXL, nobrand)",UBUNTU 00131,"Green, XXL, nobrand",GREN,XXL
2000000017921,1-CAMP-M-00131-GREN-S-NOBR,"UBUNTU 00131 (Green, S, nobrand)",UBUNTU 00131,"Green, S, nobrand",GREN,S
2000000017884,1-CAMP-M-00131-GREN-L-NOBR,"UBUNTU 00131 (Green, L, nobrand)",UBUNTU 00131,"Green, L, nobrand",GREN,L
2000000017846,1-CAMP-M-00131-BRWN-XXL-NOBR,"UBUNTU 00131 (Brown, XXL, nobrand)",UBUNTU 00131,"Brown, XXL, nobrand",BRWN,XXL
2000000017808,1-CAMP-M-00131-BRWN-S-NOBR,"UBUNTU 00131 (Brown, S, nobrand)",UBUNTU 00131,"Brown, S, nobrand",BRWN,S
2000000017761,1-CAMP-M-00131-BRWN-L-NOBR,"UBUNTU 00131 (Brown, L, nobrand)",UBUNTU 00131,"Brown, L, nobrand",BRWN,L
2000000017723,1-CAMP-M-00131-BLCK-XXL-NOBR,"UBUNTU 00131 (BLACK, XXL, nobrand)",UBUNTU 00131,"BLACK, XXL, nobrand",BLCK,XXL
2000000017686,1-CAMP-M-00131-BLCK-S-NOBR,"UBUNTU 00131 (BLACK, S, nobrand)",UBUNTU 00131,"BLACK, S, nobrand",BLCK,S
2000000017648,1-CAMP-M-00131-BLCK-L-NOBR,"UBUNTU 00131 (BLACK, L, nobrand)",UBUNTU 00131,"BLACK, L, nobrand",BLCK,L
2000000017600,1-CAMP-M-00131-BEIG-XXL-NOBR,"UBUNTU 00131 (Beige, XXL, nobrand)",UBUNTU 00131,"Beige, XXL, nobrand",BEIG,XXL
2000000017594,1-CAMP-M-00131-BEIG-XL-PARK,"UBUNTU 00131 (Beige, XL, Parka)",UBUNTU 00131,"Beige, XL, Parka",BEIG,XL
2000000017556,1-CAMP-M-00131-BEIG-M-PARK,"UBUNTU 00131 (Beige, M, Parka)",UBUNTU 00131,"Beige, M, Parka",BEIG,M
2000000017518,1-CAMP-M-00131-BEIG-3XL-PARK,"UBUNTU 00131 (Beige, 3XL, Parka)",UBUNTU 00131,"Beige, 3XL, Parka",BEIG,3XL
2000000016139,1-CAMP-M-00112-GREN-XL-PARK,"VESUBIO 00112 (Green, XL, Parka)",VESUBIO 00112,"Green, XL, Parka",GREN,XL
2000000016122,1-CAMP-M-00112-GREN-XL-NOBR,"VESUBIO 00112 (Green, XL, nobrand)",VESUBIO 00112,"Green, XL, nobrand",GREN,XL
2000000016085,1-CAMP-M-00112-GREN-M-NOBR,"VESUBIO 00112 (Green, M, nobrand)",VESUBIO 00112,"Green, M, nobrand",GREN,M
2000000015958,1-CAMP-M-00112-BLCK-L-PARK,"VESUBIO 00112 (BLACK, L, Parka)",VESUBIO 00112,"BLACK, L, Parka",BLCK,L
2000000016191,1-CAMP-M-00112-GREY-L-PARK,"VESUBIO 00112 (grey, L, Parka)",VESUBIO 00112,"grey, L, Parka",GREY,L
2000000016009,1-CAMP-M-00112-BLCK-XL-NOBR,"VESUBIO 00112 (BLACK, XL, nobrand)",VESUBIO 00112,"BLACK, XL, nobrand",BLCK,XL
2000000016238,1-CAMP-M-00112-GREY-S-PARK,"VESUBIO 00112 (grey, S, Parka)",VESUBIO 00112,"grey, S, Parka",GREY,S
2000000016047,1-CAMP-M-00112-GREN-3XL-NOBR,"VESUBIO 00112 (Green, 3XL, nobrand)",VESUBIO 00112,"Green, 3XL, nobrand",GREN,3XL
2000000016399,1-CAMP-M-00112-NAVY-XXL-PARK,"VESUBIO 00112 (Navy, XXL, Parka)",VESUBIO 00112,"Navy, XXL, Parka",NAVY,XXL
2000000017587,1-CAMP-M-00131-BEIG-XL-NOBR,"UBUNTU 00131 (Beige, XL, nobrand)",UBUNTU 00131,"Beige, XL, nobrand",BEIG,XL
2000000017549,1-CAMP-M-00131-BEIG-M-NOBR,"UBUNTU 00131 (Beige, M, nobrand)",UBUNTU 00131,"Beige, M, nobrand",BEIG,M
2000000017501,1-CAMP-M-00131-BEIG-3XL-NOBR,"UBUNTU 00131 (Beige, 3XL, nobrand)",UBUNTU 00131,"Beige, 3XL, nobrand",BEIG,3XL
2000000016245,1-CAMP-M-00112-GREY-XL-NOBR,"VESUBIO 00112 (grey, XL, nobrand)",VESUBIO 00112,"grey, XL, nobrand",GREY,XL
2000000016115,1-CAMP-M-00112-GREN-S-PARK,"VESUBIO 00112 (Green, S, Parka)",VESUBIO 00112,"Green, S, Parka",GREN,S
2000000016160,1-CAMP-M-00112-GREY-3XL-NOBR,"VESUBIO 00112 (grey, 3XL, nobrand)",VESUBIO 00112,"grey, 3XL, nobrand",GREY,3XL
2000000015965,1-CAMP-M-00112-BLCK-M-NOBR,"VESUBIO 00112 (BLACK, M, nobrand)",VESUBIO 00112,"BLACK, M, nobrand",BLCK,M
2000000015972,1-CAMP-M-00112-BLCK-M-PARK,"VESUBIO 00112 (BLACK, M, Parka)",VESUBIO 00112,"BLACK, M, Parka",BLCK,M
2000000016207,1-CAMP-M-00112-GREY-M-NOBR,"VESUBIO 00112 (grey, M, nobrand)",VESUBIO 00112,"grey, M, nobrand",GREY,M
2000000016016,1-CAMP-M-00112-BLCK-XL-PARK,"VESUBIO 00112 (BLACK, XL, Parka)",VESUBIO 00112,"BLACK, XL, Parka",BLCK,XL
2000000016054,1-CAMP-M-00112-GREN-3XL-PARK,"VESUBIO 00112 (Green, 3XL, Parka)",VESUBIO 00112,"Green, 3XL, Parka",GREN,3XL
2000000016382,1-CAMP-M-00112-NAVY-XXL-NOBR,"VESUBIO 00112 (Navy, XXL, nobrand)",VESUBIO 00112,"Navy, XXL, nobrand",NAVY,XXL
2000000017570,1-CAMP-M-00131-BEIG-S-PARK,"UBUNTU 00131 (Beige, S, Parka)",UBUNTU 00131,"Beige, S, Parka",BEIG,S
2000000017532,1-CAMP-M-00131-BEIG-L-PARK,"UBUNTU 00131 (Beige, L, Parka)",UBUNTU 00131,"Beige, L, Parka",BEIG,L
2000000018300,1-CAMP-M-00131-PTRL-XL-NOBR,"UBUNTU 00131 (Petrol, XL, nobrand)",UBUNTU 00131,"Petrol, XL, nobrand",PTRL,XL
2000000016153,1-CAMP-M-00112-GREN-XXL-PARK,"VESUBIO 00112 (Green, XXL, Parka)",VESUBIO 00112,"Green, XXL, Parka",GREN,XXL
2000000016108,1-CAMP-M-00112-GREN-S-NOBR,"VESUBIO 00112 (Green, S, nobrand)",VESUBIO 00112,"Green, S, nobrand",GREN,S
2000000015934,1-CAMP-M-00112-BLCK-3XL-PARK,"VESUBIO 00112 (BLACK, 3XL, Parka)",VESUBIO 00112,"BLACK, 3XL, Parka",BLCK,3XL
2000000016177,1-CAMP-M-00112-GREY-3XL-PARK,"VESUBIO 00112 (grey, 3XL, Parka)",VESUBIO 00112,"grey, 3XL, Parka",GREY,3XL
2000000015989,1-CAMP-M-00112-BLCK-S-NOBR,"VESUBIO 00112 (BLACK, S, nobrand)",VESUBIO 00112,"BLACK, S, nobrand",BLCK,S
2000000016214,1-CAMP-M-00112-GREY-M-PARK,"VESUBIO 00112 (grey, M, Parka)",VESUBIO 00112,"grey, M, Parka",GREY,M
2000000016023,1-CAMP-M-00112-BLCK-XXL-NOBR,"VESUBIO 00112 (BLACK, XXL, nobrand)",VESUBIO 00112,"BLACK, XXL, nobrand",BLCK,XXL
2000000016061,1-CAMP-M-00112-GREN-L-NOBR,"VESUBIO 00112 (Green, L, nobrand)",VESUBIO 00112,"Green, L, nobrand",GREN,L
2000000016375,1-CAMP-M-00112-NAVY-XL-PARK,"VESUBIO 00112 (Navy, XL, Parka)",VESUBIO 00112,"Navy, XL, Parka",NAVY,XL
2000000017563,1-CAMP-M-00131-BEIG-S-NOBR,"UBUNTU 00131 (Beige, S, nobrand)",UBUNTU 00131,"Beige, S, nobrand",BEIG,S
2000000017525,1-CAMP-M-00131-BEIG-L-NOBR,"UBUNTU 00131 (Beige, L, nobrand)",UBUNTU 00131,"Beige, L, nobrand",BEIG,L
,CURVA-VERON-UNIC-NOBR,VERONA — Curva 8u (1S/2M/2L/2XL/1XXL),VERONA — Curva 8u,1S/2M/2L/2XL/1XXL,,
2000000015927,1-CAMP-M-00112-BLCK-3XL-NOBR,"VESUBIO 00112 (BLACK, 3XL, nobrand)",VESUBIO 00112,"BLACK, 3XL, nobrand",BLCK,3XL
2000000016092,1-CAMP-M-00112-GREN-M-PARK,"VESUBIO 00112 (Green, M, Parka)",VESUBIO 00112,"Green, M, Parka",GREN,M
2000000015941,1-CAMP-M-00112-BLCK-L-NOBR,"VESUBIO 00112 (BLACK, L, nobrand)",VESUBIO 00112,"BLACK, L, nobrand",BLCK,L
2000000016184,1-CAMP-M-00112-GREY-L-NOBR,"VESUBIO 00112 (grey, L, nobrand)",VESUBIO 00112,"grey, L, nobrand",GREY,L
2000000015996,1-CAMP-M-00112-BLCK-S-PARK,"VESUBIO 00112 (BLACK, S, Parka)",VESUBIO 00112,"BLACK, S, Parka",BLCK,S
2000000016221,1-CAMP-M-00112-GREY-S-NOBR,"VESUBIO 00112 (grey, S, nobrand)",VESUBIO 00112,"grey, S, nobrand",GREY,S
2000000016030,1-CAMP-M-00112-BLCK-XXL-PARK,"VESUBIO 00112 (BLACK, XXL, Parka)",VESUBIO 00112,"BLACK, XXL, Parka",BLCK,XXL
2000000016078,1-CAMP-M-00112-GREN-L-PARK,"VESUBIO 00112 (Green, L, Parka)",VESUBIO 00112,"Green, L, Parka",GREN,L
2000000016368,1-CAMP-M-00112-NAVY-XL-NOBR,"VESUBIO 00112 (Navy, XL, nobrand)",VESUBIO 00112,"Navy, XL, nobrand",NAVY,XL
2000000016351,1-CAMP-M-00112-NAVY-S-PARK,"VESUBIO 00112 (Navy, S, Parka)",VESUBIO 00112,"Navy, S, Parka",NAVY,S
2000000016320,1-CAMP-M-00112-NAVY-M-NOBR,"VESUBIO 00112 (Navy, M, nobrand)",VESUBIO 00112,"Navy, M, nobrand",NAVY,M
2000000016283,1-CAMP-M-00112-NAVY-3XL-NOBR,"VESUBIO 00112 (Navy, 3XL, nobrand)",VESUBIO 00112,"Navy, 3XL, nobrand",NAVY,3XL
,CURVA-VIENA-UNIC-NOBR,VIENA — Curva 8u (1S/2M/2L/2XL/1XXL),VIENA — Curva 8u,1S/2M/2L/2XL/1XXL,,
2000000025209,1-CAMP-M-01183-BLCK-M-PARK,"VORTEX 01183 (BLACK, M)",VORTEX 01183,"BLACK, M",BLCK,M
2000000025261,1-CAMP-M-01183-OFWH-S-PARK,"VORTEX 01183 (Off white, S)",VORTEX 01183,"Off white, S",OFWH,S
2000000050263,1-TRDB-M-VERON-UNIC-XL-NOBR,Verona VERON (XL),Verona VERON,XL,UNIC,XL
2000000050270,1-TRDB-M-VERON-UNIC-XXL-NOBR,Verona VERON (XXL),Verona VERON,XXL,UNIC,XXL
2000000050324,1-TRDB-M-VIENA-UNIC-XXL-NOBR,Viena VIENA (XXL),Viena VIENA,XXL,UNIC,XXL
2000000049069,1-TRDB-M-0VIGO-UNIC-XL-NOBR,Vigo 0VIGO (XL),Vigo 0VIGO,XL,UNIC,XL
2000000039466,1-CAMP-W-02101-BLCK-S-PARK,"WANDER 02101 (S, Parka)",WANDER 02101,"S, Parka",BLCK,S
2000000039411,1-CAMP-W-02101-BLCK-L-NOBR,"WANDER 02101 (L, nobrand)",WANDER 02101,"L, nobrand",BLCK,L
2000000016344,1-CAMP-M-00112-NAVY-S-NOBR,"VESUBIO 00112 (Navy, S, nobrand)",VESUBIO 00112,"Navy, S, nobrand",NAVY,S
2000000016313,1-CAMP-M-00112-NAVY-L-PARK,"VESUBIO 00112 (Navy, L, Parka)",VESUBIO 00112,"Navy, L, Parka",NAVY,L
2000000016276,1-CAMP-M-00112-GREY-XXL-PARK,"VESUBIO 00112 (grey, XXL, Parka)",VESUBIO 00112,"grey, XXL, Parka",GREY,XXL
,CURVA-0VIGO-UNIC-NOBR,VIGO — Curva 8u (1S/2M/2L/2XL/1XXL),VIGO — Curva 8u,1S/2M/2L/2XL/1XXL,,
2000000025193,1-CAMP-M-01183-BLCK-L-PARK,"VORTEX 01183 (BLACK, L)",VORTEX 01183,"BLACK, L",BLCK,L
2000000025254,1-CAMP-M-01183-OFWH-M-PARK,"VORTEX 01183 (Off white, M)",VORTEX 01183,"Off white, M",OFWH,M
2000000050256,1-TRDB-M-VERON-UNIC-S-NOBR,Verona VERON (S),Verona VERON,S,UNIC,S
2000000050287,1-TRDB-M-VIENA-UNIC-L-NOBR,Viena VIENA (L),Viena VIENA,L,UNIC,L
2000000050300,1-TRDB-M-VIENA-UNIC-S-NOBR,Viena VIENA (S),Viena VIENA,S,UNIC,S
2000000049052,1-TRDB-M-0VIGO-UNIC-S-NOBR,Vigo 0VIGO (S),Vigo 0VIGO,S,UNIC,S
2000000039459,1-CAMP-W-02101-BLCK-S-NOBR,"WANDER 02101 (S, nobrand)",WANDER 02101,"S, nobrand",BLCK,S
2000000039428,1-CAMP-W-02101-BLCK-L-PARK,"WANDER 02101 (L, Parka)",WANDER 02101,"L, Parka",BLCK,L
2000000016337,1-CAMP-M-00112-NAVY-M-PARK,"VESUBIO 00112 (Navy, M, Parka)",VESUBIO 00112,"Navy, M, Parka",NAVY,M
2000000016306,1-CAMP-M-00112-NAVY-L-NOBR,"VESUBIO 00112 (Navy, L, nobrand)",VESUBIO 00112,"Navy, L, nobrand",NAVY,L
2000000016269,1-CAMP-M-00112-GREY-XXL-NOBR,"VESUBIO 00112 (grey, XXL, nobrand)",VESUBIO 00112,"grey, XXL, nobrand",GREY,XXL
2000000025223,1-CAMP-M-01183-BLCK-XL-PARK,"VORTEX 01183 (BLACK, XL)",VORTEX 01183,"BLACK, XL",BLCK,XL
2000000025285,1-CAMP-M-01183-OFWH-XXL-PARK,"VORTEX 01183 (Off white, XXL)",VORTEX 01183,"Off white, XXL",OFWH,XXL
2000000025247,1-CAMP-M-01183-OFWH-L-PARK,"VORTEX 01183 (Off white, L)",VORTEX 01183,"Off white, L",OFWH,L
2000000050249,1-TRDB-M-VERON-UNIC-M-NOBR,Verona VERON (M),Verona VERON,M,UNIC,M
2000000050294,1-TRDB-M-VIENA-UNIC-M-NOBR,Viena VIENA (M),Viena VIENA,M,UNIC,M
2000000049076,1-TRDB-M-0VIGO-UNIC-XXL-NOBR,Vigo 0VIGO (XXL),Vigo 0VIGO,XXL,UNIC,XXL
2000000049045,1-TRDB-M-0VIGO-UNIC-M-NOBR,Vigo 0VIGO (M),Vigo 0VIGO,M,UNIC,M
2000000039473,1-CAMP-W-02101-BLCK-XL-NOBR,"WANDER 02101 (XL, nobrand)",WANDER 02101,"XL, nobrand",BLCK,XL
2000000039480,1-CAMP-W-02101-BLCK-XL-PARK,"WANDER 02101 (XL, Parka)",WANDER 02101,"XL, Parka",BLCK,XL
2000000016146,1-CAMP-M-00112-GREN-XXL-NOBR,"VESUBIO 00112 (Green, XXL, nobrand)",VESUBIO 00112,"Green, XXL, nobrand",GREN,XXL
2000000016290,1-CAMP-M-00112-NAVY-3XL-PARK,"VESUBIO 00112 (Navy, 3XL, Parka)",VESUBIO 00112,"Navy, 3XL, Parka",NAVY,3XL
2000000016252,1-CAMP-M-00112-GREY-XL-PARK,"VESUBIO 00112 (grey, XL, Parka)",VESUBIO 00112,"grey, XL, Parka",GREY,XL
2000000025216,1-CAMP-M-01183-BLCK-S-PARK,"VORTEX 01183 (BLACK, S)",VORTEX 01183,"BLACK, S",BLCK,S
2000000025278,1-CAMP-M-01183-OFWH-XL-PARK,"VORTEX 01183 (Off white, XL)",VORTEX 01183,"Off white, XL",OFWH,XL
2000000025230,1-CAMP-M-01183-BLCK-XXL-PARK,"VORTEX 01183 (BLACK, XXL)",VORTEX 01183,"BLACK, XXL",BLCK,XXL
2000000050232,1-TRDB-M-VERON-UNIC-L-NOBR,Verona VERON (L),Verona VERON,L,UNIC,L
2000000050317,1-TRDB-M-VIENA-UNIC-XL-NOBR,Viena VIENA (XL),Viena VIENA,XL,UNIC,XL
2000000049038,1-TRDB-M-0VIGO-UNIC-L-NOBR,Vigo 0VIGO (L),Vigo 0VIGO,L,UNIC,L
2000000039435,1-CAMP-W-02101-BLCK-M-NOBR,"WANDER 02101 (M, nobrand)",WANDER 02101,"M, nobrand",BLCK,M
2000000039442,1-CAMP-W-02101-BLCK-M-PARK,"WANDER 02101 (M, Parka)",WANDER 02101,"M, Parka",BLCK,M
2000000052892,4-MOCH-U-03015-BLCK-PARK,WAYFARER 03015 (Parka),WAYFARER 03015,Parka,,
2000000052885,4-MOCH-U-03015-BLCK-NOBR,WAYFARER 03015 (nobrand),WAYFARER 03015,nobrand,,
2000000007953,1-BUZO-M-CREWN-BLCK-XL-NOBR,WAYFARER CREWNECK (XL),WAYFARER CREWNECK,XL,BLCK,XL
2000000026848,1-CAMP-M-FLANE-BLCK-L-PARK,"WAYFARER FLANNELJ (BLACK, L, Parka)",WAYFARER FLANNELJ,"BLACK, L, Parka",BLCK,L
2000000027210,1-CAMP-M-FLANE-GREN-XL-BUDA,"WAYFARER FLANNELJ (Green, XL, Budapestt)",WAYFARER FLANNELJ,"Green, XL, Budapestt",GREN,XL
2000000027197,1-CAMP-M-FLANE-GREN-S-NOBR,"WAYFARER FLANNELJ (Green, S, nobrand)",WAYFARER FLANNELJ,"Green, S, nobrand",GREN,S
2000000027159,1-CAMP-M-FLANE-GREN-M-BUDA,"WAYFARER FLANNELJ (Green, M, Budapestt)",WAYFARER FLANNELJ,"Green, M, Budapestt",GREN,M
2000000027135,1-CAMP-M-FLANE-GREN-L-NOBR,"WAYFARER FLANNELJ (Green, L, nobrand)",WAYFARER FLANNELJ,"Green, L, nobrand",GREN,L
2000000027074,1-CAMP-M-FLANE-BRWN-XL-NOBR,"WAYFARER FLANNELJ (Brown, XL, nobrand)",WAYFARER FLANNELJ,"Brown, XL, nobrand",BRWN,XL
2000000027036,1-CAMP-M-FLANE-BRWN-S-BUDA,"WAYFARER FLANNELJ (Brown, S, Budapestt)",WAYFARER FLANNELJ,"Brown, S, Budapestt",BRWN,S
2000000027081,1-CAMP-M-FLANE-BRWN-XL-PARK,"WAYFARER FLANNELJ (Brown, XL, Parka)",WAYFARER FLANNELJ,"Brown, XL, Parka",BRWN,XL
2000000026954,1-CAMP-M-FLANE-BLCK-XXL-NOBR,"WAYFARER FLANNELJ (BLACK, XXL, nobrand)",WAYFARER FLANNELJ,"BLACK, XXL, nobrand",BLCK,XXL
2000000026916,1-CAMP-M-FLANE-BLCK-XL-BUDA,"WAYFARER FLANNELJ (BLACK, XL, Budapestt)",WAYFARER FLANNELJ,"BLACK, XL, Budapestt",BLCK,XL
2000000007939,1-BUZO-M-CREWN-BLCK-M-NOBR,WAYFARER CREWNECK (M),WAYFARER CREWNECK,M,BLCK,M
2000000007960,1-BUZO-M-CREWN-BLCK-XXL-NOBR,WAYFARER CREWNECK (XXL),WAYFARER CREWNECK,XXL,BLCK,XXL
2000000026831,1-CAMP-M-FLANE-BLCK-L-NOBR,"WAYFARER FLANNELJ (BLACK, L, nobrand)",WAYFARER FLANNELJ,"BLACK, L, nobrand",BLCK,L
2000000026824,1-CAMP-M-FLANE-BLCK-L-BUDA,"WAYFARER FLANNELJ (BLACK, L, Budapestt)",WAYFARER FLANNELJ,"BLACK, L, Budapestt",BLCK,L
2000000027180,1-CAMP-M-FLANE-GREN-S-BUDA,"WAYFARER FLANNELJ (Green, S, Budapestt)",WAYFARER FLANNELJ,"Green, S, Budapestt",GREN,S
2000000027104,1-CAMP-M-FLANE-BRWN-XXL-NOBR,"WAYFARER FLANNELJ (Brown, XXL, nobrand)",WAYFARER FLANNELJ,"Brown, XXL, nobrand",BRWN,XXL
2000000027258,1-CAMP-M-FLANE-GREN-XXL-NOBR,"WAYFARER FLANNELJ (Green, XXL, nobrand)",WAYFARER FLANNELJ,"Green, XXL, nobrand",GREN,XXL
2000000027067,1-CAMP-M-FLANE-BRWN-XL-BUDA,"WAYFARER FLANNELJ (Brown, XL, Budapestt)",WAYFARER FLANNELJ,"Brown, XL, Budapestt",BRWN,XL
2000000027029,1-CAMP-M-FLANE-BRWN-M-PARK,"WAYFARER FLANNELJ (Brown, M, Parka)",WAYFARER FLANNELJ,"Brown, M, Parka",BRWN,M
2000000026985,1-CAMP-M-FLANE-BRWN-L-NOBR,"WAYFARER FLANNELJ (Brown, L, nobrand)",WAYFARER FLANNELJ,"Brown, L, nobrand",BRWN,L
2000000026947,1-CAMP-M-FLANE-BLCK-XXL-BUDA,"WAYFARER FLANNELJ (BLACK, XXL, Budapestt)",WAYFARER FLANNELJ,"BLACK, XXL, Budapestt",BLCK,XXL
2000000026909,1-CAMP-M-FLANE-BLCK-S-PARK,"WAYFARER FLANNELJ (BLACK, S, Parka)",WAYFARER FLANNELJ,"BLACK, S, Parka",BLCK,S
2000000007946,1-BUZO-M-CREWN-BLCK-S-NOBR,WAYFARER CREWNECK (S),WAYFARER CREWNECK,S,BLCK,S
2000000026862,1-CAMP-M-FLANE-BLCK-M-NOBR,"WAYFARER FLANNELJ (BLACK, M, nobrand)",WAYFARER FLANNELJ,"BLACK, M, nobrand",BLCK,M
2000000027234,1-CAMP-M-FLANE-GREN-XL-PARK,"WAYFARER FLANNELJ (Green, XL, Parka)",WAYFARER FLANNELJ,"Green, XL, Parka",GREN,XL
2000000027098,1-CAMP-M-FLANE-BRWN-XXL-BUDA,"WAYFARER FLANNELJ (Brown, XXL, Budapestt)",WAYFARER FLANNELJ,"Brown, XXL, Budapestt",BRWN,XXL
2000000027173,1-CAMP-M-FLANE-GREN-M-PARK,"WAYFARER FLANNELJ (Green, M, Parka)",WAYFARER FLANNELJ,"Green, M, Parka",GREN,M
2000000027111,1-CAMP-M-FLANE-BRWN-XXL-PARK,"WAYFARER FLANNELJ (Brown, XXL, Parka)",WAYFARER FLANNELJ,"Brown, XXL, Parka",BRWN,XXL
2000000027265,1-CAMP-M-FLANE-GREN-XXL-PARK,"WAYFARER FLANNELJ (Green, XXL, Parka)",WAYFARER FLANNELJ,"Green, XXL, Parka",GREN,XXL
2000000027050,1-CAMP-M-FLANE-BRWN-S-PARK,"WAYFARER FLANNELJ (Brown, S, Parka)",WAYFARER FLANNELJ,"Brown, S, Parka",BRWN,S
2000000027012,1-CAMP-M-FLANE-BRWN-M-NOBR,"WAYFARER FLANNELJ (Brown, M, nobrand)",WAYFARER FLANNELJ,"Brown, M, nobrand",BRWN,M
2000000026978,1-CAMP-M-FLANE-BRWN-L-BUDA,"WAYFARER FLANNELJ (Brown, L, Budapestt)",WAYFARER FLANNELJ,"Brown, L, Budapestt",BRWN,L
2000000026930,1-CAMP-M-FLANE-BLCK-XL-PARK,"WAYFARER FLANNELJ (BLACK, XL, Parka)",WAYFARER FLANNELJ,"BLACK, XL, Parka",BLCK,XL
2000000026893,1-CAMP-M-FLANE-BLCK-S-NOBR,"WAYFARER FLANNELJ (BLACK, S, nobrand)",WAYFARER FLANNELJ,"BLACK, S, nobrand",BLCK,S
2000000007922,1-BUZO-M-CREWN-BLCK-L-NOBR,WAYFARER CREWNECK (L),WAYFARER CREWNECK,L,BLCK,L
2000000026855,1-CAMP-M-FLANE-BLCK-M-BUDA,"WAYFARER FLANNELJ (BLACK, M, Budapestt)",WAYFARER FLANNELJ,"BLACK, M, Budapestt",BLCK,M
2000000027227,1-CAMP-M-FLANE-GREN-XL-NOBR,"WAYFARER FLANNELJ (Green, XL, nobrand)",WAYFARER FLANNELJ,"Green, XL, nobrand",GREN,XL
2000000027203,1-CAMP-M-FLANE-GREN-S-PARK,"WAYFARER FLANNELJ (Green, S, Parka)",WAYFARER FLANNELJ,"Green, S, Parka",GREN,S
2000000027166,1-CAMP-M-FLANE-GREN-M-NOBR,"WAYFARER FLANNELJ (Green, M, nobrand)",WAYFARER FLANNELJ,"Green, M, nobrand",GREN,M
2000000027128,1-CAMP-M-FLANE-GREN-L-BUDA,"WAYFARER FLANNELJ (Green, L, Budapestt)",WAYFARER FLANNELJ,"Green, L, Budapestt",GREN,L
2000000027142,1-CAMP-M-FLANE-GREN-L-PARK,"WAYFARER FLANNELJ (Green, L, Parka)",WAYFARER FLANNELJ,"Green, L, Parka",GREN,L
2000000027043,1-CAMP-M-FLANE-BRWN-S-NOBR,"WAYFARER FLANNELJ (Brown, S, nobrand)",WAYFARER FLANNELJ,"Brown, S, nobrand",BRWN,S
2000000027005,1-CAMP-M-FLANE-BRWN-M-BUDA,"WAYFARER FLANNELJ (Brown, M, Budapestt)",WAYFARER FLANNELJ,"Brown, M, Budapestt",BRWN,M
2000000026961,1-CAMP-M-FLANE-BLCK-XXL-PARK,"WAYFARER FLANNELJ (BLACK, XXL, Parka)",WAYFARER FLANNELJ,"BLACK, XXL, Parka",BLCK,XXL
2000000026923,1-CAMP-M-FLANE-BLCK-XL-NOBR,"WAYFARER FLANNELJ (BLACK, XL, nobrand)",WAYFARER FLANNELJ,"BLACK, XL, nobrand",BLCK,XL
2000000026886,1-CAMP-M-FLANE-BLCK-S-BUDA,"WAYFARER FLANNELJ (BLACK, S, Budapestt)",WAYFARER FLANNELJ,"BLACK, S, Budapestt",BLCK,S
2000000026879,1-CAMP-M-FLANE-BLCK-M-PARK,"WAYFARER FLANNELJ (BLACK, M, Parka)",WAYFARER FLANNELJ,"BLACK, M, Parka",BLCK,M
2000000007991,1-BUZO-M-HOODZ-BLCK-S-NOBR,WAYFARER HOODIZIP (S),WAYFARER HOODIZIP,S,BLCK,S
2000000050812,,"Washed WASHD (Khaki23, M, no brand) 1-TRDB-M-WASHD-0#23-M-NOBR","Washed WASHD (Khaki23, M, no brand) 1-TRDB-M-WASHD-0#23-M-NOBR",,,
2000000050898,,"Washed WASHD (Khaki23, XL, Orso Bianco) 1-TRDB-M-WASHD-0#23-XL-ORSO","Washed WASHD (Khaki23, XL, Orso Bianco) 1-TRDB-M-WASHD-0#23-XL-ORSO",,,
2000000050911,,"Washed WASHD (Khaki23, XXL, Old Bridge) 1-TRDB-M-WASHD-0#23-XXL-OLDB","Washed WASHD (Khaki23, XXL, Old Bridge) 1-TRDB-M-WASHD-0#23-XXL-OLDB",,,
2000000050935,,"Washed WASHD (Blue1, L, no brand) 1-TRDB-M-WASHD-00#1-L-NOBR","Washed WASHD (Blue1, L, no brand) 1-TRDB-M-WASHD-00#1-L-NOBR",,,
2000000027241,1-CAMP-M-FLANE-GREN-XXL-BUDA,"WAYFARER FLANNELJ (Green, XXL, Budapestt)",WAYFARER FLANNELJ,"Green, XXL, Budapestt",GREN,XXL
2000000007984,1-BUZO-M-HOODZ-BLCK-M-NOBR,WAYFARER HOODIZIP (M),WAYFARER HOODIZIP,M,BLCK,M
2000000050768,,"Washed WASHD (Black12, XXL, Old Bridge) 1-TRDB-M-WASHD-0#12-XXL-OLDB","Washed WASHD (Black12, XXL, Old Bridge) 1-TRDB-M-WASHD-0#12-XXL-OLDB",,,
2000000050782,,"Washed WASHD (Khaki23, L, no brand) 1-TRDB-M-WASHD-0#23-L-NOBR","Washed WASHD (Khaki23, L, no brand) 1-TRDB-M-WASHD-0#23-L-NOBR",,,
2000000050829,,"Washed WASHD (Khaki23, M, Old Bridge) 1-TRDB-M-WASHD-0#23-M-OLDB","Washed WASHD (Khaki23, M, Old Bridge) 1-TRDB-M-WASHD-0#23-M-OLDB",,,
2000000050843,,"Washed WASHD (Khaki23, S, no brand) 1-TRDB-M-WASHD-0#23-S-NOBR","Washed WASHD (Khaki23, S, no brand) 1-TRDB-M-WASHD-0#23-S-NOBR",,,
2000000050928,,"Washed WASHD (Khaki23, XXL, Orso Bianco) 1-TRDB-M-WASHD-0#23-XXL-ORSO","Washed WASHD (Khaki23, XXL, Orso Bianco) 1-TRDB-M-WASHD-0#23-XXL-ORSO",,,
2000000050942,,"Washed WASHD (Blue1, L, Old Bridge) 1-TRDB-M-WASHD-00#1-L-OLDB","Washed WASHD (Blue1, L, Old Bridge) 1-TRDB-M-WASHD-00#1-L-OLDB",,,
2000000050966,,"Washed WASHD (Blue1, M, no brand) 1-TRDB-M-WASHD-00#1-M-NOBR","Washed WASHD (Blue1, M, no brand) 1-TRDB-M-WASHD-00#1-M-NOBR",,,
2000000026992,1-CAMP-M-FLANE-BRWN-L-PARK,"WAYFARER FLANNELJ (Brown, L, Parka)",WAYFARER FLANNELJ,"Brown, L, Parka",BRWN,L
2000000007977,1-BUZO-M-HOODZ-BLCK-L-NOBR,WAYFARER HOODIZIP (L),WAYFARER HOODIZIP,L,BLCK,L
2000000050775,,"Washed WASHD (Black12, XXL, Orso Bianco) 1-TRDB-M-WASHD-0#12-XXL-ORSO","Washed WASHD (Black12, XXL, Orso Bianco) 1-TRDB-M-WASHD-0#12-XXL-ORSO",,,
2000000050799,,"Washed WASHD (Khaki23, L, Old Bridge) 1-TRDB-M-WASHD-0#23-L-OLDB","Washed WASHD (Khaki23, L, Old Bridge) 1-TRDB-M-WASHD-0#23-L-OLDB",,,
2000000050836,,"Washed WASHD (Khaki23, M, Orso Bianco) 1-TRDB-M-WASHD-0#23-M-ORSO","Washed WASHD (Khaki23, M, Orso Bianco) 1-TRDB-M-WASHD-0#23-M-ORSO",,,
2000000050850,,"Washed WASHD (Khaki23, S, Old Bridge) 1-TRDB-M-WASHD-0#23-S-OLDB","Washed WASHD (Khaki23, S, Old Bridge) 1-TRDB-M-WASHD-0#23-S-OLDB",,,
2000000050874,,"Washed WASHD (Khaki23, XL, no brand) 1-TRDB-M-WASHD-0#23-XL-NOBR","Washed WASHD (Khaki23, XL, no brand) 1-TRDB-M-WASHD-0#23-XL-NOBR",,,
2000000050959,,"Washed WASHD (Blue1, L, Orso Bianco) 1-TRDB-M-WASHD-00#1-L-ORSO","Washed WASHD (Blue1, L, Orso Bianco) 1-TRDB-M-WASHD-00#1-L-ORSO",,,
2000000050973,,"Washed WASHD (Blue1, M, Old Bridge) 1-TRDB-M-WASHD-00#1-M-OLDB","Washed WASHD (Blue1, M, Old Bridge) 1-TRDB-M-WASHD-00#1-M-OLDB",,,
2000000050997,,"Washed WASHD (Blue1, S, no brand) 1-TRDB-M-WASHD-00#1-S-NOBR","Washed WASHD (Blue1, S, no brand) 1-TRDB-M-WASHD-00#1-S-NOBR",,,
2000000008011,1-BUZO-M-HOODZ-BLCK-XXL-NOBR,WAYFARER HOODIZIP (XXL),WAYFARER HOODIZIP,XXL,BLCK,XXL
2000000008004,1-BUZO-M-HOODZ-BLCK-XL-NOBR,WAYFARER HOODIZIP (XL),WAYFARER HOODIZIP,XL,BLCK,XL
2000000050867,,"Washed WASHD (Khaki23, S, Orso Bianco) 1-TRDB-M-WASHD-0#23-S-ORSO","Washed WASHD (Khaki23, S, Orso Bianco) 1-TRDB-M-WASHD-0#23-S-ORSO",,,
2000000050881,,"Washed WASHD (Khaki23, XL, Old Bridge) 1-TRDB-M-WASHD-0#23-XL-OLDB","Washed WASHD (Khaki23, XL, Old Bridge) 1-TRDB-M-WASHD-0#23-XL-OLDB",,,
2000000050904,,"Washed WASHD (Khaki23, XXL, no brand) 1-TRDB-M-WASHD-0#23-XXL-NOBR","Washed WASHD (Khaki23, XXL, no brand) 1-TRDB-M-WASHD-0#23-XXL-NOBR",,,
2000000050980,,"Washed WASHD (Blue1, M, Orso Bianco) 1-TRDB-M-WASHD-00#1-M-ORSO","Washed WASHD (Blue1, M, Orso Bianco) 1-TRDB-M-WASHD-00#1-M-ORSO",,,
2000000051000,,"Washed WASHD (Blue1, S, Old Bridge) 1-TRDB-M-WASHD-00#1-S-OLDB","Washed WASHD (Blue1, S, Old Bridge) 1-TRDB-M-WASHD-00#1-S-OLDB",,,
2000000051017,,"Washed WASHD (Blue1, S, Orso Bianco) 1-TRDB-M-WASHD-00#1-S-ORSO","Washed WASHD (Blue1, S, Orso Bianco) 1-TRDB-M-WASHD-00#1-S-ORSO",,,
2000000051031,,"Washed WASHD (Blue1, XL, Old Bridge) 1-TRDB-M-WASHD-00#1-XL-OLDB","Washed WASHD (Blue1, XL, Old Bridge) 1-TRDB-M-WASHD-00#1-XL-OLDB",,,
2000000051055,,"Washed WASHD (Blue1, XXL, no brand) 1-TRDB-M-WASHD-00#1-XXL-NOBR","Washed WASHD (Blue1, XXL, no brand) 1-TRDB-M-WASHD-00#1-XXL-NOBR",,,
2000000051130,,"Washed WASHD (Grey3, M, Orso Bianco) 1-TRDB-M-WASHD-00#3-M-ORSO","Washed WASHD (Grey3, M, Orso Bianco) 1-TRDB-M-WASHD-00#3-M-ORSO",,,
2000000051154,,"Washed WASHD (Grey3, S, Old Bridge) 1-TRDB-M-WASHD-00#3-S-OLDB","Washed WASHD (Grey3, S, Old Bridge) 1-TRDB-M-WASHD-00#3-S-OLDB",,,
2000000051178,,"Washed WASHD (Grey3, XL, no brand) 1-TRDB-M-WASHD-00#3-XL-NOBR","Washed WASHD (Grey3, XL, no brand) 1-TRDB-M-WASHD-00#3-XL-NOBR",,,
2000000051222,,"Washed WASHD (Grey3, XXL, Orso Bianco) 1-TRDB-M-WASHD-00#3-XXL-ORSO","Washed WASHD (Grey3, XXL, Orso Bianco) 1-TRDB-M-WASHD-00#3-XXL-ORSO",,,
2000000051246,,"Washed WASHD (Green6, L, Old Bridge) 1-TRDB-M-WASHD-00#6-L-OLDB","Washed WASHD (Green6, L, Old Bridge) 1-TRDB-M-WASHD-00#6-L-OLDB",,,
2000000051260,,"Washed WASHD (Green6, M, no brand) 1-TRDB-M-WASHD-00#6-M-NOBR","Washed WASHD (Green6, M, no brand) 1-TRDB-M-WASHD-00#6-M-NOBR",,,
2000000051048,,"Washed WASHD (Blue1, XL, Orso Bianco) 1-TRDB-M-WASHD-00#1-XL-ORSO","Washed WASHD (Blue1, XL, Orso Bianco) 1-TRDB-M-WASHD-00#1-XL-ORSO",,,
2000000051062,,"Washed WASHD (Blue1, XXL, Old Bridge) 1-TRDB-M-WASHD-00#1-XXL-OLDB","Washed WASHD (Blue1, XXL, Old Bridge) 1-TRDB-M-WASHD-00#1-XXL-OLDB",,,
2000000051086,,"Washed WASHD (Grey3, L, no brand) 1-TRDB-M-WASHD-00#3-L-NOBR","Washed WASHD (Grey3, L, no brand) 1-TRDB-M-WASHD-00#3-L-NOBR",,,
2000000051161,,"Washed WASHD (Grey3, S, Orso Bianco) 1-TRDB-M-WASHD-00#3-S-ORSO","Washed WASHD (Grey3, S, Orso Bianco) 1-TRDB-M-WASHD-00#3-S-ORSO",,,
2000000051185,,"Washed WASHD (Grey3, XL, Old Bridge) 1-TRDB-M-WASHD-00#3-XL-OLDB","Washed WASHD (Grey3, XL, Old Bridge) 1-TRDB-M-WASHD-00#3-XL-OLDB",,,
2000000051253,,"Washed WASHD (Green6, L, Orso Bianco) 1-TRDB-M-WASHD-00#6-L-ORSO","Washed WASHD (Green6, L, Orso Bianco) 1-TRDB-M-WASHD-00#6-L-ORSO",,,
2000000051277,,"Washed WASHD (Green6, M, Old Bridge) 1-TRDB-M-WASHD-00#6-M-OLDB","Washed WASHD (Green6, M, Old Bridge) 1-TRDB-M-WASHD-00#6-M-OLDB",,,
2000000051079,,"Washed WASHD (Blue1, XXL, Orso Bianco) 1-TRDB-M-WASHD-00#1-XXL-ORSO","Washed WASHD (Blue1, XXL, Orso Bianco) 1-TRDB-M-WASHD-00#1-XXL-ORSO",,,
2000000051093,,"Washed WASHD (Grey3, L, Old Bridge) 1-TRDB-M-WASHD-00#3-L-OLDB","Washed WASHD (Grey3, L, Old Bridge) 1-TRDB-M-WASHD-00#3-L-OLDB",,,
2000000051116,,"Washed WASHD (Grey3, M, no brand) 1-TRDB-M-WASHD-00#3-M-NOBR","Washed WASHD (Grey3, M, no brand) 1-TRDB-M-WASHD-00#3-M-NOBR",,,
2000000051208,,"Washed WASHD (Grey3, XXL, no brand) 1-TRDB-M-WASHD-00#3-XXL-NOBR","Washed WASHD (Grey3, XXL, no brand) 1-TRDB-M-WASHD-00#3-XXL-NOBR",,,
2000000051284,,"Washed WASHD (Green6, M, Orso Bianco) 1-TRDB-M-WASHD-00#6-M-ORSO","Washed WASHD (Green6, M, Orso Bianco) 1-TRDB-M-WASHD-00#6-M-ORSO",,,
2000000051024,,"Washed WASHD (Blue1, XL, no brand) 1-TRDB-M-WASHD-00#1-XL-NOBR","Washed WASHD (Blue1, XL, no brand) 1-TRDB-M-WASHD-00#1-XL-NOBR",,,
2000000051109,,"Washed WASHD (Grey3, L, Orso Bianco) 1-TRDB-M-WASHD-00#3-L-ORSO","Washed WASHD (Grey3, L, Orso Bianco) 1-TRDB-M-WASHD-00#3-L-ORSO",,,
2000000051123,,"Washed WASHD (Grey3, M, Old Bridge) 1-TRDB-M-WASHD-00#3-M-OLDB","Washed WASHD (Grey3, M, Old Bridge) 1-TRDB-M-WASHD-00#3-M-OLDB",,,
2000000051147,,"Washed WASHD (Grey3, S, no brand) 1-TRDB-M-WASHD-00#3-S-NOBR","Washed WASHD (Grey3, S, no brand) 1-TRDB-M-WASHD-00#3-S-NOBR",,,
2000000051192,,"Washed WASHD (Grey3, XL, Orso Bianco) 1-TRDB-M-WASHD-00#3-XL-ORSO","Washed WASHD (Grey3, XL, Orso Bianco) 1-TRDB-M-WASHD-00#3-XL-ORSO",,,
2000000051215,,"Washed WASHD (Grey3, XXL, Old Bridge) 1-TRDB-M-WASHD-00#3-XXL-OLDB","Washed WASHD (Grey3, XXL, Old Bridge) 1-TRDB-M-WASHD-00#3-XXL-OLDB",,,
2000000051239,,"Washed WASHD (Green6, L, no brand) 1-TRDB-M-WASHD-00#6-L-NOBR","Washed WASHD (Green6, L, no brand) 1-TRDB-M-WASHD-00#6-L-NOBR",,,
2000000051345,,"Washed WASHD (Green6, XL, Orso Bianco) 1-TRDB-M-WASHD-00#6-XL-ORSO","Washed WASHD (Green6, XL, Orso Bianco) 1-TRDB-M-WASHD-00#6-XL-ORSO",,,
2000000051369,,"Washed WASHD (Green6, XXL, Old Bridge) 1-TRDB-M-WASHD-00#6-XXL-OLDB","Washed WASHD (Green6, XXL, Old Bridge) 1-TRDB-M-WASHD-00#6-XXL-OLDB",,,
2000000051383,,"Washed WASHD (Green7, L, no brand) 1-TRDB-M-WASHD-00#7-L-NOBR","Washed WASHD (Green7, L, no brand) 1-TRDB-M-WASHD-00#7-L-NOBR",,,
2000000050720,,"Washed WASHD (Black12, XL, no brand) 1-TRDB-M-WASHD-0#12-XL-NOBR","Washed WASHD (Black12, XL, no brand) 1-TRDB-M-WASHD-0#12-XL-NOBR",,,
2000000050669,,"Washed WASHD (Black12, M, no brand) 1-TRDB-M-WASHD-0#12-M-NOBR","Washed WASHD (Black12, M, no brand) 1-TRDB-M-WASHD-0#12-M-NOBR",,,
2000000050645,,"Washed WASHD (Black12, L, Old Bridge) 1-TRDB-M-WASHD-0#12-L-OLDB","Washed WASHD (Black12, L, Old Bridge) 1-TRDB-M-WASHD-0#12-L-OLDB",,,
2000000051451,,"Washed WASHD (Green7, S, Old Bridge) 1-TRDB-M-WASHD-00#7-S-OLDB","Washed WASHD (Green7, S, Old Bridge) 1-TRDB-M-WASHD-00#7-S-OLDB",,,
2000000051291,,"Washed WASHD (Green6, S, no brand) 1-TRDB-M-WASHD-00#6-S-NOBR","Washed WASHD (Green6, S, no brand) 1-TRDB-M-WASHD-00#6-S-NOBR",,,
2000000051376,,"Washed WASHD (Green6, XXL, Orso Bianco) 1-TRDB-M-WASHD-00#6-XXL-ORSO","Washed WASHD (Green6, XXL, Orso Bianco) 1-TRDB-M-WASHD-00#6-XXL-ORSO",,,
2000000050744,,"Washed WASHD (Black12, XL, Orso Bianco) 1-TRDB-M-WASHD-0#12-XL-ORSO","Washed WASHD (Black12, XL, Orso Bianco) 1-TRDB-M-WASHD-0#12-XL-ORSO",,,
2000000051406,,"Washed WASHD (Green7, L, Orso Bianco) 1-TRDB-M-WASHD-00#7-L-ORSO","Washed WASHD (Green7, L, Orso Bianco) 1-TRDB-M-WASHD-00#7-L-ORSO",,,
2000000051413,,"Washed WASHD (Green7, M, no brand) 1-TRDB-M-WASHD-00#7-M-NOBR","Washed WASHD (Green7, M, no brand) 1-TRDB-M-WASHD-00#7-M-NOBR",,,
2000000050713,,"Washed WASHD (Black12, S, Orso Bianco) 1-TRDB-M-WASHD-0#12-S-ORSO","Washed WASHD (Black12, S, Orso Bianco) 1-TRDB-M-WASHD-0#12-S-ORSO",,,
2000000051468,,"Washed WASHD (Green7, S, Orso Bianco) 1-TRDB-M-WASHD-00#7-S-ORSO","Washed WASHD (Green7, S, Orso Bianco) 1-TRDB-M-WASHD-00#7-S-ORSO",,,
2000000051307,,"Washed WASHD (Green6, S, Old Bridge) 1-TRDB-M-WASHD-00#6-S-OLDB","Washed WASHD (Green6, S, Old Bridge) 1-TRDB-M-WASHD-00#6-S-OLDB",,,
2000000051321,,"Washed WASHD (Green6, XL, no brand) 1-TRDB-M-WASHD-00#6-XL-NOBR","Washed WASHD (Green6, XL, no brand) 1-TRDB-M-WASHD-00#6-XL-NOBR",,,
2000000051390,,"Washed WASHD (Green7, L, Old Bridge) 1-TRDB-M-WASHD-00#7-L-OLDB","Washed WASHD (Green7, L, Old Bridge) 1-TRDB-M-WASHD-00#7-L-OLDB",,,
2000000051420,,"Washed WASHD (Green7, M, Old Bridge) 1-TRDB-M-WASHD-00#7-M-OLDB","Washed WASHD (Green7, M, Old Bridge) 1-TRDB-M-WASHD-00#7-M-OLDB",,,
2000000050706,,"Washed WASHD (Black12, S, Old Bridge) 1-TRDB-M-WASHD-0#12-S-OLDB","Washed WASHD (Black12, S, Old Bridge) 1-TRDB-M-WASHD-0#12-S-OLDB",,,
2000000050683,,"Washed WASHD (Black12, M, Orso Bianco) 1-TRDB-M-WASHD-0#12-M-ORSO","Washed WASHD (Black12, M, Orso Bianco) 1-TRDB-M-WASHD-0#12-M-ORSO",,,
2000000051314,,"Washed WASHD (Green6, S, Orso Bianco) 1-TRDB-M-WASHD-00#6-S-ORSO","Washed WASHD (Green6, S, Orso Bianco) 1-TRDB-M-WASHD-00#6-S-ORSO",,,
2000000051338,,"Washed WASHD (Green6, XL, Old Bridge) 1-TRDB-M-WASHD-00#6-XL-OLDB","Washed WASHD (Green6, XL, Old Bridge) 1-TRDB-M-WASHD-00#6-XL-OLDB",,,
2000000051352,,"Washed WASHD (Green6, XXL, no brand) 1-TRDB-M-WASHD-00#6-XXL-NOBR","Washed WASHD (Green6, XXL, no brand) 1-TRDB-M-WASHD-00#6-XXL-NOBR",,,
2000000050737,,"Washed WASHD (Black12, XL, Old Bridge) 1-TRDB-M-WASHD-0#12-XL-OLDB","Washed WASHD (Black12, XL, Old Bridge) 1-TRDB-M-WASHD-0#12-XL-OLDB",,,
2000000051437,,"Washed WASHD (Green7, M, Orso Bianco) 1-TRDB-M-WASHD-00#7-M-ORSO","Washed WASHD (Green7, M, Orso Bianco) 1-TRDB-M-WASHD-00#7-M-ORSO",,,
2000000050690,,"Washed WASHD (Black12, S, no brand) 1-TRDB-M-WASHD-0#12-S-NOBR","Washed WASHD (Black12, S, no brand) 1-TRDB-M-WASHD-0#12-S-NOBR",,,
2000000050676,,"Washed WASHD (Black12, M, Old Bridge) 1-TRDB-M-WASHD-0#12-M-OLDB","Washed WASHD (Black12, M, Old Bridge) 1-TRDB-M-WASHD-0#12-M-OLDB",,,
2000000050652,,"Washed WASHD (Black12, L, Orso Bianco) 1-TRDB-M-WASHD-0#12-L-ORSO","Washed WASHD (Black12, L, Orso Bianco) 1-TRDB-M-WASHD-0#12-L-ORSO",,,
2000000051444,,"Washed WASHD (Green7, S, no brand) 1-TRDB-M-WASHD-00#7-S-NOBR","Washed WASHD (Green7, S, no brand) 1-TRDB-M-WASHD-00#7-S-NOBR",,,
2000000050638,,"Washed WASHD (Black12, L, no brand) 1-TRDB-M-WASHD-0#12-L-NOBR","Washed WASHD (Black12, L, no brand) 1-TRDB-M-WASHD-0#12-L-NOBR",,,
2000000050607,,"Washed WASHD (Grey11, XXL, no brand) 1-TRDB-M-WASHD-0#11-XXL-NOBR","Washed WASHD (Grey11, XXL, no brand) 1-TRDB-M-WASHD-0#11-XXL-NOBR",,,
2000000050584,,"Washed WASHD (Grey11, XL, Old Bridge) 1-TRDB-M-WASHD-0#11-XL-OLDB","Washed WASHD (Grey11, XL, Old Bridge) 1-TRDB-M-WASHD-0#11-XL-OLDB",,,
2000000050560,,"Washed WASHD (Grey11, S, Orso Bianco) 1-TRDB-M-WASHD-0#11-S-ORSO","Washed WASHD (Grey11, S, Orso Bianco) 1-TRDB-M-WASHD-0#11-S-ORSO",,,
2000000050485,,"Washed WASHD (Grey11, L, no brand) 1-TRDB-M-WASHD-0#11-L-NOBR","Washed WASHD (Grey11, L, no brand) 1-TRDB-M-WASHD-0#11-L-NOBR",,,
2000000050461,,"Washed WASHD (Violet412, XXL, Old Bridge) 1-TRDB-M-WASHD-#412-XXL-OLDB","Washed WASHD (Violet412, XXL, Old Bridge) 1-TRDB-M-WASHD-#412-XXL-OLDB",,,
2000000051529,,"Washed WASHD (Green7, XXL, Orso Bianco) 1-TRDB-M-WASHD-00#7-XXL-ORSO","Washed WASHD (Green7, XXL, Orso Bianco) 1-TRDB-M-WASHD-00#7-XXL-ORSO",,,
2000000051543,1-TRDB-M-WASHD-AQUA-L-OLDB,"Washed WASHD (Aqua, L, Old Bridge)",Washed WASHD,"Aqua, L, Old Bridge",AQUA,L
2000000050577,,"Washed WASHD (Grey11, XL, no brand) 1-TRDB-M-WASHD-0#11-XL-NOBR","Washed WASHD (Grey11, XL, no brand) 1-TRDB-M-WASHD-0#11-XL-NOBR",,,
2000000050553,,"Washed WASHD (Grey11, S, Old Bridge) 1-TRDB-M-WASHD-0#11-S-OLDB","Washed WASHD (Grey11, S, Old Bridge) 1-TRDB-M-WASHD-0#11-S-OLDB",,,
2000000050539,,"Washed WASHD (Grey11, M, Orso Bianco) 1-TRDB-M-WASHD-0#11-M-ORSO","Washed WASHD (Grey11, M, Orso Bianco) 1-TRDB-M-WASHD-0#11-M-ORSO",,,
2000000050454,,"Washed WASHD (Violet412, XXL, no brand) 1-TRDB-M-WASHD-#412-XXL-NOBR","Washed WASHD (Violet412, XXL, no brand) 1-TRDB-M-WASHD-#412-XXL-NOBR",,,
2000000051475,,"Washed WASHD (Green7, XL, no brand) 1-TRDB-M-WASHD-00#7-XL-NOBR","Washed WASHD (Green7, XL, no brand) 1-TRDB-M-WASHD-00#7-XL-NOBR",,,
,1-TRDB-M-WASHD-AQUA-L-AIRB,"Washed WASHD (Aqua, L, Airborn)",Washed WASHD,"Aqua, L, Airborn",AQUA,L
2000000051550,1-TRDB-M-WASHD-AQUA-L-ORSO,"Washed WASHD (Aqua, L, Orso Bianco)",Washed WASHD,"Aqua, L, Orso Bianco",AQUA,L
2000000050621,,"Washed WASHD (Grey11, XXL, Orso Bianco) 1-TRDB-M-WASHD-0#11-XXL-ORSO","Washed WASHD (Grey11, XXL, Orso Bianco) 1-TRDB-M-WASHD-0#11-XXL-ORSO",,,
2000000050546,,"Washed WASHD (Grey11, S, no brand) 1-TRDB-M-WASHD-0#11-S-NOBR","Washed WASHD (Grey11, S, no brand) 1-TRDB-M-WASHD-0#11-S-NOBR",,,
2000000050522,,"Washed WASHD (Grey11, M, Old Bridge) 1-TRDB-M-WASHD-0#11-M-OLDB","Washed WASHD (Grey11, M, Old Bridge) 1-TRDB-M-WASHD-0#11-M-OLDB",,,
2000000050508,,"Washed WASHD (Grey11, L, Orso Bianco) 1-TRDB-M-WASHD-0#11-L-ORSO","Washed WASHD (Grey11, L, Orso Bianco) 1-TRDB-M-WASHD-0#11-L-ORSO",,,
2000000051482,,"Washed WASHD (Green7, XL, Old Bridge) 1-TRDB-M-WASHD-00#7-XL-OLDB","Washed WASHD (Green7, XL, Old Bridge) 1-TRDB-M-WASHD-00#7-XL-OLDB",,,
2000000051505,,"Washed WASHD (Green7, XXL, no brand) 1-TRDB-M-WASHD-00#7-XXL-NOBR","Washed WASHD (Green7, XXL, no brand) 1-TRDB-M-WASHD-00#7-XXL-NOBR",,,
,1-TRDB-M-WASHD-AQUA-L-DAIL,"Washed WASHD (Aqua, L, Daily)",Washed WASHD,"Aqua, L, Daily",AQUA,L
,1-TRDB-M-WASHD-AQUA-M-AIRB,"Washed WASHD (Aqua, M, Airborn)",Washed WASHD,"Aqua, M, Airborn",AQUA,M
2000000050614,,"Washed WASHD (Grey11, XXL, Old Bridge) 1-TRDB-M-WASHD-0#11-XXL-OLDB","Washed WASHD (Grey11, XXL, Old Bridge) 1-TRDB-M-WASHD-0#11-XXL-OLDB",,,
2000000050591,,"Washed WASHD (Grey11, XL, Orso Bianco) 1-TRDB-M-WASHD-0#11-XL-ORSO","Washed WASHD (Grey11, XL, Orso Bianco) 1-TRDB-M-WASHD-0#11-XL-ORSO",,,
2000000050515,,"Washed WASHD (Grey11, M, no brand) 1-TRDB-M-WASHD-0#11-M-NOBR","Washed WASHD (Grey11, M, no brand) 1-TRDB-M-WASHD-0#11-M-NOBR",,,
2000000050492,,"Washed WASHD (Grey11, L, Old Bridge) 1-TRDB-M-WASHD-0#11-L-OLDB","Washed WASHD (Grey11, L, Old Bridge) 1-TRDB-M-WASHD-0#11-L-OLDB",,,
2000000050478,,"Washed WASHD (Violet412, XXL, Orso Bianco) 1-TRDB-M-WASHD-#412-XXL-ORSO","Washed WASHD (Violet412, XXL, Orso Bianco) 1-TRDB-M-WASHD-#412-XXL-ORSO",,,
2000000051499,,"Washed WASHD (Green7, XL, Orso Bianco) 1-TRDB-M-WASHD-00#7-XL-ORSO","Washed WASHD (Green7, XL, Orso Bianco) 1-TRDB-M-WASHD-00#7-XL-ORSO",,,
2000000051512,,"Washed WASHD (Green7, XXL, Old Bridge) 1-TRDB-M-WASHD-00#7-XXL-OLDB","Washed WASHD (Green7, XXL, Old Bridge) 1-TRDB-M-WASHD-00#7-XXL-OLDB",,,
2000000051536,1-TRDB-M-WASHD-AQUA-L-NOBR,"Washed WASHD (Aqua, L, no brand)",Washed WASHD,"Aqua, L, no brand",AQUA,L
,1-TRDB-M-WASHD-AQUA-M-DAIL,"Washed WASHD (Aqua, M, Daily)",Washed WASHD,"Aqua, M, Daily",AQUA,M
2000000051567,1-TRDB-M-WASHD-AQUA-M-NOBR,"Washed WASHD (Aqua, M, no brand)",Washed WASHD,"Aqua, M, no brand",AQUA,M
,1-TRDB-M-WASHD-AQUA-S-DAIL,"Washed WASHD (Aqua, S, Daily)",Washed WASHD,"Aqua, S, Daily",AQUA,S
2000000050447,,"Washed WASHD (Violet412, XL, Orso Bianco) 1-TRDB-M-WASHD-#412-XL-ORSO","Washed WASHD (Violet412, XL, Orso Bianco) 1-TRDB-M-WASHD-#412-XL-ORSO",,,
2000000050393,,"Washed WASHD (Violet412, S, no brand) 1-TRDB-M-WASHD-#412-S-NOBR","Washed WASHD (Violet412, S, no brand) 1-TRDB-M-WASHD-#412-S-NOBR",,,
2000000050379,,"Washed WASHD (Violet412, M, Old Bridge) 1-TRDB-M-WASHD-#412-M-OLDB","Washed WASHD (Violet412, M, Old Bridge) 1-TRDB-M-WASHD-#412-M-OLDB",,,
2000000051642,1-TRDB-M-WASHD-AQUA-XL-ORSO,"Washed WASHD (Aqua, XL, Orso Bianco)",Washed WASHD,"Aqua, XL, Orso Bianco",AQUA,XL
2000000050355,,"Washed WASHD (Violet412, L, Orso Bianco) 1-TRDB-M-WASHD-#412-L-ORSO","Washed WASHD (Violet412, L, Orso Bianco) 1-TRDB-M-WASHD-#412-L-ORSO",,,
2000000051666,1-TRDB-M-WASHD-AQUA-XXL-OLDB,"Washed WASHD (Aqua, XXL, Old Bridge)",Washed WASHD,"Aqua, XXL, Old Bridge",AQUA,XXL
2000000051680,1-TRDB-M-WASHD-BLCK-L-NOBR,"Washed WASHD (BLACK, L, no brand)",Washed WASHD,"BLACK, L, no brand",BLCK,L
,1-TRDB-M-WASHD-BLCK-M-DAIL,"Washed WASHD (BLACK, M, Daily)",Washed WASHD,"BLACK, M, Daily",BLCK,M
,1-TRDB-M-WASHD-BLCK-S-AIRB,"Washed WASHD (BLACK, S, Airborn)",Washed WASHD,"BLACK, S, Airborn",BLCK,S
2000000051574,1-TRDB-M-WASHD-AQUA-M-OLDB,"Washed WASHD (Aqua, M, Old Bridge)",Washed WASHD,"Aqua, M, Old Bridge",AQUA,M
2000000051598,1-TRDB-M-WASHD-AQUA-S-NOBR,"Washed WASHD (Aqua, S, no brand)",Washed WASHD,"Aqua, S, no brand",AQUA,S
2000000050430,,"Washed WASHD (Violet412, XL, Old Bridge) 1-TRDB-M-WASHD-#412-XL-OLDB","Washed WASHD (Violet412, XL, Old Bridge) 1-TRDB-M-WASHD-#412-XL-OLDB",,,
,1-TRDB-M-WASHD-AQUA-XL-AIRB,"Washed WASHD (Aqua, XL, Airborn)",Washed WASHD,"Aqua, XL, Airborn",AQUA,XL
,1-TRDB-M-WASHD-AQUA-XL-DAIL,"Washed WASHD (Aqua, XL, Daily)",Washed WASHD,"Aqua, XL, Daily",AQUA,XL
2000000050362,,"Washed WASHD (Violet412, M, no brand) 1-TRDB-M-WASHD-#412-M-NOBR","Washed WASHD (Violet412, M, no brand) 1-TRDB-M-WASHD-#412-M-NOBR",,,
2000000050348,,"Washed WASHD (Violet412, L, Old Bridge) 1-TRDB-M-WASHD-#412-L-OLDB","Washed WASHD (Violet412, L, Old Bridge) 1-TRDB-M-WASHD-#412-L-OLDB",,,
2000000051673,1-TRDB-M-WASHD-AQUA-XXL-ORSO,"Washed WASHD (Aqua, XXL, Orso Bianco)",Washed WASHD,"Aqua, XXL, Orso Bianco",AQUA,XXL
2000000051697,1-TRDB-M-WASHD-BLCK-L-OLDB,"Washed WASHD (BLACK, L, Old Bridge)",Washed WASHD,"BLACK, L, Old Bridge",BLCK,L
2000000051710,1-TRDB-M-WASHD-BLCK-M-NOBR,"Washed WASHD (BLACK, M, no brand)",Washed WASHD,"BLACK, M, no brand",BLCK,M
,1-TRDB-M-WASHD-BLCK-S-DAIL,"Washed WASHD (BLACK, S, Daily)",Washed WASHD,"BLACK, S, Daily",BLCK,S
2000000051581,1-TRDB-M-WASHD-AQUA-M-ORSO,"Washed WASHD (Aqua, M, Orso Bianco)",Washed WASHD,"Aqua, M, Orso Bianco",AQUA,M
2000000051604,1-TRDB-M-WASHD-AQUA-S-OLDB,"Washed WASHD (Aqua, S, Old Bridge)",Washed WASHD,"Aqua, S, Old Bridge",AQUA,S
2000000050423,,"Washed WASHD (Violet412, XL, no brand) 1-TRDB-M-WASHD-#412-XL-NOBR","Washed WASHD (Violet412, XL, no brand) 1-TRDB-M-WASHD-#412-XL-NOBR",,,
2000000050416,,"Washed WASHD (Violet412, S, Orso Bianco) 1-TRDB-M-WASHD-#412-S-ORSO","Washed WASHD (Violet412, S, Orso Bianco) 1-TRDB-M-WASHD-#412-S-ORSO",,,
2000000051628,1-TRDB-M-WASHD-AQUA-XL-NOBR,"Washed WASHD (Aqua, XL, no brand)",Washed WASHD,"Aqua, XL, no brand",AQUA,XL
,1-TRDB-M-WASHD-AQUA-XXL-AIRB,"Washed WASHD (Aqua, XXL, Airborn)",Washed WASHD,"Aqua, XXL, Airborn",AQUA,XXL
2000000050331,,"Washed WASHD (Violet412, L, no brand) 1-TRDB-M-WASHD-#412-L-NOBR","Washed WASHD (Violet412, L, no brand) 1-TRDB-M-WASHD-#412-L-NOBR",,,
,1-TRDB-M-WASHD-BLCK-L-AIRB,"Washed WASHD (BLACK, L, Airborn)",Washed WASHD,"BLACK, L, Airborn",BLCK,L
2000000051703,1-TRDB-M-WASHD-BLCK-L-ORSO,"Washed WASHD (BLACK, L, Orso Bianco)",Washed WASHD,"BLACK, L, Orso Bianco",BLCK,L
2000000051727,1-TRDB-M-WASHD-BLCK-M-OLDB,"Washed WASHD (BLACK, M, Old Bridge)",Washed WASHD,"BLACK, M, Old Bridge",BLCK,M
2000000051741,1-TRDB-M-WASHD-BLCK-S-NOBR,"Washed WASHD (BLACK, S, no brand)",Washed WASHD,"BLACK, S, no brand",BLCK,S
,1-TRDB-M-WASHD-AQUA-S-AIRB,"Washed WASHD (Aqua, S, Airborn)",Washed WASHD,"Aqua, S, Airborn",AQUA,S
2000000051611,1-TRDB-M-WASHD-AQUA-S-ORSO,"Washed WASHD (Aqua, S, Orso Bianco)",Washed WASHD,"Aqua, S, Orso Bianco",AQUA,S
2000000050409,,"Washed WASHD (Violet412, S, Old Bridge) 1-TRDB-M-WASHD-#412-S-OLDB","Washed WASHD (Violet412, S, Old Bridge) 1-TRDB-M-WASHD-#412-S-OLDB",,,
2000000050386,,"Washed WASHD (Violet412, M, Orso Bianco) 1-TRDB-M-WASHD-#412-M-ORSO","Washed WASHD (Violet412, M, Orso Bianco) 1-TRDB-M-WASHD-#412-M-ORSO",,,
2000000051635,1-TRDB-M-WASHD-AQUA-XL-OLDB,"Washed WASHD (Aqua, XL, Old Bridge)",Washed WASHD,"Aqua, XL, Old Bridge",AQUA,XL
,1-TRDB-M-WASHD-AQUA-XXL-DAIL,"Washed WASHD (Aqua, XXL, Daily)",Washed WASHD,"Aqua, XXL, Daily",AQUA,XXL
2000000051659,1-TRDB-M-WASHD-AQUA-XXL-NOBR,"Washed WASHD (Aqua, XXL, no brand)",Washed WASHD,"Aqua, XXL, no brand",AQUA,XXL
,1-TRDB-M-WASHD-BLCK-L-DAIL,"Washed WASHD (BLACK, L, Daily)",Washed WASHD,"BLACK, L, Daily",BLCK,L
,1-TRDB-M-WASHD-BLCK-M-AIRB,"Washed WASHD (BLACK, M, Airborn)",Washed WASHD,"BLACK, M, Airborn",BLCK,M
2000000051734,1-TRDB-M-WASHD-BLCK-M-ORSO,"Washed WASHD (BLACK, M, Orso Bianco)",Washed WASHD,"BLACK, M, Orso Bianco",BLCK,M
2000000051758,1-TRDB-M-WASHD-BLCK-S-OLDB,"Washed WASHD (BLACK, S, Old Bridge)",Washed WASHD,"BLACK, S, Old Bridge",BLCK,S
2000000051765,1-TRDB-M-WASHD-BLCK-S-ORSO,"Washed WASHD (BLACK, S, Orso Bianco)",Washed WASHD,"BLACK, S, Orso Bianco",BLCK,S
2000000051789,1-TRDB-M-WASHD-BLCK-XL-OLDB,"Washed WASHD (BLACK, XL, Old Bridge)",Washed WASHD,"BLACK, XL, Old Bridge",BLCK,XL
2000000051802,1-TRDB-M-WASHD-BLCK-XXL-NOBR,"Washed WASHD (BLACK, XXL, no brand)",Washed WASHD,"BLACK, XXL, no brand",BLCK,XXL
,1-TRDB-M-WASHD-BLUE-L-DAIL,"Washed WASHD (Blue, L, Daily)",Washed WASHD,"Blue, L, Daily",BLUE,L
,1-TRDB-M-WASHD-BLUE-M-AIRB,"Washed WASHD (Blue, M, Airborn)",Washed WASHD,"Blue, M, Airborn",BLUE,M
2000000051888,1-TRDB-M-WASHD-BLUE-M-ORSO,"Washed WASHD (Blue, M, Orso Bianco)",Washed WASHD,"Blue, M, Orso Bianco",BLUE,M
2000000051901,1-TRDB-M-WASHD-BLUE-S-OLDB,"Washed WASHD (Blue, S, Old Bridge)",Washed WASHD,"Blue, S, Old Bridge",BLUE,S
2000000051925,1-TRDB-M-WASHD-BLUE-XL-NOBR,"Washed WASHD (Blue, XL, no brand)",Washed WASHD,"Blue, XL, no brand",BLUE,XL
,1-TRDB-M-WASHD-BLUE-XXL-DAIL,"Washed WASHD (Blue, XXL, Daily)",Washed WASHD,"Blue, XXL, Daily",BLUE,XXL
,1-TRDB-M-WASHD-BRDX-L-AIRB,"Washed WASHD (Bordeaux, L, Airborn)",Washed WASHD,"Bordeaux, L, Airborn",BRDX,L
2000000052007,1-TRDB-M-WASHD-BRDX-L-ORSO,"Washed WASHD (Bordeaux, L, Orso Bianco)",Washed WASHD,"Bordeaux, L, Orso Bianco",BRDX,L
2000000052021,1-TRDB-M-WASHD-BRDX-M-OLDB,"Washed WASHD (Bordeaux, M, Old Bridge)",Washed WASHD,"Bordeaux, M, Old Bridge",BRDX,M
,1-TRDB-M-WASHD-BLCK-XL-AIRB,"Washed WASHD (BLACK, XL, Airborn)",Washed WASHD,"BLACK, XL, Airborn",BLCK,XL
2000000051796,1-TRDB-M-WASHD-BLCK-XL-ORSO,"Washed WASHD (BLACK, XL, Orso Bianco)",Washed WASHD,"BLACK, XL, Orso Bianco",BLCK,XL
2000000051819,1-TRDB-M-WASHD-BLCK-XXL-OLDB,"Washed WASHD (BLACK, XXL, Old Bridge)",Washed WASHD,"BLACK, XXL, Old Bridge",BLCK,XXL
2000000051833,1-TRDB-M-WASHD-BLUE-L-NOBR,"Washed WASHD (Blue, L, no brand)",Washed WASHD,"Blue, L, no brand",BLUE,L
,1-TRDB-M-WASHD-BLUE-M-DAIL,"Washed WASHD (Blue, M, Daily)",Washed WASHD,"Blue, M, Daily",BLUE,M
,1-TRDB-M-WASHD-BLUE-S-AIRB,"Washed WASHD (Blue, S, Airborn)",Washed WASHD,"Blue, S, Airborn",BLUE,S
2000000051918,1-TRDB-M-WASHD-BLUE-S-ORSO,"Washed WASHD (Blue, S, Orso Bianco)",Washed WASHD,"Blue, S, Orso Bianco",BLUE,S
2000000051932,1-TRDB-M-WASHD-BLUE-XL-OLDB,"Washed WASHD (Blue, XL, Old Bridge)",Washed WASHD,"Blue, XL, Old Bridge",BLUE,XL
2000000051956,1-TRDB-M-WASHD-BLUE-XXL-NOBR,"Washed WASHD (Blue, XXL, no brand)",Washed WASHD,"Blue, XXL, no brand",BLUE,XXL
,1-TRDB-M-WASHD-BRDX-L-DAIL,"Washed WASHD (Bordeaux, L, Daily)",Washed WASHD,"Bordeaux, L, Daily",BRDX,L
,1-TRDB-M-WASHD-BRDX-M-AIRB,"Washed WASHD (Bordeaux, M, Airborn)",Washed WASHD,"Bordeaux, M, Airborn",BRDX,M
2000000052038,1-TRDB-M-WASHD-BRDX-M-ORSO,"Washed WASHD (Bordeaux, M, Orso Bianco)",Washed WASHD,"Bordeaux, M, Orso Bianco",BRDX,M
,1-TRDB-M-WASHD-BLCK-XL-DAIL,"Washed WASHD (BLACK, XL, Daily)",Washed WASHD,"BLACK, XL, Daily",BLCK,XL
,1-TRDB-M-WASHD-BLCK-XXL-AIRB,"Washed WASHD (BLACK, XXL, Airborn)",Washed WASHD,"BLACK, XXL, Airborn",BLCK,XXL
2000000051826,1-TRDB-M-WASHD-BLCK-XXL-ORSO,"Washed WASHD (BLACK, XXL, Orso Bianco)",Washed WASHD,"BLACK, XXL, Orso Bianco",BLCK,XXL
2000000051840,1-TRDB-M-WASHD-BLUE-L-OLDB,"Washed WASHD (Blue, L, Old Bridge)",Washed WASHD,"Blue, L, Old Bridge",BLUE,L
2000000051864,1-TRDB-M-WASHD-BLUE-M-NOBR,"Washed WASHD (Blue, M, no brand)",Washed WASHD,"Blue, M, no brand",BLUE,M
,1-TRDB-M-WASHD-BLUE-S-DAIL,"Washed WASHD (Blue, S, Daily)",Washed WASHD,"Blue, S, Daily",BLUE,S
,1-TRDB-M-WASHD-BLUE-XL-AIRB,"Washed WASHD (Blue, XL, Airborn)",Washed WASHD,"Blue, XL, Airborn",BLUE,XL
2000000051949,1-TRDB-M-WASHD-BLUE-XL-ORSO,"Washed WASHD (Blue, XL, Orso Bianco)",Washed WASHD,"Blue, XL, Orso Bianco",BLUE,XL
2000000051963,1-TRDB-M-WASHD-BLUE-XXL-OLDB,"Washed WASHD (Blue, XXL, Old Bridge)",Washed WASHD,"Blue, XXL, Old Bridge",BLUE,XXL
2000000051987,1-TRDB-M-WASHD-BRDX-L-NOBR,"Washed WASHD (Bordeaux, L, no brand)",Washed WASHD,"Bordeaux, L, no brand",BRDX,L
,1-TRDB-M-WASHD-BRDX-M-DAIL,"Washed WASHD (Bordeaux, M, Daily)",Washed WASHD,"Bordeaux, M, Daily",BRDX,M
,1-TRDB-M-WASHD-BRDX-S-AIRB,"Washed WASHD (Bordeaux, S, Airborn)",Washed WASHD,"Bordeaux, S, Airborn",BRDX,S
2000000051772,1-TRDB-M-WASHD-BLCK-XL-NOBR,"Washed WASHD (BLACK, XL, no brand)",Washed WASHD,"BLACK, XL, no brand",BLCK,XL
,1-TRDB-M-WASHD-BLCK-XXL-DAIL,"Washed WASHD (BLACK, XXL, Daily)",Washed WASHD,"BLACK, XXL, Daily",BLCK,XXL
,1-TRDB-M-WASHD-BLUE-L-AIRB,"Washed WASHD (Blue, L, Airborn)",Washed WASHD,"Blue, L, Airborn",BLUE,L
2000000051857,1-TRDB-M-WASHD-BLUE-L-ORSO,"Washed WASHD (Blue, L, Orso Bianco)",Washed WASHD,"Blue, L, Orso Bianco",BLUE,L
2000000051871,1-TRDB-M-WASHD-BLUE-M-OLDB,"Washed WASHD (Blue, M, Old Bridge)",Washed WASHD,"Blue, M, Old Bridge",BLUE,M
2000000051895,1-TRDB-M-WASHD-BLUE-S-NOBR,"Washed WASHD (Blue, S, no brand)",Washed WASHD,"Blue, S, no brand",BLUE,S
,1-TRDB-M-WASHD-BLUE-XL-DAIL,"Washed WASHD (Blue, XL, Daily)",Washed WASHD,"Blue, XL, Daily",BLUE,XL
,1-TRDB-M-WASHD-BLUE-XXL-AIRB,"Washed WASHD (Blue, XXL, Airborn)",Washed WASHD,"Blue, XXL, Airborn",BLUE,XXL
2000000051970,1-TRDB-M-WASHD-BLUE-XXL-ORSO,"Washed WASHD (Blue, XXL, Orso Bianco)",Washed WASHD,"Blue, XXL, Orso Bianco",BLUE,XXL
2000000051994,1-TRDB-M-WASHD-BRDX-L-OLDB,"Washed WASHD (Bordeaux, L, Old Bridge)",Washed WASHD,"Bordeaux, L, Old Bridge",BRDX,L
2000000052014,1-TRDB-M-WASHD-BRDX-M-NOBR,"Washed WASHD (Bordeaux, M, no brand)",Washed WASHD,"Bordeaux, M, no brand",BRDX,M
,1-TRDB-M-WASHD-BRDX-S-DAIL,"Washed WASHD (Bordeaux, S, Daily)",Washed WASHD,"Bordeaux, S, Daily",BRDX,S
2000000052045,1-TRDB-M-WASHD-BRDX-S-NOBR,"Washed WASHD (Bordeaux, S, no brand)",Washed WASHD,"Bordeaux, S, no brand",BRDX,S
,1-TRDB-M-WASHD-BRDX-XL-DAIL,"Washed WASHD (Bordeaux, XL, Daily)",Washed WASHD,"Bordeaux, XL, Daily",BRDX,XL
,1-TRDB-M-WASHD-BRDX-XXL-AIRB,"Washed WASHD (Bordeaux, XXL, Airborn)",Washed WASHD,"Bordeaux, XXL, Airborn",BRDX,XXL
2000000052120,1-TRDB-M-WASHD-BRDX-XXL-ORSO,"Washed WASHD (Bordeaux, XXL, Orso Bianco)",Washed WASHD,"Bordeaux, XXL, Orso Bianco",BRDX,XXL
2000000052144,1-TRDB-M-WASHD-BRWN-L-OLDB,"Washed WASHD (Brown, L, Old Bridge)",Washed WASHD,"Brown, L, Old Bridge",BRWN,L
2000000052168,1-TRDB-M-WASHD-BRWN-M-NOBR,"Washed WASHD (Brown, M, no brand)",Washed WASHD,"Brown, M, no brand",BRWN,M
,1-TRDB-M-WASHD-BRWN-S-DAIL,"Washed WASHD (Brown, S, Daily)",Washed WASHD,"Brown, S, Daily",BRWN,S
,1-TRDB-M-WASHD-BRWN-XL-AIRB,"Washed WASHD (Brown, XL, Airborn)",Washed WASHD,"Brown, XL, Airborn",BRWN,XL
2000000052243,1-TRDB-M-WASHD-BRWN-XL-ORSO,"Washed WASHD (Brown, XL, Orso Bianco)",Washed WASHD,"Brown, XL, Orso Bianco",BRWN,XL
2000000052267,1-TRDB-M-WASHD-BRWN-XXL-OLDB,"Washed WASHD (Brown, XXL, Old Bridge)",Washed WASHD,"Brown, XXL, Old Bridge",BRWN,XXL
2000000052281,1-TRDB-M-WASHD-GREY-L-NOBR,"Washed WASHD (grey, L, no brand)",Washed WASHD,"grey, L, no brand",GREY,L
,1-TRDB-M-WASHD-GREY-M-DAIL,"Washed WASHD (grey, M, Daily)",Washed WASHD,"grey, M, Daily",GREY,M
2000000052052,1-TRDB-M-WASHD-BRDX-S-OLDB,"Washed WASHD (Bordeaux, S, Old Bridge)",Washed WASHD,"Bordeaux, S, Old Bridge",BRDX,S
2000000052076,1-TRDB-M-WASHD-BRDX-XL-NOBR,"Washed WASHD (Bordeaux, XL, no brand)",Washed WASHD,"Bordeaux, XL, no brand",BRDX,XL
,1-TRDB-M-WASHD-BRDX-XXL-DAIL,"Washed WASHD (Bordeaux, XXL, Daily)",Washed WASHD,"Bordeaux, XXL, Daily",BRDX,XXL
,1-TRDB-M-WASHD-BRWN-L-AIRB,"Washed WASHD (Brown, L, Airborn)",Washed WASHD,"Brown, L, Airborn",BRWN,L
2000000052151,1-TRDB-M-WASHD-BRWN-L-ORSO,"Washed WASHD (Brown, L, Orso Bianco)",Washed WASHD,"Brown, L, Orso Bianco",BRWN,L
2000000052175,1-TRDB-M-WASHD-BRWN-M-OLDB,"Washed WASHD (Brown, M, Old Bridge)",Washed WASHD,"Brown, M, Old Bridge",BRWN,M
2000000052199,1-TRDB-M-WASHD-BRWN-S-NOBR,"Washed WASHD (Brown, S, no brand)",Washed WASHD,"Brown, S, no brand",BRWN,S
,1-TRDB-M-WASHD-BRWN-XL-DAIL,"Washed WASHD (Brown, XL, Daily)",Washed WASHD,"Brown, XL, Daily",BRWN,XL
,1-TRDB-M-WASHD-BRWN-XXL-AIRB,"Washed WASHD (Brown, XXL, Airborn)",Washed WASHD,"Brown, XXL, Airborn",BRWN,XXL
2000000052274,1-TRDB-M-WASHD-BRWN-XXL-ORSO,"Washed WASHD (Brown, XXL, Orso Bianco)",Washed WASHD,"Brown, XXL, Orso Bianco",BRWN,XXL
2000000052298,1-TRDB-M-WASHD-GREY-L-OLDB,"Washed WASHD (grey, L, Old Bridge)",Washed WASHD,"grey, L, Old Bridge",GREY,L
2000000052311,1-TRDB-M-WASHD-GREY-M-NOBR,"Washed WASHD (grey, M, no brand)",Washed WASHD,"grey, M, no brand",GREY,M
2000000052069,1-TRDB-M-WASHD-BRDX-S-ORSO,"Washed WASHD (Bordeaux, S, Orso Bianco)",Washed WASHD,"Bordeaux, S, Orso Bianco",BRDX,S
2000000052083,1-TRDB-M-WASHD-BRDX-XL-OLDB,"Washed WASHD (Bordeaux, XL, Old Bridge)",Washed WASHD,"Bordeaux, XL, Old Bridge",BRDX,XL
2000000052106,1-TRDB-M-WASHD-BRDX-XXL-NOBR,"Washed WASHD (Bordeaux, XXL, no brand)",Washed WASHD,"Bordeaux, XXL, no brand",BRDX,XXL
,1-TRDB-M-WASHD-BRWN-L-DAIL,"Washed WASHD (Brown, L, Daily)",Washed WASHD,"Brown, L, Daily",BRWN,L
,1-TRDB-M-WASHD-BRWN-M-AIRB,"Washed WASHD (Brown, M, Airborn)",Washed WASHD,"Brown, M, Airborn",BRWN,M
2000000052182,1-TRDB-M-WASHD-BRWN-M-ORSO,"Washed WASHD (Brown, M, Orso Bianco)",Washed WASHD,"Brown, M, Orso Bianco",BRWN,M
2000000052205,1-TRDB-M-WASHD-BRWN-S-OLDB,"Washed WASHD (Brown, S, Old Bridge)",Washed WASHD,"Brown, S, Old Bridge",BRWN,S
2000000052229,1-TRDB-M-WASHD-BRWN-XL-NOBR,"Washed WASHD (Brown, XL, no brand)",Washed WASHD,"Brown, XL, no brand",BRWN,XL
,1-TRDB-M-WASHD-BRWN-XXL-DAIL,"Washed WASHD (Brown, XXL, Daily)",Washed WASHD,"Brown, XXL, Daily",BRWN,XXL
,1-TRDB-M-WASHD-GREY-L-AIRB,"Washed WASHD (grey, L, Airborn)",Washed WASHD,"grey, L, Airborn",GREY,L
2000000052304,1-TRDB-M-WASHD-GREY-L-ORSO,"Washed WASHD (grey, L, Orso Bianco)",Washed WASHD,"grey, L, Orso Bianco",GREY,L
2000000052328,1-TRDB-M-WASHD-GREY-M-OLDB,"Washed WASHD (grey, M, Old Bridge)",Washed WASHD,"grey, M, Old Bridge",GREY,M
,1-TRDB-M-WASHD-BRDX-XL-AIRB,"Washed WASHD (Bordeaux, XL, Airborn)",Washed WASHD,"Bordeaux, XL, Airborn",BRDX,XL
2000000052090,1-TRDB-M-WASHD-BRDX-XL-ORSO,"Washed WASHD (Bordeaux, XL, Orso Bianco)",Washed WASHD,"Bordeaux, XL, Orso Bianco",BRDX,XL
2000000052113,1-TRDB-M-WASHD-BRDX-XXL-OLDB,"Washed WASHD (Bordeaux, XXL, Old Bridge)",Washed WASHD,"Bordeaux, XXL, Old Bridge",BRDX,XXL
2000000052137,1-TRDB-M-WASHD-BRWN-L-NOBR,"Washed WASHD (Brown, L, no brand)",Washed WASHD,"Brown, L, no brand",BRWN,L
,1-TRDB-M-WASHD-BRWN-M-DAIL,"Washed WASHD (Brown, M, Daily)",Washed WASHD,"Brown, M, Daily",BRWN,M
,1-TRDB-M-WASHD-BRWN-S-AIRB,"Washed WASHD (Brown, S, Airborn)",Washed WASHD,"Brown, S, Airborn",BRWN,S
2000000052212,1-TRDB-M-WASHD-BRWN-S-ORSO,"Washed WASHD (Brown, S, Orso Bianco)",Washed WASHD,"Brown, S, Orso Bianco",BRWN,S
2000000052236,1-TRDB-M-WASHD-BRWN-XL-OLDB,"Washed WASHD (Brown, XL, Old Bridge)",Washed WASHD,"Brown, XL, Old Bridge",BRWN,XL
2000000052250,1-TRDB-M-WASHD-BRWN-XXL-NOBR,"Washed WASHD (Brown, XXL, no brand)",Washed WASHD,"Brown, XXL, no brand",BRWN,XXL
,1-TRDB-M-WASHD-GREY-L-DAIL,"Washed WASHD (grey, L, Daily)",Washed WASHD,"grey, L, Daily",GREY,L
,1-TRDB-M-WASHD-GREY-M-AIRB,"Washed WASHD (grey, M, Airborn)",Washed WASHD,"grey, M, Airborn",GREY,M
2000000052335,1-TRDB-M-WASHD-GREY-M-ORSO,"Washed WASHD (grey, M, Orso Bianco)",Washed WASHD,"grey, M, Orso Bianco",GREY,M
,1-TRDB-M-WASHD-GREY-S-AIRB,"Washed WASHD (grey, S, Airborn)",Washed WASHD,"grey, S, Airborn",GREY,S
2000000052366,1-TRDB-M-WASHD-GREY-S-ORSO,"Washed WASHD (grey, S, Orso Bianco)",Washed WASHD,"grey, S, Orso Bianco",GREY,S
2000000052380,1-TRDB-M-WASHD-GREY-XL-OLDB,"Washed WASHD (grey, XL, Old Bridge)",Washed WASHD,"grey, XL, Old Bridge",GREY,XL
2000000052403,1-TRDB-M-WASHD-GREY-XXL-NOBR,"Washed WASHD (grey, XXL, no brand)",Washed WASHD,"grey, XXL, no brand",GREY,XXL
,1-TRDB-M-WASHD-JADE-L-DAIL,"Washed WASHD (Jade, L, Daily)",Washed WASHD,"Jade, L, Daily",JADE,L
,1-TRDB-M-WASHD-JADE-M-AIRB,"Washed WASHD (Jade, M, Airborn)",Washed WASHD,"Jade, M, Airborn",JADE,M
2000000052489,1-TRDB-M-WASHD-JADE-M-ORSO,"Washed WASHD (Jade, M, Orso Bianco)",Washed WASHD,"Jade, M, Orso Bianco",JADE,M
2000000052502,1-TRDB-M-WASHD-JADE-S-OLDB,"Washed WASHD (Jade, S, Old Bridge)",Washed WASHD,"Jade, S, Old Bridge",JADE,S
2000000052526,1-TRDB-M-WASHD-JADE-XL-NOBR,"Washed WASHD (Jade, XL, no brand)",Washed WASHD,"Jade, XL, no brand",JADE,XL
,1-TRDB-M-WASHD-JADE-XXL-DAIL,"Washed WASHD (Jade, XXL, Daily)",Washed WASHD,"Jade, XXL, Daily",JADE,XXL
,1-TRDB-M-WASHD-ROSE-L-AIRB,"Washed WASHD (Rose, L, Airborn)",Washed WASHD,"Rose, L, Airborn",ROSE,L
2000000052601,1-TRDB-M-WASHD-ROSE-L-ORSO,"Washed WASHD (Rose, L, Orso Bianco)",Washed WASHD,"Rose, L, Orso Bianco",ROSE,L
,1-TRDB-M-WASHD-GREY-S-DAIL,"Washed WASHD (grey, S, Daily)",Washed WASHD,"grey, S, Daily",GREY,S
,1-TRDB-M-WASHD-GREY-XL-AIRB,"Washed WASHD (grey, XL, Airborn)",Washed WASHD,"grey, XL, Airborn",GREY,XL
2000000052397,1-TRDB-M-WASHD-GREY-XL-ORSO,"Washed WASHD (grey, XL, Orso Bianco)",Washed WASHD,"grey, XL, Orso Bianco",GREY,XL
2000000052410,1-TRDB-M-WASHD-GREY-XXL-OLDB,"Washed WASHD (grey, XXL, Old Bridge)",Washed WASHD,"grey, XXL, Old Bridge",GREY,XXL
2000000052434,1-TRDB-M-WASHD-JADE-L-NOBR,"Washed WASHD (Jade, L, no brand)",Washed WASHD,"Jade, L, no brand",JADE,L
,1-TRDB-M-WASHD-JADE-M-DAIL,"Washed WASHD (Jade, M, Daily)",Washed WASHD,"Jade, M, Daily",JADE,M
,1-TRDB-M-WASHD-JADE-S-AIRB,"Washed WASHD (Jade, S, Airborn)",Washed WASHD,"Jade, S, Airborn",JADE,S
2000000052519,1-TRDB-M-WASHD-JADE-S-ORSO,"Washed WASHD (Jade, S, Orso Bianco)",Washed WASHD,"Jade, S, Orso Bianco",JADE,S
2000000052533,1-TRDB-M-WASHD-JADE-XL-OLDB,"Washed WASHD (Jade, XL, Old Bridge)",Washed WASHD,"Jade, XL, Old Bridge",JADE,XL
2000000052557,1-TRDB-M-WASHD-JADE-XXL-NOBR,"Washed WASHD (Jade, XXL, no brand)",Washed WASHD,"Jade, XXL, no brand",JADE,XXL
,1-TRDB-M-WASHD-ROSE-L-DAIL,"Washed WASHD (Rose, L, Daily)",Washed WASHD,"Rose, L, Daily",ROSE,L
,1-TRDB-M-WASHD-ROSE-M-AIRB,"Washed WASHD (Rose, M, Airborn)",Washed WASHD,"Rose, M, Airborn",ROSE,M
2000000052342,1-TRDB-M-WASHD-GREY-S-NOBR,"Washed WASHD (grey, S, no brand)",Washed WASHD,"grey, S, no brand",GREY,S
,1-TRDB-M-WASHD-GREY-XL-DAIL,"Washed WASHD (grey, XL, Daily)",Washed WASHD,"grey, XL, Daily",GREY,XL
,1-TRDB-M-WASHD-GREY-XXL-AIRB,"Washed WASHD (grey, XXL, Airborn)",Washed WASHD,"grey, XXL, Airborn",GREY,XXL
2000000052427,1-TRDB-M-WASHD-GREY-XXL-ORSO,"Washed WASHD (grey, XXL, Orso Bianco)",Washed WASHD,"grey, XXL, Orso Bianco",GREY,XXL
2000000052441,1-TRDB-M-WASHD-JADE-L-OLDB,"Washed WASHD (Jade, L, Old Bridge)",Washed WASHD,"Jade, L, Old Bridge",JADE,L
2000000052465,1-TRDB-M-WASHD-JADE-M-NOBR,"Washed WASHD (Jade, M, no brand)",Washed WASHD,"Jade, M, no brand",JADE,M
,1-TRDB-M-WASHD-JADE-S-DAIL,"Washed WASHD (Jade, S, Daily)",Washed WASHD,"Jade, S, Daily",JADE,S
,1-TRDB-M-WASHD-JADE-XL-AIRB,"Washed WASHD (Jade, XL, Airborn)",Washed WASHD,"Jade, XL, Airborn",JADE,XL
2000000052540,1-TRDB-M-WASHD-JADE-XL-ORSO,"Washed WASHD (Jade, XL, Orso Bianco)",Washed WASHD,"Jade, XL, Orso Bianco",JADE,XL
2000000052564,1-TRDB-M-WASHD-JADE-XXL-OLDB,"Washed WASHD (Jade, XXL, Old Bridge)",Washed WASHD,"Jade, XXL, Old Bridge",JADE,XXL
2000000052588,1-TRDB-M-WASHD-ROSE-L-NOBR,"Washed WASHD (Rose, L, no brand)",Washed WASHD,"Rose, L, no brand",ROSE,L
,1-TRDB-M-WASHD-ROSE-M-DAIL,"Washed WASHD (Rose, M, Daily)",Washed WASHD,"Rose, M, Daily",ROSE,M
2000000052359,1-TRDB-M-WASHD-GREY-S-OLDB,"Washed WASHD (grey, S, Old Bridge)",Washed WASHD,"grey, S, Old Bridge",GREY,S
2000000052373,1-TRDB-M-WASHD-GREY-XL-NOBR,"Washed WASHD (grey, XL, no brand)",Washed WASHD,"grey, XL, no brand",GREY,XL
,1-TRDB-M-WASHD-GREY-XXL-DAIL,"Washed WASHD (grey, XXL, Daily)",Washed WASHD,"grey, XXL, Daily",GREY,XXL
,1-TRDB-M-WASHD-JADE-L-AIRB,"Washed WASHD (Jade, L, Airborn)",Washed WASHD,"Jade, L, Airborn",JADE,L
2000000052458,1-TRDB-M-WASHD-JADE-L-ORSO,"Washed WASHD (Jade, L, Orso Bianco)",Washed WASHD,"Jade, L, Orso Bianco",JADE,L
2000000052472,1-TRDB-M-WASHD-JADE-M-OLDB,"Washed WASHD (Jade, M, Old Bridge)",Washed WASHD,"Jade, M, Old Bridge",JADE,M
2000000052496,1-TRDB-M-WASHD-JADE-S-NOBR,"Washed WASHD (Jade, S, no brand)",Washed WASHD,"Jade, S, no brand",JADE,S
,1-TRDB-M-WASHD-JADE-XL-DAIL,"Washed WASHD (Jade, XL, Daily)",Washed WASHD,"Jade, XL, Daily",JADE,XL
,1-TRDB-M-WASHD-JADE-XXL-AIRB,"Washed WASHD (Jade, XXL, Airborn)",Washed WASHD,"Jade, XXL, Airborn",JADE,XXL
2000000052571,1-TRDB-M-WASHD-JADE-XXL-ORSO,"Washed WASHD (Jade, XXL, Orso Bianco)",Washed WASHD,"Jade, XXL, Orso Bianco",JADE,XXL
2000000052595,1-TRDB-M-WASHD-ROSE-L-OLDB,"Washed WASHD (Rose, L, Old Bridge)",Washed WASHD,"Rose, L, Old Bridge",ROSE,L
2000000052618,1-TRDB-M-WASHD-ROSE-M-NOBR,"Washed WASHD (Rose, M, no brand)",Washed WASHD,"Rose, M, no brand",ROSE,M
2000000052625,1-TRDB-M-WASHD-ROSE-M-OLDB,"Washed WASHD (Rose, M, Old Bridge)",Washed WASHD,"Rose, M, Old Bridge",ROSE,M
2000000052649,1-TRDB-M-WASHD-ROSE-S-NOBR,"Washed WASHD (Rose, S, no brand)",Washed WASHD,"Rose, S, no brand",ROSE,S
,1-TRDB-M-WASHD-ROSE-XL-DAIL,"Washed WASHD (Rose, XL, Daily)",Washed WASHD,"Rose, XL, Daily",ROSE,XL
,1-TRDB-M-WASHD-ROSE-XXL-AIRB,"Washed WASHD (Rose, XXL, Airborn)",Washed WASHD,"Rose, XXL, Airborn",ROSE,XXL
2000000052724,1-TRDB-M-WASHD-ROSE-XXL-ORSO,"Washed WASHD (Rose, XXL, Orso Bianco)",Washed WASHD,"Rose, XXL, Orso Bianco",ROSE,XXL
2000000033242,1-CAMP-W-00011-BLCK-S-NOBR,"Westwood 00011 (S, nobrand)",Westwood 00011,"S, nobrand",BLCK,S
2000000033211,1-CAMP-W-00011-BLCK-L-PUFE,"Westwood 00011 (L, Puffers)",Westwood 00011,"L, Puffers",BLCK,L
2000000049120,1-TRDB-M-0YORK-UNIC-XXL-NOBR,York 0YORK (XXL),York 0YORK,XXL,UNIC,XXL
2000000049106,1-TRDB-M-0YORK-UNIC-S-NOBR,York 0YORK (S),York 0YORK,S,UNIC,S
2000000035390,1-CAMP-W-00041-BLCK-XL-NOBR,"anubis 00041 (BLACK, XL, nobrand)",anubis 00041,"BLACK, XL, nobrand",BLCK,XL
2000000035437,1-CAMP-W-00041-BONE-M-NOBR,"anubis 00041 (Bone, M, nobrand)",anubis 00041,"Bone, M, nobrand",BONE,M
2000000052632,1-TRDB-M-WASHD-ROSE-M-ORSO,"Washed WASHD (Rose, M, Orso Bianco)",Washed WASHD,"Rose, M, Orso Bianco",ROSE,M
2000000052656,1-TRDB-M-WASHD-ROSE-S-OLDB,"Washed WASHD (Rose, S, Old Bridge)",Washed WASHD,"Rose, S, Old Bridge",ROSE,S
2000000052670,1-TRDB-M-WASHD-ROSE-XL-NOBR,"Washed WASHD (Rose, XL, no brand)",Washed WASHD,"Rose, XL, no brand",ROSE,XL
,1-TRDB-M-WASHD-ROSE-XXL-DAIL,"Washed WASHD (Rose, XXL, Daily)",Washed WASHD,"Rose, XXL, Daily",ROSE,XXL
2000000050805,,"Washed WASHD (Khaki23, L, Orso Bianco) 1-TRDB-M-WASHD-0#23-L-ORSO","Washed WASHD (Khaki23, L, Orso Bianco) 1-TRDB-M-WASHD-0#23-L-ORSO",,,
2000000033228,1-CAMP-W-00011-BLCK-M-NOBR,"Westwood 00011 (M, nobrand)",Westwood 00011,"M, nobrand",BLCK,M
2000000033259,1-CAMP-W-00011-BLCK-S-PUFE,"Westwood 00011 (S, Puffers)",Westwood 00011,"S, Puffers",BLCK,S
2000000049113,1-TRDB-M-0YORK-UNIC-XL-NOBR,York 0YORK (XL),York 0YORK,XL,UNIC,XL
2000000035406,1-CAMP-W-00041-BLCK-XL-PARK,"anubis 00041 (BLACK, XL, Parka)",anubis 00041,"BLACK, XL, Parka",BLCK,XL
2000000035444,1-CAMP-W-00041-BONE-M-PARK,"anubis 00041 (Bone, M, Parka)",anubis 00041,"Bone, M, Parka",BONE,M
,1-TRDB-M-WASHD-ROSE-S-AIRB,"Washed WASHD (Rose, S, Airborn)",Washed WASHD,"Rose, S, Airborn",ROSE,S
2000000052663,1-TRDB-M-WASHD-ROSE-S-ORSO,"Washed WASHD (Rose, S, Orso Bianco)",Washed WASHD,"Rose, S, Orso Bianco",ROSE,S
2000000052687,1-TRDB-M-WASHD-ROSE-XL-OLDB,"Washed WASHD (Rose, XL, Old Bridge)",Washed WASHD,"Rose, XL, Old Bridge",ROSE,XL
2000000052700,1-TRDB-M-WASHD-ROSE-XXL-NOBR,"Washed WASHD (Rose, XXL, no brand)",Washed WASHD,"Rose, XXL, no brand",ROSE,XXL
2000000033235,1-CAMP-W-00011-BLCK-M-PUFE,"Westwood 00011 (M, Puffers)",Westwood 00011,"M, Puffers",BLCK,M
2000000033266,1-CAMP-W-00011-BLCK-XL-NOBR,"Westwood 00011 (XL, nobrand)",Westwood 00011,"XL, nobrand",BLCK,XL
2000000049083,1-TRDB-M-0YORK-UNIC-L-NOBR,York 0YORK (L),York 0YORK,L,UNIC,L
2000000035376,1-CAMP-W-00041-BLCK-S-NOBR,"anubis 00041 (BLACK, S, nobrand)",anubis 00041,"BLACK, S, nobrand",BLCK,S
2000000035413,1-CAMP-W-00041-BONE-L-NOBR,"anubis 00041 (Bone, L, nobrand)",anubis 00041,"Bone, L, nobrand",BONE,L
2000000035451,1-CAMP-W-00041-BONE-S-NOBR,"anubis 00041 (Bone, S, nobrand)",anubis 00041,"Bone, S, nobrand",BONE,S
,1-TRDB-M-WASHD-ROSE-S-DAIL,"Washed WASHD (Rose, S, Daily)",Washed WASHD,"Rose, S, Daily",ROSE,S
,1-TRDB-M-WASHD-ROSE-XL-AIRB,"Washed WASHD (Rose, XL, Airborn)",Washed WASHD,"Rose, XL, Airborn",ROSE,XL
2000000052694,1-TRDB-M-WASHD-ROSE-XL-ORSO,"Washed WASHD (Rose, XL, Orso Bianco)",Washed WASHD,"Rose, XL, Orso Bianco",ROSE,XL
2000000052717,1-TRDB-M-WASHD-ROSE-XXL-OLDB,"Washed WASHD (Rose, XXL, Old Bridge)",Washed WASHD,"Rose, XXL, Old Bridge",ROSE,XXL
2000000050751,,"Washed WASHD (Black12, XXL, no brand) 1-TRDB-M-WASHD-0#12-XXL-NOBR","Washed WASHD (Black12, XXL, no brand) 1-TRDB-M-WASHD-0#12-XXL-NOBR",,,
2000000033204,1-CAMP-W-00011-BLCK-L-NOBR,"Westwood 00011 (L, nobrand)",Westwood 00011,"L, nobrand",BLCK,L
2000000033273,1-CAMP-W-00011-BLCK-XL-PUFE,"Westwood 00011 (XL, Puffers)",Westwood 00011,"XL, Puffers",BLCK,XL
2000000049090,1-TRDB-M-0YORK-UNIC-M-NOBR,York 0YORK (M),York 0YORK,M,UNIC,M
2000000035383,1-CAMP-W-00041-BLCK-S-PARK,"anubis 00041 (BLACK, S, Parka)",anubis 00041,"BLACK, S, Parka",BLCK,S
2000000035420,1-CAMP-W-00041-BONE-L-PARK,"anubis 00041 (Bone, L, Parka)",anubis 00041,"Bone, L, Parka",BONE,L
2000000035468,1-CAMP-W-00041-BONE-S-PARK,"anubis 00041 (Bone, S, Parka)",anubis 00041,"Bone, S, Parka",BONE,S
2000000035475,1-CAMP-W-00041-BONE-XL-NOBR,"anubis 00041 (Bone, XL, nobrand)",anubis 00041,"Bone, XL, nobrand",BONE,XL
2000000035802,1-CAMP-W-00041-SAND-XL-PARK,"anubis 00041 (Sand dollar, XL, Parka)",anubis 00041,"Sand dollar, XL, Parka",SAND,XL
2000000035765,1-CAMP-W-00041-SAND-M-PARK,"anubis 00041 (Sand dollar, M, Parka)",anubis 00041,"Sand dollar, M, Parka",SAND,M
2000000035727,1-CAMP-W-00041-REDD-XL-PARK,"anubis 00041 (Red, XL, Parka)",anubis 00041,"Red, XL, Parka",REDD,XL
2000000035680,1-CAMP-W-00041-REDD-M-PARK,"anubis 00041 (Red, M, Parka)",anubis 00041,"Red, M, Parka",REDD,M
2000000035642,1-CAMP-W-00041-PINK-XL-PARK,"anubis 00041 (Pink, XL, Parka)",anubis 00041,"Pink, XL, Parka",PINK,XL
2000000035604,1-CAMP-W-00041-PINK-M-PARK,"anubis 00041 (Pink, M, Parka)",anubis 00041,"Pink, M, Parka",PINK,M
2000000035567,1-CAMP-W-00041-CHOC-XL-PARK,"anubis 00041 (Chocolate, XL, Parka)",anubis 00041,"Chocolate, XL, Parka",CHOC,XL
2000000035345,1-CAMP-W-00041-BLCK-L-PARK,"anubis 00041 (BLACK, L, Parka)",anubis 00041,"BLACK, L, Parka",BLCK,L
2000000035369,1-CAMP-W-00041-BLCK-M-PARK,"anubis 00041 (BLACK, M, Parka)",anubis 00041,"BLACK, M, Parka",BLCK,M
2000000036755,1-CAMP-W-02038-MGRN-M-NOBR,"croft 02038 (Military green, M, nobrand)",croft 02038,"Military green, M, nobrand",MGRN,M
2000000036571,1-CAMP-W-02038-BEIG-L-NOBR,"croft 02038 (Beige, L, nobrand)",croft 02038,"Beige, L, nobrand",BEIG,L
2000000035482,1-CAMP-W-00041-BONE-XL-PARK,"anubis 00041 (Bone, XL, Parka)",anubis 00041,"Bone, XL, Parka",BONE,XL
2000000035796,1-CAMP-W-00041-SAND-XL-NOBR,"anubis 00041 (Sand dollar, XL, nobrand)",anubis 00041,"Sand dollar, XL, nobrand",SAND,XL
2000000035758,1-CAMP-W-00041-SAND-M-NOBR,"anubis 00041 (Sand dollar, M, nobrand)",anubis 00041,"Sand dollar, M, nobrand",SAND,M
2000000035710,1-CAMP-W-00041-REDD-XL-NOBR,"anubis 00041 (Red, XL, nobrand)",anubis 00041,"Red, XL, nobrand",REDD,XL
2000000035673,1-CAMP-W-00041-REDD-M-NOBR,"anubis 00041 (Red, M, nobrand)",anubis 00041,"Red, M, nobrand",REDD,M
2000000035635,1-CAMP-W-00041-PINK-XL-NOBR,"anubis 00041 (Pink, XL, nobrand)",anubis 00041,"Pink, XL, nobrand",PINK,XL
2000000035598,1-CAMP-W-00041-PINK-M-NOBR,"anubis 00041 (Pink, M, nobrand)",anubis 00041,"Pink, M, nobrand",PINK,M
2000000035550,1-CAMP-W-00041-CHOC-XL-NOBR,"anubis 00041 (Chocolate, XL, nobrand)",anubis 00041,"Chocolate, XL, nobrand",CHOC,XL
2000000035352,1-CAMP-W-00041-BLCK-M-NOBR,"anubis 00041 (BLACK, M, nobrand)",anubis 00041,"BLACK, M, nobrand",BLCK,M
2000000035512,1-CAMP-W-00041-CHOC-M-NOBR,"anubis 00041 (Chocolate, M, nobrand)",anubis 00041,"Chocolate, M, nobrand",CHOC,M
2000000036748,1-CAMP-W-02038-MGRN-L-PARK,"croft 02038 (Military green, L, Parka)",croft 02038,"Military green, L, Parka",MGRN,L
2000000036588,1-CAMP-W-02038-BEIG-L-PARK,"croft 02038 (Beige, L, Parka)",croft 02038,"Beige, L, Parka",BEIG,L
2000000035499,1-CAMP-W-00041-CHOC-L-NOBR,"anubis 00041 (Chocolate, L, nobrand)",anubis 00041,"Chocolate, L, nobrand",CHOC,L
2000000035789,1-CAMP-W-00041-SAND-S-PARK,"anubis 00041 (Sand dollar, S, Parka)",anubis 00041,"Sand dollar, S, Parka",SAND,S
2000000035741,1-CAMP-W-00041-SAND-L-PARK,"anubis 00041 (Sand dollar, L, Parka)",anubis 00041,"Sand dollar, L, Parka",SAND,L
2000000035703,1-CAMP-W-00041-REDD-S-PARK,"anubis 00041 (Red, S, Parka)",anubis 00041,"Red, S, Parka",REDD,S
2000000035666,1-CAMP-W-00041-REDD-L-PARK,"anubis 00041 (Red, L, Parka)",anubis 00041,"Red, L, Parka",REDD,L
2000000035628,1-CAMP-W-00041-PINK-S-PARK,"anubis 00041 (Pink, S, Parka)",anubis 00041,"Pink, S, Parka",PINK,S
2000000035581,1-CAMP-W-00041-PINK-L-PARK,"anubis 00041 (Pink, L, Parka)",anubis 00041,"Pink, L, Parka",PINK,L
2000000035543,1-CAMP-W-00041-CHOC-S-PARK,"anubis 00041 (Chocolate, S, Parka)",anubis 00041,"Chocolate, S, Parka",CHOC,S
2000000035536,1-CAMP-W-00041-CHOC-S-NOBR,"anubis 00041 (Chocolate, S, nobrand)",anubis 00041,"Chocolate, S, nobrand",CHOC,S
2000000036779,1-CAMP-W-02038-MGRN-S-NOBR,"croft 02038 (Military green, S, nobrand)",croft 02038,"Military green, S, nobrand",MGRN,S
2000000036731,1-CAMP-W-02038-MGRN-L-NOBR,"croft 02038 (Military green, L, nobrand)",croft 02038,"Military green, L, nobrand",MGRN,L
2000000036595,1-CAMP-W-02038-BEIG-M-NOBR,"croft 02038 (Beige, M, nobrand)",croft 02038,"Beige, M, nobrand",BEIG,M
2000000035505,1-CAMP-W-00041-CHOC-L-PARK,"anubis 00041 (Chocolate, L, Parka)",anubis 00041,"Chocolate, L, Parka",CHOC,L
2000000035772,1-CAMP-W-00041-SAND-S-NOBR,"anubis 00041 (Sand dollar, S, nobrand)",anubis 00041,"Sand dollar, S, nobrand",SAND,S
2000000035734,1-CAMP-W-00041-SAND-L-NOBR,"anubis 00041 (Sand dollar, L, nobrand)",anubis 00041,"Sand dollar, L, nobrand",SAND,L
2000000035697,1-CAMP-W-00041-REDD-S-NOBR,"anubis 00041 (Red, S, nobrand)",anubis 00041,"Red, S, nobrand",REDD,S
2000000035659,1-CAMP-W-00041-REDD-L-NOBR,"anubis 00041 (Red, L, nobrand)",anubis 00041,"Red, L, nobrand",REDD,L
2000000035611,1-CAMP-W-00041-PINK-S-NOBR,"anubis 00041 (Pink, S, nobrand)",anubis 00041,"Pink, S, nobrand",PINK,S
2000000035574,1-CAMP-W-00041-PINK-L-NOBR,"anubis 00041 (Pink, L, nobrand)",anubis 00041,"Pink, L, nobrand",PINK,L
2000000035338,1-CAMP-W-00041-BLCK-L-NOBR,"anubis 00041 (BLACK, L, nobrand)",anubis 00041,"BLACK, L, nobrand",BLCK,L
2000000035529,1-CAMP-W-00041-CHOC-M-PARK,"anubis 00041 (Chocolate, M, Parka)",anubis 00041,"Chocolate, M, Parka",CHOC,M
2000000036762,1-CAMP-W-02038-MGRN-M-PARK,"croft 02038 (Military green, M, Parka)",croft 02038,"Military green, M, Parka",MGRN,M
2000000036724,1-CAMP-W-02038-BLCK-XL-PARK,"croft 02038 (BLACK, XL, Parka)",croft 02038,"BLACK, XL, Parka",BLCK,XL
2000000036601,1-CAMP-W-02038-BEIG-M-PARK,"croft 02038 (Beige, M, Parka)",croft 02038,"Beige, M, Parka",BEIG,M
2000000036618,1-CAMP-W-02038-BEIG-S-NOBR,"croft 02038 (Beige, S, nobrand)",croft 02038,"Beige, S, nobrand",BEIG,S
2000000036656,1-CAMP-W-02038-BLCK-L-NOBR,"croft 02038 (BLACK, L, nobrand)",croft 02038,"BLACK, L, nobrand",BLCK,L
2000000036700,1-CAMP-W-02038-BLCK-S-PARK,"croft 02038 (BLACK, S, Parka)",croft 02038,"BLACK, S, Parka",BLCK,S
2000000036809,1-CAMP-W-02038-MGRN-XL-PARK,"croft 02038 (Military green, XL, Parka)",croft 02038,"Military green, XL, Parka",MGRN,XL
2000000036939,1-CAMP-W-02043-BLCK-S-NOBR,"discord 02043 (S, nobrand)",discord 02043,"S, nobrand",BLCK,S
2000000036892,1-CAMP-W-02043-BLCK-L-NOBR,"discord 02043 (L, nobrand)",discord 02043,"L, nobrand",BLCK,L
2000000037813,1-CAMP-W-02059-DKGR-L-NOBR,"paradoxe 02059 (Dark grey, L, nobrand)",paradoxe 02059,"Dark grey, L, nobrand",DKGR,L
2000000037851,1-CAMP-W-02059-DKGR-S-NOBR,"paradoxe 02059 (Dark grey, S, nobrand)",paradoxe 02059,"Dark grey, S, nobrand",DKGR,S
2000000037899,1-CAMP-W-02059-OFWH-L-NOBR,"paradoxe 02059 (Off white, L, nobrand)",paradoxe 02059,"Off white, L, nobrand",OFWH,L
2000000037950,1-CAMP-W-02059-OFWH-XL-NOBR,"paradoxe 02059 (Off white, XL, nobrand)",paradoxe 02059,"Off white, XL, nobrand",OFWH,XL
2000000042305,1-MTB-DC-R26-22V,producto A (22V),producto A,22V,,
2000000038032,1-CAMP-W-02062-BLCK-S-PUFE,"rogue 02062 (BLACK, S)",rogue 02062,"BLACK, S",BLCK,S
2000000036625,1-CAMP-W-02038-BEIG-S-PARK,"croft 02038 (Beige, S, Parka)",croft 02038,"Beige, S, Parka",BEIG,S
2000000036663,1-CAMP-W-02038-BLCK-L-PARK,"croft 02038 (BLACK, L, Parka)",croft 02038,"BLACK, L, Parka",BLCK,L
2000000036717,1-CAMP-W-02038-BLCK-XL-NOBR,"croft 02038 (BLACK, XL, nobrand)",croft 02038,"BLACK, XL, nobrand",BLCK,XL
2000000036687,1-CAMP-W-02038-BLCK-M-PARK,"croft 02038 (BLACK, M, Parka)",croft 02038,"BLACK, M, Parka",BLCK,M
2000000036946,1-CAMP-W-02043-BLCK-S-PARK,"discord 02043 (S, Parka)",discord 02043,"S, Parka",BLCK,S
2000000036908,1-CAMP-W-02043-BLCK-L-PARK,"discord 02043 (L, Parka)",discord 02043,"L, Parka",BLCK,L
2000000037820,1-CAMP-W-02059-DKGR-L-PARK,"paradoxe 02059 (Dark grey, L, Parka)",paradoxe 02059,"Dark grey, L, Parka",DKGR,L
2000000037868,1-CAMP-W-02059-DKGR-S-PARK,"paradoxe 02059 (Dark grey, S, Parka)",paradoxe 02059,"Dark grey, S, Parka",DKGR,S
2000000037929,1-CAMP-W-02059-OFWH-M-PARK,"paradoxe 02059 (Off white, M, Parka)",paradoxe 02059,"Off white, M, Parka",OFWH,M
2000000037967,1-CAMP-W-02059-OFWH-XL-PARK,"paradoxe 02059 (Off white, XL, Parka)",paradoxe 02059,"Off white, XL, Parka",OFWH,XL
2000000038001,1-CAMP-W-02062-BEIG-XL-PUFE,"rogue 02062 (Beige, XL)",rogue 02062,"Beige, XL",BEIG,XL
2000000037974,1-CAMP-W-02062-BEIG-L-PUFE,"rogue 02062 (Beige, L)",rogue 02062,"Beige, L",BEIG,L
2000000036632,1-CAMP-W-02038-BEIG-XL-NOBR,"croft 02038 (Beige, XL, nobrand)",croft 02038,"Beige, XL, nobrand",BEIG,XL
2000000036670,1-CAMP-W-02038-BLCK-M-NOBR,"croft 02038 (BLACK, M, nobrand)",croft 02038,"BLACK, M, nobrand",BLCK,M
2000000036786,1-CAMP-W-02038-MGRN-S-PARK,"croft 02038 (Military green, S, Parka)",croft 02038,"Military green, S, Parka",MGRN,S
2000000036953,1-CAMP-W-02043-BLCK-XL-NOBR,"discord 02043 (XL, nobrand)",discord 02043,"XL, nobrand",BLCK,XL
2000000036915,1-CAMP-W-02043-BLCK-M-NOBR,"discord 02043 (M, nobrand)",discord 02043,"M, nobrand",BLCK,M
2000000037837,1-CAMP-W-02059-DKGR-M-NOBR,"paradoxe 02059 (Dark grey, M, nobrand)",paradoxe 02059,"Dark grey, M, nobrand",DKGR,M
2000000037875,1-CAMP-W-02059-DKGR-XL-NOBR,"paradoxe 02059 (Dark grey, XL, nobrand)",paradoxe 02059,"Dark grey, XL, nobrand",DKGR,XL
2000000037936,1-CAMP-W-02059-OFWH-S-NOBR,"paradoxe 02059 (Off white, S, nobrand)",paradoxe 02059,"Off white, S, nobrand",OFWH,S
2000000037912,1-CAMP-W-02059-OFWH-M-NOBR,"paradoxe 02059 (Off white, M, nobrand)",paradoxe 02059,"Off white, M, nobrand",OFWH,M
2000000038018,1-CAMP-W-02062-BLCK-L-PUFE,"rogue 02062 (BLACK, L)",rogue 02062,"BLACK, L",BLCK,L
2000000037998,1-CAMP-W-02062-BEIG-S-PUFE,"rogue 02062 (Beige, S)",rogue 02062,"Beige, S",BEIG,S
2000000036649,1-CAMP-W-02038-BEIG-XL-PARK,"croft 02038 (Beige, XL, Parka)",croft 02038,"Beige, XL, Parka",BEIG,XL
2000000036694,1-CAMP-W-02038-BLCK-S-NOBR,"croft 02038 (BLACK, S, nobrand)",croft 02038,"BLACK, S, nobrand",BLCK,S
2000000036793,1-CAMP-W-02038-MGRN-XL-NOBR,"croft 02038 (Military green, XL, nobrand)",croft 02038,"Military green, XL, nobrand",MGRN,XL
2000000036922,1-CAMP-W-02043-BLCK-M-PARK,"discord 02043 (M, Parka)",discord 02043,"M, Parka",BLCK,M
2000000036960,1-CAMP-W-02043-BLCK-XL-PARK,"discord 02043 (XL, Parka)",discord 02043,"XL, Parka",BLCK,XL
2000000037905,1-CAMP-W-02059-OFWH-L-PARK,"paradoxe 02059 (Off white, L, Parka)",paradoxe 02059,"Off white, L, Parka",OFWH,L
2000000037844,1-CAMP-W-02059-DKGR-M-PARK,"paradoxe 02059 (Dark grey, M, Parka)",paradoxe 02059,"Dark grey, M, Parka",DKGR,M
2000000037882,1-CAMP-W-02059-DKGR-XL-PARK,"paradoxe 02059 (Dark grey, XL, Parka)",paradoxe 02059,"Dark grey, XL, Parka",DKGR,XL
2000000037943,1-CAMP-W-02059-OFWH-S-PARK,"paradoxe 02059 (Off white, S, Parka)",paradoxe 02059,"Off white, S, Parka",OFWH,S
2000000042299,1-MTB-DC-R26-21V,producto A (21V),producto A,21V,,
2000000038025,1-CAMP-W-02062-BLCK-M-PUFE,"rogue 02062 (BLACK, M)",rogue 02062,"BLACK, M",BLCK,M
2000000038049,1-CAMP-W-02062-BLCK-XL-PUFE,"rogue 02062 (BLACK, XL)",rogue 02062,"BLACK, XL",BLCK,XL
2000000037981,1-CAMP-W-02062-BEIG-M-PUFE,"rogue 02062 (Beige, M)",rogue 02062,"Beige, M",BEIG,M
